-2.267309,-5.104438,-7.833828,0.832162,1.329114,-2.869667
-19.613300,-19.613300,19.612701,0.124437,-4.365720,1.051993
-15.401900,4.259284,2.686294,-4.124438,4.208640,0.158411
14.209586,13.421894,8.224082,2.177530,2.976385,0.140958
3.277662,-2.001553,7.271190,-1.522699,-4.365720,-0.593411
-19.574993,6.045359,-1.920150,0.796189,-4.365720,-1.139659
-19.613300,-7.709330,8.961496,2.898977,-2.471705,-0.963661
-6.938397,0.785298,-0.691925,-0.341738,-0.608866,-1.187623
-14.779407,4.230554,-2.509124,1.689638,-4.365720,-0.383439
-19.613300,2.829946,-2.729390,1.062119,-1.961563,0.015454
-14.719552,2.928108,-6.406884,1.500982,-1.018419,-0.173333
-10.031705,2.085349,-8.489840,2.503148,-0.678946,-0.152416
-4.807557,-0.201113,-7.584831,4.040636,-0.937681,0.034906
-7.000646,-5.504270,-1.771710,3.526763,-1.337241,0.024514
-5.650316,-5.056554,-2.738967,2.032708,0.624721,-0.074209
-2.260127,-5.363012,-0.509965,1.037471,1.503381,-0.200912
-0.696713,-2.111686,1.043871,-0.423142,1.461146,-0.204376
-0.474052,2.284068,2.126051,-1.028678,1.817939,-0.342537
-0.986412,5.221753,1.915361,-1.879625,1.994604,-0.252206
-5.647922,4.905719,3.280056,-2.346734,2.110915,0.338274
-19.613300,6.378153,-0.890644,1.639809,-1.099157,0.034107
-19.613300,3.394977,5.542576,-2.561503,4.365587,0.045831
-0.624887,7.520187,2.183511,1.048129,4.365587,-0.571162
-19.457678,2.868253,5.446808,-0.809779,-3.009026,0.748492
-19.613300,11.468225,2.738966,1.882956,3.958699,0.995103
-12.009316,7.311891,1.503558,1.725877,4.081404,0.984578
-8.200141,1.355118,2.123656,2.809313,1.933984,0.484028
-5.511453,-4.228161,5.643133,1.474869,1.635679,0.267528
0.457292,0.545877,3.794809,-0.078606,-0.645771,0.136695
3.655945,6.505045,-2.193089,2.593878,-1.720547,-0.261399
1.163582,1.386242,-2.398991,4.365587,-2.231622,-0.268860
-0.641647,-1.213861,-0.758962,4.365587,-1.844186,-0.031442
-4.247314,-5.312734,-1.577779,4.365587,-1.995137,0.066615
-13.845669,-7.448362,-5.341464,3.191420,-0.828298,-0.383039
-10.326192,4.876988,0.222660,3.863971,4.365587,0.245545
-3.332729,1.489193,-6.967127,1.904406,2.821837,-0.400759
-19.613300,6.715735,18.002003,-0.959797,-4.365720,0.979782
-19.613300,0.342370,1.563413,1.384005,2.542051,0.763548
3.485957,-0.873884,2.671929,2.947607,3.068448,1.251307
1.572990,-7.433997,1.197100,0.763015,-3.328382,0.704260
-18.997992,-4.841076,-4.850653,0.349199,-4.365720,0.051160
-19.613300,-11.906365,2.513911,-0.019718,-0.844552,-0.208107
-7.134721,4.027047,-2.633622,-1.961163,-2.462645,0.059554
-9.986216,-4.096480,-4.675876,3.030210,1.255837,1.349099
-4.271256,-3.742138,-3.083732,2.437465,2.572161,1.915998
-1.965640,-6.033389,-0.421380,1.862705,2.348200,0.976851
-19.613300,3.119644,-0.347160,-2.329814,3.993072,0.000399
-4.848259,-1.659182,6.212953,-4.365720,-0.082736,-1.169503
-13.385982,2.035071,-11.872847,-0.467375,-1.515771,-0.321087
-12.904747,-3.711013,-14.156915,-1.330713,3.317457,-0.026246
-17.377115,-6.766014,19.612701,-2.802651,-4.365720,-0.085267
9.021351,3.052607,7.479485,-3.186890,-4.365720,-0.466708
-12.777855,-1.060632,-5.152322,-0.088598,-0.666688,0.098324
-3.531448,-3.916914,-9.023747,-0.151350,0.380774,-0.816174
-4.601656,0.701501,-0.608128,-1.723079,2.110515,-1.077041
-19.613300,19.612701,2.499546,-1.472871,4.365587,-0.536788
2.466027,1.680729,4.091690,-2.947607,0.844019,0.573160
-19.613300,-18.461691,3.529053,3.809080,-4.365720,-1.566266
-19.613300,-6.926426,4.395754,-2.681011,4.365587,1.062252
-1.781287,-1.180342,5.597643,-1.586916,0.478033,-0.024381
-19.613300,-3.186683,-9.801862,4.365587,3.781368,-1.270892
-19.613300,-2.291251,-0.284910,3.808813,-1.923059,0.386903
-5.147534,-4.632781,-3.658341,1.666988,-1.806615,-0.645371
-15.796943,-0.045490,0.677559,3.914333,-2.932818,0.331346
-6.445191,-1.043872,-9.172187,3.019019,0.056756,0.149751
-11.523293,-0.416592,0.169988,2.275322,3.296539,0.338274
-4.163517,-1.197101,-3.157952,3.625887,-3.802951,-0.092995
10.223241,9.373299,17.513584,2.613729,4.365587,-0.703860
-16.474503,-7.694965,-4.122816,-4.178796,-4.365720,0.622722
-19.613300,-6.976704,-9.370906,-1.366952,4.365587,-0.269260
9.452308,5.849034,19.612701,4.365587,4.365587,-0.722246
12.155361,0.014365,9.962273,0.138693,-3.064051,1.272091
-16.177622,6.045359,1.355118,2.236952,-4.365720,2.151550
-19.613300,-6.732496,5.092466,4.365587,-2.168870,0.236885
-7.144298,-4.082114,-4.400543,2.340739,-1.800486,-0.283516
-13.998898,0.768538,-8.319851,2.427472,-0.581554,-0.056756
-8.221689,0.591367,-6.758832,3.113613,0.725976,0.170269
-4.627992,0.438138,-7.321469,3.630150,0.571162,0.356793
-3.847483,-1.589750,-5.662287,4.020251,0.788329,0.498817
-3.459622,-3.797204,-1.010354,3.437898,1.713753,0.266329
-1.300052,-0.931345,3.835511,1.185891,2.598674,-0.181194
-2.317588,2.669534,4.517858,-1.507111,2.752290,-0.305232
-10.002975,3.390189,1.309628,-2.478633,2.566832,0.205442
-19.613300,0.426167,5.226542,0.975252,1.011358,2.416814
-7.575255,0.598550,-4.592079,1.244246,-0.306831,0.600872
-19.613300,2.370259,2.894589,0.843886,2.613063,1.150717
-13.974956,-2.351107,1.225831,1.027212,3.495853,0.926223
-11.688493,-8.556877,4.936843,-1.373880,3.296273,0.904373
-4.692636,4.266467,0.600944,-2.228425,0.532125,0.351730
-0.991200,5.470750,-5.137957,0.805649,0.382773,-0.344935
3.043030,5.635950,-7.649475,1.077174,-0.646571,-0.690803
2.190694,4.139574,-5.995081,1.615295,-1.665390,-0.942077
0.814028,2.588131,-5.935226,1.566932,-1.945708,-0.784731
-4.180277,-0.299276,0.859518,2.141558,-1.183759,0.379842
-2.078168,1.383848,11.726799,2.274523,-0.323485,0.529061
3.363853,4.469974,15.267823,2.780135,-0.674416,0.472970
-6.308722,-1.958457,-8.832210,0.529194,-2.135030,-0.642307
-15.078683,-10.807427,7.675810,4.134697,-3.203411,0.613396
-19.613300,-4.888960,-2.427721,1.218932,-4.365720,0.472837
-19.613300,-0.356737,-6.124368,1.766779,-2.859008,0.095260
-15.950172,-2.487576,-9.358935,1.773174,-1.737335,-0.162142
-7.876924,-1.623269,-6.004658,1.848982,-0.407154,0.138960
-6.495470,-1.640029,-4.199430,0.677214,-0.006528,0.581953
-3.684677,-0.821212,-5.422867,0.267528,1.456217,0.556640
-1.055843,0.624886,1.072602,-0.043300,1.941978,0.434333
-0.347160,2.892195,0.775721,-0.958865,2.320887,0.475502
-19.613300,-1.793258,-0.861913,-0.799920,0.662025,0.821503
-19.613300,-2.094927,6.062118,-4.254205,4.365587,1.277154
-19.613300,2.135627,-0.390255,0.411817,1.616494,0.983779
-8.058883,-7.422026,2.772485,0.834293,3.307997,-1.045332
-4.299987,-7.615956,6.845022,-4.365720,2.140759,-1.119675
1.714248,0.691924,3.593696,-4.365720,0.196116,-0.739966
2.027888,2.832340,-0.849942,-2.064151,-1.239316,-0.344269
5.612008,6.622361,-0.306458,1.027878,-1.744263,-0.056756
5.068524,5.480327,-0.210690,1.826733,-2.844886,0.025447
-9.414001,4.884171,-10.285491,0.423542,-4.365720,-0.142290
-19.613300,10.029310,-8.458715,0.643506,3.074576,-0.427538
3.435679,6.131550,11.865663,1.211871,4.365587,-1.442227
-0.397438,-3.907338,4.199429,1.345235,-3.851581,-1.937981
-19.613300,-16.771383,8.968679,-0.422476,-4.194518,1.367351
-0.675165,-6.517017,7.534552,1.475668,4.365587,-0.881457
19.612701,-6.603209,12.155361,0.456849,-2.903374,-0.029044
-19.457678,-3.119645,4.716577,-1.919062,-4.365720,0.736635
-18.983625,11.860875,-1.003171,0.591813,-4.365720,-0.229957
-19.613300,5.724536,-5.073314,1.529894,-2.562702,-0.374379
-16.002844,4.812345,-7.929596,1.753056,-1.069180,-0.450055
-9.224859,0.804451,-7.481881,2.668354,-0.647237,-0.430336
-6.256049,-1.072603,-6.399702,2.668621,0.004130,-0.293641
-3.684677,-2.082956,-5.669470,2.647304,0.920227,-0.169470
-0.952893,-2.154782,-1.642423,2.585351,1.641408,-0.064750
-0.292093,-0.268151,0.009576,1.027612,1.292475,0.026513
-1.652000,0.787692,2.755726,0.567298,1.431969,-0.107650
-2.990358,-0.043096,2.554613,-1.706158,2.226426,-0.229424
-7.539342,-0.586580,1.089361,-2.678480,2.218033,-0.254205
-19.613300,-1.793258,1.443703,-0.175998,1.235453,-0.727442
-19.613300,-2.080562,3.948038,-4.365720,4.365587,-0.099656
-1.891420,10.687716,-1.019930,-1.388402,3.787763,-0.473503
-19.613300,2.813186,0.907402,-1.489524,-1.740665,0.440995
-19.613300,12.528857,3.572148,-0.450454,4.119509,1.182826
-9.114726,5.896918,1.350329,3.174233,3.462013,0.336009
-7.953538,-5.777209,4.043806,2.981448,2.451587,-0.014788
-2.624046,-4.017471,5.015852,-0.976318,-0.137228,-0.089797
-2.003947,0.442927,4.252102,-0.882790,-0.373846,-0.225293
1.642422,5.183446,-1.005565,1.166439,-1.306332,-0.666822
3.892971,1.340752,-1.623269,3.936849,-1.475002,-0.631515
3.009511,-1.240197,-1.321600,4.168937,-2.101322,-0.286846
1.271321,-0.806846,-1.412579,3.923392,-2.377644,-0.158012
-6.866571,-0.167595,-8.863335,2.611731,-2.836092,-0.083535
-19.613300,0.735019,-15.672445,2.525264,1.121140,-0.682543
-11.417948,6.260837,3.957615,1.519102,4.365587,-0.753422
-6.500258,2.803610,13.529633,1.480731,0.996303,-1.429704
-19.613300,-16.177622,7.338228,-3.850248,-1.450354,-0.204509
0.979228,5.995080,12.409147,1.212936,4.365587,-0.361589
15.622165,2.796427,13.709198,2.640376,0.799254,0.267128
-0.134076,3.878606,2.276885,-0.798587,-4.365720,1.303134
-19.613300,3.792415,4.338293,4.365587,-4.365720,0.019584
-19.613300,-9.801862,2.214636,2.493422,-0.531192,-1.155780
-3.928885,-4.747702,-3.205837,2.868734,-0.023848,-0.904773
-8.176199,-0.213084,-3.126828,2.206042,-4.365720,0.459647
-19.613300,2.614468,-2.284069,4.365587,-3.055791,0.138027
-9.318233,-0.181960,-2.473211,4.081937,-1.421843,-0.266862
-10.211271,-0.325612,-5.374983,3.141592,-2.477967,-0.298704
-8.702924,-2.011130,-5.566519,3.015821,-0.307897,-0.127102
-4.529830,-1.065420,-7.678205,3.831596,0.159078,0.171601
-4.426879,-3.134010,-4.532224,4.162143,0.502814,0.399693
-4.201824,-3.825935,-2.717419,3.282817,1.589181,0.052493
-3.421315,-1.472435,0.885854,2.431336,2.083869,-0.296306
-2.664747,2.195482,2.126051,0.678546,2.987976,-0.648836
-18.425776,0.284909,4.747701,-0.540785,1.892016,-0.866269
-19.613300,-11.611879,5.899312,-2.027112,4.365587,0.585551
-0.689531,7.668627,4.800374,-2.632915,4.365587,-0.367984
-12.677298,3.438073,-4.699818,-1.082903,-1.304600,0.291376
-19.613300,12.713210,1.357512,0.731972,3.845052,1.798221
-19.414581,9.050082,2.578555,2.234553,4.365587,1.047064
-13.421895,-5.750873,10.213664,2.105985,4.365587,0.257935
-0.186748,-2.240973,6.430825,-1.763581,0.738633,1.160710
2.410961,4.254496,3.521870,0.057422,0.441128,0.788329
5.995080,3.392583,-0.385467,2.387103,-1.048796,-0.011457
3.562572,1.429338,-2.643199,4.365587,-2.099990,-0.408753
2.358288,-0.304064,-2.643199,4.365587,-1.585984,-0.276854
-0.079009,0.028730,-5.889737,3.918463,-1.907737,0.208107
-8.528147,-1.898602,-8.604761,2.775605,-0.487493,0.583819
-11.695676,7.151480,-3.684677,1.284482,2.621324,0.256336
-19.613300,-13.390770,19.612701,3.720481,0.916630,-2.508344
-19.613300,1.857900,4.898536,1.404390,-2.398961,-0.966858
-2.128446,1.029506,-0.826000,2.175399,4.365587,0.562102
5.444414,-0.742203,16.747440,3.401659,-2.211371,0.950205
-9.763555,3.739742,7.271190,2.327149,-4.365720,1.601972
-16.953342,-3.076550,3.584119,4.365587,-1.988742,0.494554
-19.500772,-11.975797,7.453149,2.593212,-3.358758,0.202777
-15.763424,-4.465187,-4.261679,4.365587,-2.861806,0.132165
-13.852851,-5.262456,-3.871425,1.808613,-0.452986,-0.317090
-8.829816,-3.107674,-6.533777,1.182560,0.934217,-0.070346
-5.540183,1.975216,-11.702858,1.131399,1.327116,0.132698
-4.367024,3.821145,-12.548011,2.170203,1.198814,0.581687
-5.631163,-1.015142,-4.182671,2.830097,1.771975,0.856543
-3.445257,-4.316746,6.813897,3.034340,3.645605,0.501082
-18.885464,-4.903325,6.969521,-0.895313,1.556806,-0.382773
-19.613300,9.124302,-0.816423,1.205076,1.169903,2.163008
-19.613300,1.175553,0.567425,1.834060,4.365587,1.354295
-3.294422,-4.252103,4.098873,-2.774406,2.174200,0.007061
1.338358,-0.129287,2.973598,-2.734037,0.423275,-0.045565
4.127603,6.387730,-0.203508,-0.736901,-0.811911,-0.021716
6.540958,2.051830,0.823605,1.033740,-1.243979,-0.053958
7.386112,3.672705,-1.477223,2.017120,-2.289311,-0.023448
5.202600,4.383783,0.284909,3.293742,-3.132931,0.150684
-0.277728,3.064578,-0.727838,2.560837,-3.710622,0.484162
-15.365987,6.112396,-15.538369,0.984978,-1.238517,0.404223
-19.048269,11.994950,-2.868254,0.920361,3.015288,-0.828431
-6.294357,-12.073959,19.612701,3.364621,-1.211604,-2.526063
-17.786526,10.438719,-7.975086,-0.724378,-3.814942,-0.246877
-1.063026,-0.026337,-1.012748,0.889318,1.857776,-0.010791
-0.318429,0.634463,-4.639963,2.640109,-3.877028,0.182659
-9.188946,0.359130,-6.904878,2.875129,-2.460913,-0.483762
-19.613300,1.843535,-1.082180,-2.312893,1.775439,0.303500
-19.613300,5.489904,5.078101,2.194184,4.246345,-0.272857
-2.530672,7.841010,11.839327,0.238217,-3.943510,0.050361
-19.613300,-2.006341,-4.505888,2.612530,-2.108783,0.296839
-8.180988,0.667982,-5.149928,2.803584,0.517070,0.169869
-3.052608,-3.181895,0.383072,3.138127,2.053892,-0.312160
-4.996699,5.877765,3.354276,-0.689737,2.965327,-0.648702
-17.676392,2.940079,-3.770868,1.200546,-0.913832,0.497085
-19.613300,8.037334,0.098162,1.385604,4.365587,1.264763
-19.457678,5.181052,1.362300,2.119175,4.365587,1.073843
-16.285360,-7.022194,3.639186,1.346301,4.137362,0.632048
-10.113108,-12.112267,6.023811,-1.698831,4.289911,0.646571
2.873041,8.444349,-2.880225,1.586783,-0.185591,-0.224494
-2.051831,0.967257,2.794033,3.350365,-2.373114,0.882390
-15.234306,-4.728549,10.931924,2.901376,3.185558,-1.566266
5.027823,-4.319140,8.846575,1.810878,-3.273757,0.515604
-19.613300,-0.524331,0.205901,2.634647,-1.388402,0.949272
-12.854469,-1.783681,0.150834,3.076042,-2.838490,0.037571
-19.613300,-7.201759,-5.786786,4.365587,-4.365720,0.394097
-19.613300,-11.061212,-7.414843,4.007195,-1.724678,0.065949
-14.654909,-4.639963,-7.975086,1.633148,-0.931552,-0.133364
-6.186618,-5.166688,-8.044518,0.199846,1.018152,0.177197
-2.559402,1.290474,-6.349423,0.278586,2.028711,0.319754
-0.100557,3.646369,-1.400608,0.652300,2.511808,0.325084
-4.934450,4.860229,8.214505,-2.236019,2.007394,0.760883
-12.203246,9.270348,-1.716643,-3.792559,4.365587,1.318056
-16.409859,4.149151,-2.504335,0.423675,-1.223195,2.616927
-17.128119,-4.975152,2.224213,1.367618,4.365587,0.742764
-7.864953,-7.122750,1.498770,-1.789161,2.714452,0.482430
3.239354,-1.455675,1.491587,-3.156247,0.861872,0.593278
6.241683,1.795651,1.187524,-1.428638,-1.177897,0.191852
6.145915,6.524199,-1.223438,-0.235286,-2.629451,-0.393831
3.198653,7.036558,-1.699884,1.328981,-3.379409,-0.425540
-0.268151,5.547365,-2.178724,3.001033,-2.929754,-0.076741
-5.908890,5.166687,-1.640029,3.339040,-2.468241,0.131499
-7.860165,8.336610,5.090072,3.344769,0.775672,-0.301768
-4.807557,7.084442,-6.253655,-0.403424,0.344269,-0.796989
-19.613300,-19.613300,15.327679,4.365587,-0.091929,-2.625454
-19.613300,-17.092205,-4.888960,2.676481,0.190787,-0.362388
4.015076,-2.205060,11.899182,2.570696,2.358991,0.480298
4.151545,-7.560889,6.979097,-0.574359,-4.365720,0.497885
-19.613300,-1.283293,3.213018,-0.454185,-4.365720,0.165872
-19.613300,-5.765238,-0.533907,1.905739,-2.798521,-0.070879
-19.613300,1.058237,-4.091691,0.464710,-4.272991,0.356127
-19.613300,5.731718,-7.692570,1.362289,-3.814809,0.062218
-17.865534,1.666364,-8.415619,2.969057,-3.080572,-0.546780
-13.053188,-1.905785,-5.760450,2.029777,-1.992206,-0.400093
-7.524976,-0.871490,-5.731719,2.350997,-0.665889,-0.049961
-4.434062,-4.378995,-6.473922,2.470906,-0.136961,0.204776
-2.932898,-7.333440,-6.883330,1.877094,0.112180,0.198114
-2.042255,-3.833117,-6.052542,0.388635,0.246477,-0.034107
-1.814805,1.491587,-3.708619,-0.445125,0.784598,-0.092995
-0.921768,4.309562,0.210689,-0.638044,1.726676,-0.311761
-3.773262,4.972756,1.436520,-1.407987,1.489791,-0.322286
-4.994305,5.609614,2.554613,-1.620224,3.294541,0.220630
-6.861782,2.434903,-1.132458,-0.203177,3.528495,0.813776
-19.613300,-5.571308,3.289633,3.740466,-0.180395,0.626453
-19.613300,-2.092533,3.895366,-4.365720,4.365587,-0.497085
-9.095573,2.568978,-2.257733,0.191852,2.859408,-1.313526
-19.613300,-2.056620,7.347804,-3.084702,1.162309,1.147786
-19.613300,8.133103,1.367089,-0.443926,4.365587,0.669753
-12.176910,2.870647,0.289698,0.611264,4.365587,-0.190120
-7.280768,-3.258509,2.171540,0.041434,2.595077,-0.504280
-3.354277,-2.418144,2.169146,-0.516937,1.872564,-0.498417
-1.278504,-0.651223,3.210624,-1.011757,0.581287,-0.121640
1.144428,3.919308,5.080495,-0.913299,-0.421543,-0.150418
3.605667,10.783484,1.115697,2.148220,-1.247710,-0.335742
6.296750,3.040636,2.039859,4.365587,-1.010425,0.044099
5.358223,-1.671153,2.269703,4.365587,-2.579889,0.522399
0.040701,-4.601656,-0.112528,3.349299,-2.774140,0.654298
-11.647792,-6.416461,-13.831303,0.660160,-3.050861,0.235952
-19.613300,2.815581,-13.769054,3.433634,3.049928,-0.728641
-1.357513,2.961627,16.294935,1.563601,4.365587,-0.853479
3.993528,16.488867,5.688623,0.260999,-3.008893,-0.208773
-19.613300,-19.613300,1.721430,4.176931,-4.365720,0.789927
8.257601,6.495469,19.612701,-1.500716,4.365587,-1.024148
19.612701,13.601459,13.326126,-1.169770,-1.108883,0.784065
2.291250,5.571307,3.775656,-0.438863,-4.365720,1.065982
-19.613300,10.433930,2.434903,4.365587,-4.365720,-0.541851
-19.613300,-17.386692,8.702923,2.459847,-0.792992,-0.808846
-2.535460,-5.729325,-8.959103,1.265962,1.722946,-0.688405
-6.603209,-0.131682,-2.059014,1.407054,-4.365720,0.535989
-19.613300,0.397437,-3.086126,1.835393,-3.220331,0.322019
-11.796232,-1.726220,-3.627216,1.612364,-1.075442,0.091130
-9.428367,-1.151611,-7.508217,2.215901,-1.832728,-0.188255
-6.926426,0.943315,-4.328717,2.308630,-0.740099,-0.314692
-5.123592,0.895431,-6.373365,2.664491,-0.850814,-0.342537
-4.692636,-1.077391,-2.849100,3.630284,0.510142,-0.233554
-1.860295,-1.934515,-2.008736,2.017520,1.411051,0.034240
-2.585738,0.804451,-0.778116,1.380808,1.194417,-0.061952
-2.686295,1.702277,1.041477,0.734503,2.109050,-0.334410
-2.195483,3.720589,2.913743,-0.455517,2.655164,-0.290577
-7.426814,3.143586,-0.284910,-0.634846,2.868201,0.043033
-19.613300,1.948880,-1.908179,3.435899,-0.886254,-0.059687
-19.613300,-4.819528,3.457227,-1.781168,4.365587,-0.486293
-5.623980,2.755726,-6.766014,0.548113,3.965493,-0.853079
-19.613300,3.998316,2.073378,0.457649,-1.627952,0.831629
-19.613300,6.928819,0.524330,0.422476,4.365587,0.812577
-9.737219,4.994304,0.129286,1.176165,3.650801,0.700396
-10.065224,-1.872266,4.577713,1.908803,2.275589,0.643107
-5.406108,-6.497864,5.820304,1.291943,2.334743,0.480165
-2.049437,0.749385,3.727771,-0.561836,0.118709,0.850681
-2.535460,5.075707,1.980004,1.413050,0.138560,0.852679
1.845929,3.232172,2.087743,1.660593,-0.279652,0.535056
4.472368,2.138022,0.828393,2.927089,-1.514838,0.344535
3.014299,-1.058238,-0.526725,3.785098,-2.554042,0.144022
0.371101,-3.730167,-2.310405,4.365587,-2.732039,0.145888
-9.342175,-8.710106,-9.674969,3.520634,-3.246711,-0.153615
-19.613300,0.833182,-18.303673,3.733405,2.693002,-0.649901
-10.517728,6.457161,6.840234,1.543750,4.365587,-0.485627
-19.613300,-16.311695,19.612701,0.979116,-4.365720,0.113512
-19.613300,0.057460,0.955286,-3.121340,3.758452,0.027712
9.449913,10.826579,2.073378,2.418546,4.365587,-0.155880
5.370194,-4.941633,16.637306,2.684342,-3.642141,1.189355
-16.627731,4.374206,0.531512,1.707491,-4.365720,1.939846
-19.613300,-1.441310,3.497928,4.365587,-1.072244,-0.054225
-18.930952,-12.785037,1.242590,3.497186,-1.812344,-0.734370
-10.776302,-12.500127,-1.151611,4.203444,-1.740932,0.069013
-13.733141,-3.445257,-2.535460,2.292775,-3.723545,0.907704
-13.725959,-4.027048,-5.774815,2.278386,-1.852446,-0.281117
-14.271837,-3.861848,-5.109227,1.418912,0.005995,-0.261932
-8.044518,-0.651223,-8.054095,0.630183,1.134064,-0.113912
-5.125986,1.228225,-11.374853,1.416780,0.823768,-0.279652
-3.004724,-0.644041,-9.093178,1.478067,1.159777,-0.346934
-2.679112,2.724601,-3.330335,0.943809,1.301136,-0.179329
-3.294422,3.842693,5.025429,1.353629,1.374812,-0.418346
-3.708619,5.734112,3.799598,0.284848,2.492089,-0.109782
-6.830658,7.426813,1.903390,0.242081,2.830097,0.541984
-19.613300,-1.137246,0.751779,1.185624,2.078673,0.444326
-19.613300,-8.564060,5.324704,-1.407454,4.365587,2.126636
-9.732430,0.770932,-0.603339,-0.332944,4.365587,1.178563
-19.613300,4.149151,1.831564,1.470073,4.365587,2.379509
-17.439365,2.521094,1.015141,1.694434,4.365587,2.118909
-12.445061,-5.157111,2.734178,1.051993,2.845685,1.374946
-10.338163,-8.791509,2.202665,-0.119241,3.078973,1.191619
-3.555390,-5.576096,2.217030,-2.058422,2.593212,1.309263
1.359906,-1.189919,1.333570,-2.282117,0.229024,0.916231
4.812345,4.802768,-1.628058,-0.878260,-1.001632,0.676414
0.902614,1.908178,-5.149928,2.956667,-3.446158,0.656296
-10.884041,-0.146047,-6.224925,2.927755,-2.445059,0.792326
-12.777855,12.243947,0.167594,2.782667,2.402958,0.953935
4.635174,-5.588067,9.504980,4.365587,2.102255,0.238350
-3.720590,3.969586,6.174646,3.278020,-3.731939,-1.051727
-19.613300,-3.785233,8.868122,4.365587,-4.365720,-1.270492
-19.613300,1.637633,-3.507506,-0.160410,-3.502115,0.307231
-19.613300,7.266402,-8.327034,0.519601,-3.014089,-0.018119
-18.356344,2.358288,-11.499351,1.361090,-2.306099,-0.559704
1.534683,2.334346,-0.881067,4.193718,-3.757519,0.275788
-19.613300,-8.944738,12.988544,0.705858,4.365587,0.927422
-8.475474,2.432508,-6.940791,-1.053592,-3.973887,0.235153
-3.967193,-6.011841,-4.089297,2.802918,0.070479,0.306431
-10.091560,-0.809241,1.857900,2.471572,2.913633,0.268061
-5.037401,-2.896985,-1.496377,2.673550,-2.576158,0.429537
-10.615891,-0.397438,-7.273585,1.945708,-0.457249,-0.201845
-5.334282,-0.588974,-4.235343,3.539553,-0.850281,0.245278
-6.627151,-0.854730,-1.549049,3.252973,0.340538,0.343603
-19.613300,6.016628,0.993593,0.922892,-2.790794,1.519901
-9.210494,-5.202601,9.540893,4.365587,3.577258,-0.676548
-14.585477,-5.619192,6.157886,1.744396,1.313659,0.945142
-17.120937,-2.686295,4.005499,1.930786,-2.096126,1.225727
-12.035652,-1.338359,-0.126893,3.034074,-2.073877,0.691469
-17.870321,-3.730167,1.371877,2.721780,-3.551144,0.264463
-19.381063,-2.896985,-4.584897,3.448956,-2.558971,0.402091
-17.049110,-3.502718,-6.356606,3.902208,-3.553276,0.006928
-13.424289,-3.643975,-8.111556,2.315158,-0.581154,-0.104719
-1.802834,-0.991200,-7.043742,2.424674,1.069047,0.165206
-3.105280,3.548206,1.228225,0.676947,1.526696,-0.200646
-8.796297,5.410895,2.537853,-0.452453,2.773607,0.216234
-19.613300,1.209071,17.415422,-0.154414,4.365587,1.792492
-1.242591,2.810792,1.826775,-3.578457,1.158845,0.844685
3.086125,8.157045,-3.462016,-0.429404,-0.680145,-0.033041
6.033388,5.748478,-3.327941,1.586384,-1.740799,-0.375445
5.882553,5.339069,-4.771644,2.283982,-2.902974,-0.321486
2.947262,4.592078,-2.674324,2.862206,-3.404057,-0.044898
-5.425261,2.877830,0.282515,2.904307,-3.260567,0.443793
-7.931991,3.066972,-7.218519,3.520768,-0.359857,-1.100090
-19.613300,-1.685518,19.455282,4.365587,-4.365720,-0.811378
-19.613300,-10.800244,-0.955287,1.856843,2.602272,0.311761
7.673416,-3.825935,5.827486,3.064584,1.415315,1.154581
0.064643,-8.250419,8.346186,-0.241548,-4.365720,0.492689
-18.914194,-4.611233,4.168305,-0.885188,-1.311927,0.348666
-12.562377,5.228936,-2.370260,-0.340938,-4.365720,-0.081937
-19.613300,10.283096,-4.814740,2.291710,-4.365720,-0.146687
-19.613300,1.276109,-6.359000,2.694734,-3.141858,-0.579555
-17.808071,1.802833,-11.245566,1.326849,-0.456583,-0.302568
-8.877700,-0.356737,-10.611102,2.070546,0.332944,0.006261
-6.502652,-3.440468,-8.200141,2.474636,0.206508,0.260200
-3.938462,-5.099650,-6.885724,2.056423,1.671652,0.367718
-0.124499,-4.256891,-5.576096,0.928088,1.840722,0.291909
-0.181960,-2.971205,-1.546655,-0.157878,1.228391,0.178796
-0.574609,-1.996765,3.627215,-0.659494,1.546281,0.038237
-1.266533,0.076614,2.075772,-2.003797,2.313959,-0.219831
-5.475540,1.711854,0.316034,-2.653033,1.755720,-0.127102
-19.613300,-2.044649,0.110133,-1.239716,2.248276,-0.781534
-11.116279,7.678204,-2.559402,-4.211838,4.365587,-0.226359
-10.917560,2.334346,-5.722142,-1.132332,1.649269,-0.172401
-19.613300,2.964021,0.588973,-1.408786,1.998068,0.691603
-10.781091,0.632069,1.441309,0.172267,3.246311,-0.070745
-5.858612,-6.416461,3.339911,-0.714252,2.073077,-0.564500
-2.892196,-3.402161,3.368641,-1.380941,0.831895,-0.408620
-0.821212,1.213860,4.568136,-1.596509,0.178529,-0.120840
2.375048,9.947907,-0.778116,1.368551,-1.189887,-0.162408
4.723759,1.436520,-0.493206,3.537022,-2.322886,-0.177996
1.656787,1.213860,-2.418144,3.691570,-2.850481,0.094993
-13.314156,7.292738,4.048595,1.940246,4.365587,-0.302168
11.142614,-3.327941,19.612701,4.191587,2.804117,-1.661393
-19.613300,-19.613300,2.164358,0.432868,-2.149952,2.115578
-1.089362,0.201112,17.439363,1.437431,4.365587,-0.450854
-19.613300,4.067748,-1.312023,0.826433,-4.365720,0.486427
-19.613300,-9.991004,5.774814,3.333977,-2.197115,-0.117909
-8.214506,-5.243302,-4.493917,-0.074476,-0.425673,-1.017486
-8.192959,1.802833,-2.214637,1.396796,-4.365720,0.044232
-19.613300,3.493140,-0.696713,2.730307,-4.365720,0.104986
-16.156073,2.542642,-2.365472,2.582020,-2.628651,-0.258202
-14.664486,-0.167595,-7.139510,2.592013,-2.750025,-0.379176
-12.200852,-1.742979,-7.287950,2.501549,-0.603137,-0.148153
-5.487511,0.735019,-9.476251,2.771742,0.725577,0.366918
-2.753332,-1.395820,-5.872977,3.634281,0.668021,0.555440
-1.151611,-3.715801,-2.396596,2.781201,1.647270,0.505878
-1.261745,-2.674324,0.390254,1.811944,1.370016,0.085800
-3.471593,0.521935,3.885789,-0.082470,1.787696,-0.340938
-4.017471,2.030283,2.712630,-2.643040,2.979849,-0.414082
-11.552024,2.964021,-1.812411,-0.994171,3.046598,-0.171601
-19.613300,-3.002329,4.776432,2.796523,0.937681,0.473636
-7.589620,3.464409,-0.007183,-3.536089,4.365587,-0.127635
-8.980651,4.596867,-2.212243,1.001898,0.763548,-0.725843
-19.613300,1.228225,2.121262,-0.583286,1.817007,0.593012
-19.613300,5.152321,1.774103,0.038770,4.365587,0.515338
-13.345281,4.510675,0.725443,-0.402091,4.365587,0.483496
-10.335769,-0.955287,2.904166,0.680678,2.855011,0.221563
-5.913679,-2.920927,4.572925,-0.276854,2.688472,0.298171
-1.589750,-2.786851,5.243301,-0.209306,1.125404,0.430869
-0.356737,4.453215,2.786850,0.278453,-0.381440,0.530659
0.404620,6.560112,-0.356737,3.708624,-2.176598,-0.624587
0.081402,3.124433,-1.867478,4.365587,-1.656197,-0.969523
0.969651,-1.446098,-0.869096,4.365587,-1.412917,-0.590613
-1.877055,-4.757279,-0.694319,4.219299,-1.327649,0.103120
-8.231266,-8.298303,-8.293515,1.462079,-0.464976,0.340805
-8.604761,-0.550667,-5.623980,1.988475,2.536855,0.509209
2.952050,2.044648,13.654132,3.875829,2.001932,-0.056223
-19.613300,10.553640,7.204152,-0.607134,-4.365720,-2.143823
-19.613300,-13.819332,-2.521095,-3.483862,4.365587,0.678280
17.017984,4.699817,19.612701,4.365587,4.365587,-0.313626
14.583082,-2.128446,12.050016,1.949572,-3.139859,1.204676
-19.613300,3.660734,-4.707001,3.003697,-4.365720,-0.092062
-19.613300,-9.327810,7.850587,3.946574,-1.580255,-0.769943
-8.056489,-3.711013,-6.718130,0.275921,0.011324,-0.039836
-16.594212,-0.081403,-4.484340,4.064617,-2.371115,-0.102454
-7.194576,0.421379,-6.090850,2.360990,0.620590,0.230090
-0.131682,-0.591368,-3.722984,3.589781,1.548146,0.341071
-1.541866,-2.806005,-1.355119,3.933518,0.649102,-0.187456
-4.855441,-3.900155,4.146757,2.801053,1.489258,-0.558372
-2.195483,-1.805229,3.847482,-0.342004,3.201679,-0.603137
-8.599973,0.445321,2.118868,-1.363887,1.921727,-0.294440
-19.613300,-6.078879,4.058171,-1.468207,1.659394,-1.708423
-19.613300,9.129090,-1.970428,-3.293608,4.365587,1.162708
-4.309563,4.881777,-4.448427,0.115777,4.365587,0.658162
-19.613300,9.136273,-1.841142,1.739333,-2.047630,1.914798
-19.613300,3.617638,0.450109,0.615128,4.365587,2.057356
-10.333375,-2.092533,3.912125,0.147353,3.383806,2.001266
-6.947974,-5.212178,3.301604,-1.837791,1.379209,1.696033
-1.546655,2.497152,-0.608128,-1.496319,0.767012,1.393198
3.572148,6.521805,-3.641581,0.827099,-0.134430,1.186290
5.372588,4.936843,-2.255338,1.685241,-1.162175,0.822436
4.371812,3.792415,-1.575385,2.085334,-2.098924,0.768077
1.905784,2.997540,1.082179,2.824501,-2.357659,0.855211
-0.826000,4.802768,2.035071,3.106285,-2.135296,1.138860
-6.995858,8.159439,-1.074997,4.365587,-0.754221,1.147253
-19.613300,-16.704346,17.673996,4.365587,-3.093362,0.549578
-3.462016,-8.140286,11.168950,4.365587,-1.310062,1.727875
-19.613300,2.583343,-10.651804,0.860140,-1.182427,-0.735569
-6.581661,1.271321,-7.228095,1.226526,0.578756,0.661626
-3.361460,-2.418144,-7.929596,2.206175,1.115278,0.684009
-13.536817,4.458003,-2.535460,-0.892116,3.582853,0.434733
-19.613300,4.185064,0.483628,-0.574226,3.864104,0.921560
-7.711724,-5.995081,3.050212,0.440995,2.614929,-0.051826
-5.918467,-4.659117,4.886565,-0.993105,1.409453,-0.323218
1.599326,1.695094,7.117961,-2.526863,0.095660,-0.169203
6.416460,1.549048,-1.058238,3.582987,-2.109716,0.192119
19.612701,-3.895367,14.408305,1.964094,-2.333811,0.253006
-19.613300,-8.741231,7.656656,3.939114,-4.365720,0.666822
-6.789956,5.193023,0.265756,-3.155314,3.653999,-0.058355
-6.787562,3.529053,-1.484406,0.200246,4.320555,0.168670
-12.552800,-0.052673,-0.098163,-0.792459,2.864337,0.615794
1.699883,7.536946,0.955286,2.589615,-1.962628,-0.229690
0.433350,0.344765,-1.980005,4.312294,-2.981314,-0.150817
-13.206417,-7.584831,0.390254,3.208207,-0.260999,-1.059188
-18.262972,-2.458846,-3.509900,2.837691,-1.154714,0.850548
-12.076354,-1.108516,-7.007829,3.683709,-1.929720,-0.331079
-4.525042,2.597708,2.025494,1.011224,2.433201,0.274722
-19.613300,4.903325,-0.483629,1.880825,1.993005,0.702394
-9.993398,-0.665589,-2.099715,0.742764,0.290577,0.815375
-14.456190,1.833958,-0.011972,0.755021,4.365587,0.552643
-11.939884,-5.226543,0.749385,-0.283249,3.050328,0.018918
-5.770027,-6.035783,2.640804,-1.953569,3.373414,-0.170535
0.045489,2.600103,3.560177,-2.724844,0.565433,0.292975
-0.122105,5.439626,1.063025,-0.498417,0.034640,0.458315
5.494692,11.736376,-1.441310,3.717683,-2.233354,-0.189055
1.333570,2.839523,1.371877,4.365587,-2.859541,-0.849615
-8.336611,-2.281675,-1.692701,2.492489,1.763848,-0.163208
-18.349161,-16.800114,4.541800,3.429637,0.296839,-1.662325
-19.613300,-9.581596,6.399701,-0.783932,-0.408620,0.579555
3.976768,3.940855,-0.083798,0.210505,4.365587,-0.220364
7.395688,2.590526,12.777854,1.545881,-2.827432,0.514938
-19.613300,3.098096,1.290474,4.365587,-2.138094,0.138960
-14.681245,-4.582502,2.487575,4.365587,-2.115045,-0.397295
-19.455282,-4.201824,-1.477223,3.021284,-4.167205,1.053459
-19.613300,-6.270415,-5.784392,3.273357,-2.326883,0.562635
-17.161638,-5.992687,-8.398860,2.473304,-1.621157,0.128168
-6.196194,1.900996,-7.757214,1.167505,1.562402,0.173733
-19.613300,-2.947263,5.995080,-1.215601,3.393931,0.493621
-19.613300,3.385401,-1.165977,-1.808746,4.365587,1.397462
-14.271837,0.069431,-5.746084,-0.000666,1.463011,1.229724
-19.613300,2.308010,1.414973,0.763281,3.832129,1.724145
-17.556681,-0.253786,2.990357,1.251440,4.365587,1.085034
-10.888830,-7.917625,6.112396,-2.617726,2.819305,-0.013056
-0.600945,-0.304064,5.865794,-3.180895,1.435832,0.100589
3.229778,7.414842,2.011129,-1.712287,0.366652,0.001065
6.414066,6.703764,0.313640,1.705226,-0.577690,-0.126169
8.635885,2.987963,1.039083,2.918030,-1.935716,-0.119774
4.814739,2.509123,0.957680,4.030777,-3.359291,0.352796
-1.690307,0.505176,-2.161965,2.515138,-3.946841,0.635246
-17.492039,-0.270545,-6.279991,1.208806,-0.882523,0.051427
-9.988610,2.825157,-0.893038,1.033341,1.520034,-1.320854
-19.613300,-15.152903,19.612701,1.736535,-2.851147,-0.884788
2.755726,0.399831,3.119644,2.588549,4.365587,-0.107117
14.396334,-6.373365,13.414711,1.710688,-2.602671,0.454718
-10.575189,-2.099715,2.310404,-0.108983,-4.365720,0.727842
-19.613300,-7.766791,7.031770,2.250808,-3.481598,0.577957
-15.684416,-4.979940,0.452504,-1.392132,0.818306,-0.249009
-11.638215,7.096413,-5.597644,-0.866802,-4.037571,0.234886
-19.613300,6.299144,-5.133169,0.975252,-3.622290,0.319221
-12.907142,-1.242591,-6.856994,2.576158,-2.731239,-0.208107
-9.313445,-0.622493,-4.874595,2.678080,-1.171635,-0.108050
-5.432444,-4.838682,-6.184223,1.781834,-0.078872,0.190387
-4.209007,-4.833894,-7.417237,1.700563,0.233421,0.253139
-3.299210,-3.940856,-5.046978,0.773007,1.225061,0.234220
-1.472435,0.148440,-0.634464,0.287646,1.968624,-0.091796
-2.343924,3.069366,3.512293,-1.040535,2.017253,-0.440329
-5.085285,3.706224,3.859453,-3.282950,3.082037,-0.225826
-11.336545,3.550601,0.543483,-1.899477,3.630817,0.193718
-19.613300,-5.276821,2.418143,3.516771,0.086467,1.347100
-12.167333,4.173093,-0.603339,-3.606568,4.365587,0.192119
-7.101203,2.700659,-3.435680,0.304033,2.041635,-0.099390
-19.613300,1.259350,3.445256,-0.205975,0.933551,1.060920
-11.456255,-5.406108,1.766920,-0.209839,2.281717,-0.058088
-7.603985,-6.842629,2.856282,-1.407720,2.078406,-0.384638
-2.051831,-2.731785,5.808333,-2.741898,0.781800,-0.082603
2.698265,10.407594,1.410184,0.219831,-1.077840,-0.642041
4.776432,4.474762,-1.594539,4.365587,-2.033374,-0.957665
3.232172,-0.682348,-0.866702,4.365587,-2.413749,-0.697731
-1.534684,-3.864242,-4.314352,3.867568,-2.565500,0.100056
-16.290150,-6.605603,-11.451467,0.045698,0.271125,0.179195
-5.825093,2.480392,13.883975,1.694434,4.052094,-0.077140
-19.613300,8.470685,-6.136339,-4.365720,-3.983080,-1.962628
3.718195,7.888894,19.612701,2.060420,4.365587,-0.754355
19.612701,3.313575,4.599261,1.553209,0.078206,0.625653
1.520318,4.491522,6.471527,2.524997,-4.365720,1.619425
-19.613300,1.711854,5.676652,4.365587,-4.365720,-0.128834
-19.613300,-17.068264,8.516175,0.846684,2.523665,-0.816840
2.221819,-3.907338,-6.598420,0.988975,1.090497,-0.128301
-8.729260,2.011129,-3.023877,0.858009,-4.365720,1.307264
-19.613300,3.002328,-3.608062,3.074443,-2.868201,0.542650
-12.004528,0.277727,-3.715801,3.430037,-1.573727,-0.158012
-11.669339,-1.795652,-5.623980,3.201679,-2.148353,-0.308163
-8.243237,-1.769316,-4.702213,2.952536,-0.538520,-0.185457
-5.465963,-2.853889,-7.563284,2.823968,-0.357859,0.138027
-5.295975,-3.627216,-5.281609,3.396330,0.380774,0.229690
-2.983176,-3.244144,-3.529054,1.905339,1.544815,0.192652
-2.554614,-0.636858,-1.209072,1.447423,1.789828,-0.140692
-2.592921,1.790862,2.439691,0.417413,2.545648,-0.392365
-4.747702,2.607285,2.035071,-1.626886,3.029011,-0.415814
-19.613300,3.361459,2.468421,-0.200246,1.127269,-0.992972
-19.613300,-7.280768,-2.104504,-2.511541,4.365587,-0.488958
-1.084574,6.607996,-4.412514,-1.240249,4.365587,-0.244745
-19.613300,3.390189,-1.347936,-0.053425,-3.033408,0.612996
-19.613300,10.548852,2.880224,0.360523,4.365587,1.265430
-12.634203,6.256048,1.398213,1.107284,4.365587,0.804050
-10.520123,0.126892,2.035071,2.445592,2.011391,0.213569
-9.016564,-7.374142,6.325480,1.289145,3.115212,0.338274
-3.490747,-4.994305,6.155492,-0.730639,1.646338,0.335875
-1.340753,2.671929,5.475539,-1.069446,0.322419,0.842021
2.880224,6.718129,4.812345,0.327215,0.205176,0.509742
6.643909,7.213729,-0.234632,4.095660,-1.674583,-0.055424
3.371035,-1.307235,0.960074,4.365587,-2.621324,-0.213702
0.098162,-0.684742,-2.624046,4.365587,-2.509010,-0.102454
-7.965509,-7.240066,-10.690111,3.754855,-2.133298,-0.012390
-18.167204,-1.798046,-12.820950,2.446524,2.343537,-0.014788
-4.635175,5.791573,9.706093,3.068314,4.365587,-0.056223
-19.613300,-14.583083,6.464344,0.213702,-3.402725,-2.016321
-19.613300,-8.585608,9.430760,-4.365720,4.365587,0.919028
19.612701,5.542576,6.787561,3.124804,0.355727,0.696532
-2.106898,2.466027,5.815515,2.460780,-4.365720,1.904273
-19.613300,-8.954315,7.105990,4.365587,-2.616394,-1.204410
-9.117120,-14.008474,0.459686,2.562036,1.441028,0.002264
-3.816358,-10.510546,-3.311181,2.160344,-4.059555,1.233987
-19.613300,-0.222661,-2.597709,0.565033,-4.365720,0.952736
-15.447390,-1.975217,-5.760450,2.026180,0.395963,-0.163874
-11.566389,-1.841142,-8.446744,1.470606,-2.312627,-0.364520
-14.583083,-0.964864,-4.333506,1.325783,-0.021983,-0.019185
-2.025495,1.908178,-3.090915,2.045898,1.763981,-0.016653
0.399831,3.648763,1.388636,1.591979,2.123305,0.000532
-3.043031,3.703829,2.765302,0.498284,1.755054,0.018519
-5.875371,6.397306,1.699883,-0.126436,3.362356,0.549711
-19.613300,2.506729,-4.565743,2.993172,1.446890,1.394131
-19.613300,-0.407015,2.576160,-0.149751,4.365587,0.997502
-19.613300,-0.660800,2.557007,1.400526,0.870932,1.955967
-19.613300,-0.727838,-0.076615,1.065450,4.365587,1.878693
-12.617443,-6.258444,1.731007,-0.752889,3.686507,1.505512
-9.885659,-5.635951,1.970427,-2.723379,2.547647,1.345635
-6.236896,-4.771644,1.355118,-3.016221,2.310628,1.322985
-4.206613,1.007958,-0.134076,-2.283183,0.967924,0.594877
0.347159,7.345410,-1.479617,-0.756886,0.463644,-0.228757
5.166687,7.644685,-2.597709,1.262632,-0.834826,-0.592745
2.477998,1.414973,-1.723826,0.739166,-2.308763,-1.027212
0.792480,1.608903,-3.562573,0.953402,-2.795590,-1.004696
-0.181960,-0.814029,1.711854,2.720314,-2.806515,-0.223561
-2.561796,3.337517,3.478775,2.894981,-2.386037,0.694534
-2.604892,9.315838,9.739612,4.365587,0.207307,0.664956
-19.613300,-7.493852,3.828328,4.365587,-2.945475,-0.143223
-12.155362,-14.518439,7.134720,4.365587,2.700729,-0.876128
9.732429,-4.951210,8.832209,4.365587,-0.314292,1.314192
-4.259285,-10.955867,6.677428,3.696100,-4.365720,1.533624
-19.613300,-6.200983,4.869806,3.637745,-2.609466,0.363321
-18.535910,-1.477223,-6.268020,1.318855,-1.640609,-0.628984
-10.783485,0.076614,-5.341464,0.077940,0.478832,0.355727
-19.613300,-6.562507,-6.471528,1.725477,-3.827732,-3.498651
-11.286267,-1.132458,-4.240132,2.967858,-1.542284,-0.350664
-19.613300,-3.191471,3.792415,4.044233,-0.201578,2.229491
-19.613300,-5.810728,-15.033193,0.756220,-1.852446,-0.424208
-11.834539,-2.916138,-7.592014,3.300803,-1.340039,-0.126836
-3.533842,-1.414974,-1.663971,1.374279,1.615828,-0.440862
-4.896143,2.164358,0.742202,0.049295,2.791726,-0.692136
-17.111361,-1.077391,2.367865,-3.879692,4.365587,0.067548
-5.566519,-4.429274,3.378218,-0.869333,2.990641,0.738234
-2.961628,-3.722984,3.356670,-1.264763,1.348166,1.001232
-1.496377,0.541089,1.757344,-0.948206,0.588349,1.074509
3.023876,7.920019,-2.054226,0.732505,-0.925690,0.352529
3.404554,5.633556,-2.877831,3.702228,-1.817540,-0.350531
-7.110779,-4.163517,-2.238579,3.124804,-1.278220,0.466042
-2.738967,0.545877,11.262324,2.646771,1.136861,0.255803
-16.108189,-1.553837,6.737283,1.681777,-0.612730,-1.123139
7.321468,1.831564,8.042123,3.059121,-1.390400,1.355094
-14.369999,-7.359776,-1.197101,0.571162,-2.338074,0.969390
-16.091431,0.512359,-8.520964,1.424508,-1.223595,-0.282050
-10.311827,-3.806781,-8.159440,1.628085,0.498417,0.003464
-5.437232,-1.596933,-9.914390,1.509109,1.777837,0.246610
-1.012748,-1.235409,-1.541866,1.666189,2.567898,0.105385
-1.841142,4.019864,3.426102,-0.477234,1.960630,-0.305632
-7.331046,4.189852,5.659892,-2.861806,3.083636,0.255271
-19.613300,1.043871,1.898601,-2.231889,3.770976,0.569829
-10.809821,4.187458,-3.869030,-1.522166,4.365587,0.610332
-18.155231,-0.521936,-3.816358,0.076741,-0.311494,1.002831
-15.227123,0.907402,0.739808,1.809546,4.365587,0.962995
-10.158598,-9.832987,3.916913,-0.354128,2.823968,0.046231
-7.821857,-6.141128,3.533841,-2.460380,2.434800,-0.324418
0.720654,7.048529,1.094150,-1.834860,-0.112580,-0.080338
4.029441,6.924031,-1.798046,1.968890,-0.723578,-0.204909
5.901707,1.290474,0.574608,2.077740,-1.911334,-0.323352
4.639962,4.695029,-2.226608,2.306365,-2.613197,-0.340405
3.246537,2.791639,-0.878673,2.582553,-2.860740,0.091396
-4.319140,0.507570,-4.812346,2.023249,-2.854478,0.506678
-16.524780,7.256825,-8.101979,1.844319,1.388402,0.493088
-1.972823,5.497087,8.090007,1.525230,2.988509,-0.189987
-19.613300,-9.746795,19.172766,2.813843,-3.428705,-1.486860
-7.319075,-3.344700,1.632845,2.121174,4.046365,0.402757
-19.613300,-5.820305,-0.117316,-0.630716,-4.365720,1.191220
-19.613300,-9.947908,3.418919,0.027445,-0.256869,0.510675
-7.565678,4.333505,-4.223372,-2.277321,-0.933018,0.044365
-16.840815,11.317391,-7.295133,1.243446,-4.365720,-0.228358
-19.613300,2.923320,-3.931280,2.528062,-3.006895,-0.378110
-13.876793,0.912190,-5.422867,2.593345,-1.369616,-0.235552
-9.313445,-1.268927,-5.832276,2.912834,0.286313,0.297904
-5.815516,-6.129157,-5.303157,2.204576,1.288745,0.285114
-0.885855,-6.746861,-7.491457,1.397728,1.907471,0.108050
-1.139640,-4.857836,-4.453216,0.955667,0.634180,-0.272058
-4.122816,-0.440534,3.244143,-0.124704,0.893714,-0.301502
-5.470751,2.861070,3.986345,-1.794491,3.126936,-0.526662
-3.339912,2.801215,3.397372,-3.292010,4.044499,-0.153748
-8.154651,4.235342,-2.219425,-1.885221,3.687040,0.006395
-19.613300,-2.657564,0.234631,1.248243,1.250641,-1.965293
-19.613300,2.358288,3.948038,-4.365720,4.365587,0.043033
-8.075643,8.588001,-1.103727,-0.367185,4.365587,-0.261399
-19.019539,3.514688,2.552218,-0.240082,1.035472,0.615794
-16.311695,6.617573,-1.422156,0.811511,4.176798,0.503081
-7.874530,-0.035914,-1.410185,0.527862,2.547647,-0.359457
-5.846641,-7.053319,3.227383,-1.113546,0.885454,-0.646437
-3.751715,-5.284004,5.236119,-2.104520,0.552643,-0.424208
1.592144,5.937620,4.127603,-1.431569,-0.892249,-0.484961
4.139574,12.263100,-0.399832,3.071512,-1.332845,-0.620058
5.633556,1.058237,2.082955,4.365587,-1.738933,-0.612863
3.473986,-0.093374,0.323217,4.139360,-2.803317,-0.326549
0.869095,-1.881843,0.684741,3.695434,-2.986510,0.251007
-7.208942,-6.675035,-8.003817,2.441062,-3.588849,0.313892
-19.613300,-0.687136,-10.773908,2.017919,-2.402958,-0.171601
7.627926,6.335057,19.612701,1.945042,4.365587,-0.429137
-19.613300,-19.613300,8.870517,-2.340339,4.365587,0.121107
19.612701,-2.413356,15.591041,-0.680145,-2.913100,0.720914
-5.947197,7.754819,-3.227384,0.528661,-4.365720,1.999534
-19.613300,-3.160347,10.493785,4.365587,-4.365720,0.512540
-19.613300,-11.858481,1.103726,0.623255,0.761016,-1.172168
-1.156400,-1.496377,-7.019800,2.169803,-1.027612,0.311228
-14.662091,-1.944092,-3.471593,2.101455,-4.365720,0.794990
-19.613300,-1.326388,-5.039795,1.815941,-1.141258,0.249408
-10.326192,-1.493982,-8.329428,2.461046,-1.363887,-0.214235
-10.699688,-2.020707,-5.082891,2.052693,-0.923958,-0.100856
-6.124368,-1.711855,-6.737284,2.350731,0.522399,0.004130
-3.505112,-1.989582,-5.123592,2.254005,0.788728,0.134297
-3.098097,-0.845154,-4.771644,1.655264,1.814875,0.222362
-2.238579,0.052672,-1.386243,1.686973,1.998468,-0.079006
-3.734955,2.896984,2.659958,0.844819,1.684708,-0.550644
-5.130775,4.967968,3.232172,-1.273557,2.948140,-0.673883
-11.540053,4.556165,3.866635,-1.315658,3.192353,0.051427
-19.613300,-5.288792,5.822698,4.365587,0.283249,0.972454
-7.462727,1.628057,1.611297,-3.563268,4.365587,-0.212503
-7.058107,4.503493,-6.026206,0.549045,1.194817,-0.507610
-19.613300,2.760514,5.458779,0.005062,0.800319,1.288345
-19.613300,5.442020,0.766144,0.810845,4.365587,0.458848
-10.838551,-0.945710,0.565031,0.637244,3.911535,0.216500
-10.764331,-6.244078,5.805939,-0.549578,2.807581,0.305765
-6.993464,-3.713407,5.959167,-0.879326,2.509010,0.436998
-2.827553,0.459686,6.799532,-0.897711,0.887719,0.674149
6.687005,10.800243,1.666364,2.615328,-0.546381,-0.549445
7.797914,4.460397,-1.683124,4.365587,-0.909702,-0.431269
-1.417368,-8.233660,-8.655040,4.139227,-2.112514,0.590081
-10.065224,-8.123527,-8.178593,0.361722,-1.470206,0.651767
-12.085930,3.246537,12.691663,1.070113,1.514305,0.095660
-19.215862,-3.512294,2.492363,1.000966,1.780102,-2.085201
-19.613300,-19.613300,-5.372589,-4.063152,-4.365720,0.439796
0.392649,10.757148,10.632649,0.614462,4.365587,0.245411
19.612701,2.104503,9.964667,1.268094,0.270059,1.085701
1.118092,6.363788,2.767697,2.280518,-4.365720,1.579589
-19.613300,-2.147599,3.311180,4.365587,-4.365720,-0.750358
-19.613300,-12.425907,10.105925,3.477867,-0.484028,-0.463378
-3.160347,-9.435549,-4.522647,1.802884,1.513106,0.082070
-6.801927,-3.026271,-1.419762,2.267062,-4.365720,1.745595
-19.613300,2.829946,-1.101333,2.221230,-4.185858,0.097125
-15.172056,-5.384560,-8.659828,2.731639,-1.002165,-0.787130
-5.082891,-0.835577,-8.942344,1.708423,2.155281,0.257802
-0.028731,-1.132458,-3.579332,1.635146,2.208440,-0.095660
-5.219360,3.876212,3.576937,-0.268460,1.417713,-0.714785
-12.990939,1.357512,3.169922,-1.604103,3.100423,0.454584
-13.848063,5.872976,-0.893038,-3.013556,4.365587,1.969290
-19.613300,7.381323,-0.916980,2.224961,-1.667521,2.277054
-19.613300,4.390965,0.481234,2.578157,4.365587,1.799553
-13.062765,-3.794810,0.588973,2.719115,3.475336,1.355627
-12.624626,-13.668498,5.075707,0.956733,2.736968,0.854145
-7.455544,-9.222465,1.740584,-1.563468,2.379376,1.088898
-4.249708,-1.960852,1.424549,-2.195517,1.069979,1.194817
-1.891420,-0.553061,0.699106,-2.024448,1.136995,1.098891
3.902548,4.187458,-0.107740,-1.326583,0.287246,0.607401
4.812345,6.181828,-2.636017,2.270259,-2.968258,0.640309
-0.047885,5.185840,0.620098,3.845452,-3.443627,1.032275
-17.925388,-3.646370,-0.363919,1.200146,-4.365720,1.073976
-16.936583,-8.554483,-0.790087,-0.211038,-3.793359,0.576224
-19.613300,-0.514754,-5.738902,0.233954,-4.120708,0.145355
-18.423382,-1.024719,-10.017340,0.847616,-1.723478,-0.623655
-10.108320,0.725443,-8.908825,0.114712,0.528927,-0.099124
-5.755661,0.632069,-8.638280,1.038936,1.182560,0.351463
-1.520319,-2.806005,-1.285687,1.530693,2.421477,0.413816
-2.365472,3.385401,5.092466,-2.484095,2.790660,0.006395
-17.104177,10.213664,-0.280122,-4.365720,4.365587,0.927555
-14.085089,0.057460,-0.833183,1.162575,4.365587,-0.042367
2.834734,1.872265,2.578555,3.529028,-2.617593,-0.097791
-17.015593,-9.619903,-8.961497,-1.465276,-4.159212,-2.281318
-6.581661,0.023942,-0.476447,1.059454,-4.365720,1.131932
-19.613300,-6.332664,2.652775,3.131732,-0.911567,-0.176797
-19.613300,0.234631,1.656787,-1.441961,2.572161,-1.122206
-10.924743,-7.632715,-11.080366,2.097725,-2.467974,-0.024381
-13.594278,-0.845154,-4.283227,3.537688,-0.736502,0.834027
-2.109292,-7.812281,-3.945645,3.753922,-0.078073,0.450055
-6.191406,5.298368,-0.976835,-0.611131,2.878726,-0.587149
-7.287950,-7.359776,6.291961,-0.288445,2.914566,-0.286713
4.699817,3.722983,1.630451,-0.770742,0.136561,0.497885
9.519345,2.942473,1.268926,2.538321,-2.647437,0.413416
-15.524004,-4.137181,-11.317392,3.299337,-3.846784,-0.836159
-19.613300,-13.879188,11.255142,2.897512,-2.234687,-0.607401
-8.983045,-6.584055,-1.774104,0.566232,0.684009,0.015588
-19.613300,0.445321,-2.372654,4.283383,-4.365720,0.536522
-15.526398,-4.580108,-6.368577,2.633847,-1.283682,-0.000532
-8.355764,-1.656788,-7.290345,2.903907,0.479765,-0.030376
-6.416461,0.490811,-7.508217,2.003530,0.759817,0.075142
-4.544195,1.127668,-5.839458,2.614396,1.798488,0.332944
-1.814805,-0.050279,-1.731008,3.024748,2.758419,0.450587
-0.258574,1.211466,1.635239,2.484628,2.796656,0.300836
-3.153164,4.173093,1.893813,0.928888,2.564167,0.041035
-8.518570,5.204994,2.700659,-0.719182,3.319055,0.521200
-19.613300,-2.710237,-1.110910,0.247943,2.628918,-0.392099
-19.613300,-6.584055,1.824381,-1.393598,4.365587,0.908636
-8.190564,0.799663,-2.964022,-1.139793,4.365587,0.714385
-19.613300,2.971204,0.143652,1.042401,2.499417,1.595044
-18.394651,2.636016,0.593762,0.117776,4.365587,1.623289
-11.195287,-3.392584,1.017535,-0.881857,2.966392,1.121940
-10.625467,-5.185841,4.261678,-2.321953,2.561370,0.792992
-4.735731,2.181117,2.655169,-2.641308,1.277154,0.652566
0.201112,5.058948,-0.316035,-0.780734,0.980981,0.227292
1.410184,1.845929,2.231395,3.867702,-4.308830,0.237151
-16.474503,4.807556,-15.152903,2.074676,0.503214,-1.030676
-0.002395,-3.169923,0.474051,2.712054,3.738734,0.176797
11.276689,-2.726996,13.900734,3.716218,-2.365120,1.396263
-8.681376,-6.560113,4.053383,1.297938,-4.365720,0.817506
-19.613300,-2.664747,4.369418,2.666755,-4.365720,0.265663
-19.613300,-8.403648,4.783614,0.062751,-1.024148,0.822036
-9.212888,2.748543,-5.137957,0.540519,-2.169537,0.197448
-17.602171,1.177947,-3.859454,3.118276,-4.365720,0.043033
-19.613300,-4.369419,-3.931280,2.188855,-3.051660,-0.076341
-17.767370,0.057460,-8.609550,0.619924,-0.227292,-0.144822
-5.700595,-4.443639,-8.760384,1.511774,0.841221,0.740365
-5.331888,-4.745308,-8.882489,0.921160,0.296306,0.810445
-5.753267,-3.064579,-7.185000,0.035306,1.229457,0.558105
-2.078168,-3.457228,-1.522713,-0.222096,2.404290,0.318822
1.984793,-3.023877,4.977545,-0.896512,3.015555,0.035039
1.482010,0.158017,6.770802,-3.776971,2.260001,0.132032
-7.527371,-0.770933,2.015917,-3.925391,1.514039,0.574359
-19.613300,-5.032612,-0.122105,-0.854012,2.673550,-1.653266
-19.613300,-5.090073,6.277596,-4.365720,4.365587,1.887353
-10.311827,14.063540,-7.929596,-2.922026,4.365587,0.974719
-18.064253,-0.466870,1.980004,1.318456,3.613230,-0.423808
-8.736442,-8.836999,4.098873,-1.243313,2.511541,-1.140992
-4.704607,-4.666300,4.230554,-2.795057,1.309929,-0.746894
-0.574609,5.190629,4.106055,-2.294507,-0.090463,-0.234620
1.946485,12.205640,-0.270545,1.014289,-0.343336,-0.151350
5.509058,3.088520,2.839523,3.553409,-0.870266,-0.078739
-1.206678,1.304839,-0.773328,2.269060,-2.038970,0.409286
-10.924743,2.327164,-9.598355,1.375612,-0.074209,-0.407287
-19.613300,-11.896789,6.555324,4.365587,2.159278,-4.316025
-19.613300,-0.418986,1.654393,-1.849249,1.051860,0.563701
11.149797,-3.751715,18.519150,2.624388,-4.365720,0.329480
-17.645267,-7.323863,3.270479,0.287646,-4.365720,0.710655
-19.613300,-3.026271,-1.565808,2.366586,-4.121107,0.412217
-16.089037,-6.452374,-1.628058,0.131232,1.009359,-0.381041
-8.695741,4.989516,-5.717354,-0.012923,-3.521434,0.083269
-17.594990,8.178592,-4.821923,3.156647,-4.365720,-0.261532
-15.488091,0.368707,-3.703830,4.070613,-2.616128,-0.294707
-9.986216,-1.544261,-5.396531,3.656530,-1.969557,-0.279252
-7.189788,-0.363919,-4.000711,3.433634,-1.090097,0.131099
-5.846641,-4.750097,-5.030218,3.183426,-0.300036,0.417679
-4.247314,-8.489840,-5.207389,3.038737,0.572894,0.447257
-1.836353,-7.402872,-4.491523,1.226659,0.921427,0.177197
-2.097321,-1.833959,-3.107674,-0.024647,1.055457,-0.314025
-3.768474,5.018246,0.605733,-0.780734,1.408786,-0.403290
-6.785168,3.871424,1.426944,-1.359624,2.626653,-0.360123
-19.613300,1.616086,6.514622,-0.312027,2.659161,-0.856010
-19.613300,-8.683770,4.436455,-2.887919,4.365587,0.238883
-4.295198,10.594342,-3.351883,-3.090297,4.365587,0.254871
-17.204735,4.098873,-5.966351,0.514405,-0.814309,-0.105252
-19.613300,7.431601,2.279279,0.465909,3.895947,0.887852
-19.613300,5.202600,1.458068,2.047896,4.365587,0.349332
-11.398795,0.799663,2.116474,3.226993,3.349166,-0.341471
-7.558495,-10.529699,7.287949,0.162941,3.148653,-0.503747
-2.446875,-6.387731,7.366958,-2.794791,1.450754,-0.074609
4.936843,11.851298,1.453280,0.118575,-0.893182,-0.756886
5.887341,0.026336,-0.754174,4.365587,-1.944509,-0.692535
3.655945,-0.737415,-1.486800,4.365587,-2.455850,-0.406221
0.790086,-2.786851,-2.932898,3.159444,-2.708324,0.223029
-10.196905,-7.831434,-10.247184,0.747160,-2.534190,0.090330
-19.613300,4.965574,-2.329559,2.793991,1.648736,-0.193185
-12.404359,7.654262,10.407594,1.295540,4.365587,-0.337074
-19.613300,4.103661,-15.988479,-2.172068,-4.075409,-1.483662
-19.613300,-16.893488,7.654262,-3.178630,4.365587,0.498817
12.411541,17.075445,15.476119,3.660394,3.880758,-0.598208