-8.863335,2.372653,-5.406108,-0.931019,0.935949,0.181460
-8.243237,3.749319,-1.570597,-0.335609,0.030243,-0.263797
-9.964668,3.028665,0.682347,0.459514,-0.730107,-0.214768
-10.694899,2.839523,0.265756,1.227325,-0.663757,-0.089797
-12.555194,1.041477,-2.229002,1.346301,-0.910502,-0.162542
-7.618350,1.826775,0.493205,1.658462,-1.816074,0.132165
-10.283097,-4.213795,3.184288,0.100856,-1.560004,0.035173
-9.710882,-2.080562,0.272938,-0.213702,-1.170036,-0.025713
-9.844958,-0.320824,-2.164359,0.173600,-1.484595,-0.124171
-8.695741,0.785298,-1.673547,0.637911,-1.443826,-0.233287
-10.795456,2.133233,0.457292,1.076108,-1.381074,-0.188255
-11.513716,0.945709,0.806845,1.187623,-0.566632,-0.025180
-11.439496,-1.271322,0.737414,1.723345,-0.281917,-0.098591
-12.327745,0.260967,1.283292,1.768377,-0.173333,-0.421943
-13.302185,1.161187,2.030283,1.592912,0.010924,-0.536388
-15.720329,-0.107740,0.519541,1.737335,0.312027,-0.400759
-16.452953,0.981622,0.074220,0.972054,1.746261,-0.335742
-12.641385,1.120486,0.490811,0.442460,2.688339,-0.193984
-14.204799,-0.883461,6.639121,0.673883,3.339173,-0.212503
-12.303803,1.551442,3.078943,-0.331479,2.340872,0.100056
-8.516176,2.410961,2.169146,0.740232,2.408953,-0.044765
-6.189012,0.316034,3.545812,1.181094,2.238151,-0.271791
-3.572149,2.152387,-3.655946,-0.344002,-0.404623,-0.180528
-5.255273,2.726995,-8.331822,1.309396,-1.179895,-0.861872
-8.918402,0.912190,-12.006922,1.339906,-1.708823,-1.182959
-13.876793,-0.466870,-10.132262,0.323885,-0.870399,-0.753289
-14.829686,-3.493141,-9.433155,0.476434,-0.308829,-0.213169
-13.984532,-3.201048,-5.712566,-0.769410,0.232754,0.147620
-9.782708,1.776497,-3.512294,-1.828331,1.288079,0.044499
-6.198589,4.412513,-1.697489,-1.475269,0.846950,-0.193185
-9.900024,6.277596,2.568978,0.530793,-1.199214,0.084335
-15.600619,-1.510742,-2.619257,-0.474303,1.073577,-0.086600
-0.806846,-2.334347,8.396465,0.218365,0.786863,-0.112846
0.007182,-0.165200,6.505045,1.464877,-1.054658,-0.255537
-13.982138,-5.279215,4.352658,0.140292,-1.627286,0.094860
-11.884818,-1.939304,1.003170,-0.856543,-1.247044,0.290710
-8.614338,2.492363,0.553060,-0.375045,-1.276221,0.124171
-9.148245,-1.319206,2.152387,1.601838,-1.714818,0.125104
-8.413225,-0.933739,1.709459,1.221730,-1.592645,0.162142
-10.833763,-1.003171,1.113303,0.907437,-1.629950,0.088998
-9.607932,-0.416592,-1.572991,0.841621,-1.295273,-0.381707
-12.567165,1.213860,1.929726,1.724544,-0.077274,-0.367851
-15.167268,-1.314417,1.103726,1.778903,0.309496,-0.356393
-15.411477,-1.798046,-0.562638,1.428105,0.831495,-0.277920
-15.622166,-0.603339,0.421379,0.943143,1.331512,-0.437131
-12.686875,1.501164,-0.299276,-0.646038,2.634114,-0.115911
-13.280637,0.454898,6.347028,0.287779,3.329314,0.235419
-11.710041,1.345541,2.396595,0.274323,1.927189,-0.315624
-9.133880,0.806845,2.082955,0.162941,2.366852,-0.021716
-8.049306,0.263362,3.052607,0.670819,2.308630,-0.192519
-5.975928,-3.332729,3.591302,-0.412483,1.860573,-0.433267
-5.094862,-2.808399,3.763685,-1.551743,1.815541,-0.319754
-16.857574,-3.021483,-10.941502,0.322952,0.209306,-0.291509
-6.732496,4.582501,-3.055002,-1.493788,1.281284,0.054891
-13.840880,0.397437,0.699106,0.106718,0.531459,-0.162275
-1.671153,-2.482788,6.598419,1.111548,0.168004,-0.245545
-2.987964,-2.947263,3.481169,1.351630,-1.756520,-0.427006
-6.991069,-6.002264,1.666364,0.969523,-2.100256,-0.215834
-12.543223,-4.824317,3.356670,0.371448,-1.881624,0.026246
-8.236054,3.778050,0.215478,1.003897,-1.861906,0.002131
-9.124303,0.919373,0.387860,1.872831,-1.486860,-0.000932
-9.114726,-0.763751,1.651999,2.521400,-1.534956,-0.032641
-7.393295,-2.003947,3.543418,2.988376,-1.561869,-0.056223
-7.812281,-3.234567,4.781220,2.426140,-2.013923,0.030509
-10.290279,-2.841918,3.141192,1.069979,-1.710822,0.090064
-9.361329,-1.319206,1.503558,0.948606,-1.387203,-0.123505
-8.056489,-0.476447,-0.007183,0.975252,-1.566665,-0.321753
-8.863335,0.349553,-0.035914,1.215468,-1.202278,-0.222895
-12.715606,-0.718261,1.170764,1.508443,-1.028278,-0.203577
-11.283873,-0.169989,1.077390,1.819805,-0.269526,-0.318422
-12.476185,0.387860,1.819593,1.798221,-0.616727,-0.525330
-15.524004,-0.682348,0.459686,1.846984,-0.008127,-0.654964
-16.934189,-2.054226,1.098938,1.583586,0.852413,-0.607934
-16.072275,-0.620099,0.612915,1.173234,1.478067,-0.719981
-14.896723,2.047042,1.235408,0.248209,2.324218,-0.654564
-11.470621,4.127603,2.626439,-0.512673,3.599507,-0.028378
-14.958972,3.809174,7.551312,1.042800,3.430437,0.322552
-14.901512,4.378994,6.730100,1.955967,3.428438,0.137361
-13.019669,5.178658,5.245695,0.741564,2.458782,0.224494
-10.618285,2.920926,3.801992,1.593445,2.720181,0.606202
-9.832987,-0.067038,4.757278,2.314226,2.799187,0.479099
-7.220913,-4.029442,3.892971,1.393332,2.401226,-0.291110
-2.576161,-4.551378,3.993528,-2.315158,1.990740,0.033041
-2.027889,-2.128446,3.356670,-2.620125,1.508443,0.143623
-1.618481,-0.581792,2.197877,-2.393765,0.968457,0.071012
-2.312799,-0.095769,0.509964,-1.608900,0.415015,-0.252206
-2.813187,1.711854,-2.276886,-0.492289,-0.018119,-0.637644
-2.738967,5.700594,-6.320693,1.354961,-0.769809,-1.061186
-4.297592,5.997475,-8.669405,1.880958,-1.785431,-1.006961
-12.787432,0.866701,-12.983756,0.559304,-1.981547,-0.527195
-14.499286,0.423773,-5.805940,-1.158045,0.881990,0.406621
-10.058042,7.125144,3.481169,1.227725,-0.583952,0.119108
-11.468226,4.807556,1.022324,3.373014,-1.004696,-0.435266
-14.987703,-0.019154,-4.853047,3.355294,-1.674982,-0.522266
-15.306132,-0.260968,1.493981,1.409053,-0.148019,-0.122572
-3.457228,-4.252103,6.912060,1.938780,-0.806182,-0.027978
-6.136339,-5.269638,1.438915,0.925290,-1.528295,-0.178396
-10.081984,-5.729325,2.863465,0.458715,-1.745861,0.101655
-10.175358,-4.098874,2.717418,0.179329,-1.381074,0.162941
-8.815451,-0.691925,1.379060,-0.003863,-1.547080,0.058355
-8.822634,1.781286,1.029506,0.446058,-1.605569,0.000266
-8.611944,2.626439,0.924161,1.059054,-1.721214,0.012923
-8.559271,1.738190,0.596156,1.298737,-1.785831,0.098724
-8.805874,1.189918,0.878672,1.820204,-1.762249,0.074609
-9.081207,0.294486,0.500388,2.370582,-1.860307,0.053292
-10.134656,-0.735020,1.029506,2.716717,-1.687506,0.092462
-9.528923,-2.147599,1.764526,2.858209,-1.500716,0.042633
-7.448362,-3.141193,4.019864,2.901642,-1.494987,-0.010125
-7.503429,-3.976769,5.530605,1.379475,-2.010725,0.217300
-10.630256,-1.709460,1.719036,0.380641,-1.683109,0.257669
-10.295068,-0.938528,-0.876278,0.606468,-1.258901,0.030909
-9.330204,-0.450110,-1.493982,0.847750,-1.229057,-0.231955
-8.961497,0.746990,-0.909797,1.279819,-1.175232,-0.208506
-10.879253,1.029506,-0.811635,1.484861,-1.099024,-0.191586
-12.794614,0.253785,0.246602,1.774106,-0.579422,-0.226626
-12.483368,0.565031,1.154005,2.015388,-0.259134,-0.383306
-13.917495,2.197877,1.537077,1.885088,-0.101921,-0.420211
-16.955736,0.040701,-0.090980,1.781701,0.095526,-0.248209
-16.704346,-2.516306,-1.333571,1.275955,1.307131,-0.159744
-14.111425,-1.975217,-1.814805,0.784465,1.653399,-0.268194
-13.658921,-0.890644,0.040701,-0.152949,2.564434,-0.236085
-11.563995,-0.766145,1.709459,-1.115012,3.406455,0.088865
-15.552734,-2.518701,6.167463,-0.702661,3.309996,0.234353
-17.101784,-3.098097,8.626308,-0.427405,3.954835,0.031309
-11.398795,0.483628,2.944868,-1.081837,2.166339,-0.330679
-12.674904,1.134851,3.033453,-1.057322,2.433867,0.034506
-11.765107,1.731007,1.879448,-0.702927,2.703794,0.200246
-9.878477,2.580949,3.500322,0.014522,2.833028,0.133630
-6.402096,0.955286,3.596090,0.555440,2.693002,-0.129900
-4.666300,-1.388637,3.847482,0.271791,2.256270,-0.170669
-4.209007,-1.941698,4.041412,-0.360390,1.898811,-0.200379
-4.094085,-2.293646,4.766855,-1.238117,1.807281,-0.167338
-2.636017,-3.098097,4.699817,-1.842854,1.723345,0.145222
-0.095769,-1.678336,4.326322,-2.395896,1.394664,0.512673
1.235408,2.037465,2.269703,-2.060154,0.672551,0.403690
-0.201113,2.851494,-1.671153,-0.806182,-0.853745,0.011591
-3.596091,3.538630,-5.846641,1.431702,-2.188855,-0.711721
-8.559271,1.024718,-9.607932,1.299803,-2.805316,-1.105019
-19.613300,-0.859519,-12.859258,-0.391033,-1.580255,-0.407820
-19.613300,-4.874595,-9.763555,0.214502,0.654165,0.022516
-7.077261,1.106121,-5.212178,-2.051760,1.753589,-0.025313
-3.651158,5.046977,-0.454899,-1.142057,-0.040901,-0.277787
-19.613300,0.347159,-0.737415,-0.026513,0.032241,-0.057289
0.476446,0.763750,8.750807,1.669253,-1.554941,-0.195583
-5.578490,-3.517083,2.296039,1.575325,-2.446125,-0.153349
-10.697294,-5.489905,4.623203,0.980315,-2.479033,0.268594
-10.316615,-1.163583,1.910572,-0.238483,-1.883889,0.243946
-9.392454,0.921767,0.744596,0.158278,-1.763448,0.100056
-7.982269,0.780509,0.459686,0.701862,-1.509243,0.210105
-7.912837,0.629675,-0.438139,1.349365,-1.658595,0.187189
-8.973468,-0.148441,1.910572,2.111981,-1.994204,0.047963
-9.660604,-1.240197,3.766079,2.516071,-1.902275,-0.092195
-7.817069,-2.475605,4.556165,1.582520,-1.897079,0.158545
-8.549695,-1.833959,3.165134,0.216234,-1.921060,0.224228
-10.845734,0.105344,-0.928951,0.270725,-1.370815,-0.091130
-11.446679,0.100556,0.038307,1.140992,-0.590081,-0.044232
-13.290214,0.026336,1.505952,1.352696,-0.380241,-0.092995
-12.483368,-0.055067,0.627280,1.258635,0.001332,-0.168004
-15.540763,-1.465252,1.276109,1.120474,0.009992,-0.151084
-15.157691,-3.428497,1.098938,0.346534,1.107551,-0.197981
-15.061923,-1.149217,0.945709,-0.465909,1.832995,-0.410352
-12.703635,0.486022,1.130063,-1.589714,2.871665,-0.109382
-11.774684,0.294486,3.490746,-2.117843,3.363155,0.208373
-13.285426,-0.804452,6.569689,-0.495353,3.276421,0.119908
-13.869611,-1.343148,5.655104,-0.365719,3.236985,-0.277653
-11.903971,0.495599,4.199429,-1.081038,2.479432,-0.437797
-13.414712,0.730231,3.155557,-1.064117,2.487160,-0.141758
-11.336545,2.281674,2.442085,-0.972454,2.641841,0.008526
-9.184158,2.877830,2.983175,-0.262598,2.696466,-0.167871
-6.315904,0.960074,3.732560,0.285248,2.539520,-0.344535
-5.449203,-1.218649,3.933673,0.111114,2.216700,-0.344402
-5.142746,-2.619257,4.601655,-0.725577,2.181527,-0.217300
-2.604892,-2.061408,3.864241,-2.051360,1.719215,0.125770
-1.546655,-0.486023,3.126827,-2.337808,1.110082,0.297105
-1.431733,1.323993,1.374271,-1.928655,0.603803,0.225693
-2.454057,2.217030,-2.293646,-0.734770,-0.275522,-0.130433
-3.940856,1.960851,-4.855441,0.515071,-1.386270,-0.597941
-7.874530,0.790086,-7.117962,-0.003197,-1.881357,-0.777404
-14.197616,-2.035072,-8.221689,-0.636045,0.860673,0.060087
-6.672641,3.653551,-4.594473,-1.294874,1.373613,-0.138560
-18.756176,2.530671,-3.584120,2.083203,-2.058555,0.013056
-7.922414,-1.051055,2.334346,0.360523,1.043600,-0.357592
0.529118,-1.596933,9.255983,1.747993,-1.491123,-0.220497
-2.789245,-2.719814,4.096479,1.258901,-2.259734,-0.225826
-9.569625,-5.638345,4.371812,0.659494,-2.595743,0.175199
-12.514493,-4.261679,3.778050,0.314159,-2.101056,0.389168
-11.051635,-2.382231,1.891419,-0.275255,-1.711887,0.236218
-9.277532,1.103726,0.550666,-0.227292,-1.631282,0.147087
-7.843405,2.025494,0.646434,0.233021,-1.801285,0.107384
-8.339005,2.808398,0.344765,0.754088,-1.915998,0.180927
-8.702924,1.912967,-0.466870,1.475935,-1.842187,0.156679
-9.026141,0.423773,0.241814,2.178330,-1.751191,0.107917
-8.765173,-1.003171,1.800439,2.762682,-1.727475,-0.040635
-6.945580,-2.458846,3.711012,3.228725,-1.825933,-0.142157
-8.482657,-3.876213,5.583278,1.926923,-2.209106,0.067281
-11.382035,-3.581726,3.531447,-0.185591,-1.520034,0.214768
-10.766725,-1.268927,0.076614,-0.162408,-1.170969,0.076607
-9.976639,-0.749386,-1.175554,0.215301,-1.323785,-0.136029
-8.418014,0.016759,-1.788469,0.557839,-1.336841,-0.278320
-10.086772,1.623268,-0.696713,0.736635,-1.383606,-0.198780
-11.429919,0.385466,-0.361525,1.099690,-0.745828,-0.142557
-12.380417,0.100556,1.951274,1.473537,-0.201445,-0.164407
-11.528081,0.761356,1.046266,1.675915,-0.264996,-0.288712
-13.838486,1.125274,0.859518,1.408520,-0.174133,-0.357192
-15.670050,-0.981623,0.356736,1.316057,0.231689,-0.171735
-15.351622,-2.889802,-0.442928,0.606202,1.005096,-0.059021
-14.250289,-2.492364,-1.221043,0.353728,1.495520,-0.148552
-14.623784,-1.601721,0.478840,-0.344269,2.090397,-0.135762
-11.044453,-0.711078,3.100491,-1.546281,3.097226,0.164673
-14.867993,-2.272098,6.993463,-0.738234,3.002765,0.107517
-13.917495,-0.656012,6.936002,-0.954468,3.285481,-0.220097
-12.095507,1.175553,3.423708,-1.269293,2.283183,-0.334010
-12.993333,1.086967,3.349488,-1.082903,2.335143,-0.095260
-11.729194,1.932120,1.838746,-0.673084,2.535656,-0.056223
-7.673417,1.673546,2.813186,0.519202,2.416680,-0.348799
-5.858612,-0.919374,3.746925,0.617393,2.120241,-0.452852
-2.932898,-2.669535,4.692635,-2.569630,1.731073,0.102588
-1.242591,-0.960075,3.380612,-2.716717,1.291010,0.375712
-6.054936,3.055001,-5.087679,0.272857,-1.153782,-0.567298
-11.858481,1.659181,-9.476251,-0.582087,-1.336175,-0.785531
-18.215088,-0.931345,-11.341334,-0.222496,0.620857,-0.514538
-7.745243,1.628057,-4.158729,-1.235319,1.437964,-0.060753
-4.625598,3.612850,-2.454057,-0.930620,0.062751,-0.350264
-10.244789,4.726154,2.252943,1.043067,-1.483929,-0.053558
-15.164874,1.369483,0.658405,3.095094,-1.828864,-0.270592
-15.356410,1.987187,-1.810017,-0.576624,0.528528,0.110581
-0.905009,-0.220267,7.072471,0.733437,0.471238,-0.228358
0.720654,-0.174777,6.926425,1.947040,-1.468474,-0.452852
-8.259996,-7.682994,2.367865,1.335376,-2.625720,-0.332411
-13.453020,-6.107609,4.661510,0.804849,-2.276788,-0.049295
-8.518570,2.197877,0.766144,-0.134030,-1.508577,0.098324
-8.511387,2.928108,1.077390,0.194784,-1.779169,0.136428
-9.323022,2.489969,0.031124,0.867468,-1.589848,0.180261
-8.947132,1.019929,-0.754174,1.472071,-1.607834,0.031575
-9.011776,-2.023101,0.438138,0.905439,-1.354162,-0.029977
-7.982269,-1.862689,-1.565808,0.931152,-1.552543,-0.159477
-8.844181,-1.240197,0.181959,0.813509,-1.959431,-0.151483
-11.671734,1.130063,0.790086,1.201612,-1.410518,-0.034373
-13.065159,0.107739,0.543483,1.653932,-0.399560,-0.111381
-11.961432,0.488417,0.167594,1.188955,-0.542783,-0.288712
-16.311695,-3.076550,1.369483,1.139393,0.539319,-0.314692
-15.339651,-1.118093,0.600944,0.793658,1.149785,-0.475102
-15.792155,-2.372654,8.573636,0.671085,3.064717,0.097392
-13.783419,-0.409409,6.179434,-0.111780,3.149052,-0.418212
-12.313380,0.993593,3.363853,-1.027345,2.007794,-0.321886
-9.296686,4.328716,2.612074,0.523731,2.452786,-0.094727
-7.721301,2.205059,3.342305,1.425307,2.448256,-0.207440
-6.540959,-2.030284,3.756502,1.399460,2.182327,-0.217966
-6.088455,-2.944869,4.156334,0.295373,1.947973,-0.181194
-5.327099,-2.748544,5.025429,-1.072511,1.896946,-0.106584
-1.699884,-1.182736,3.256114,-1.770243,1.639010,0.342270
-3.040637,-0.627281,-1.185130,-0.677480,-0.354528,-0.122306
-5.039795,1.965639,-5.499482,0.138693,-0.964194,-0.506145
-7.328652,3.981557,-11.245566,0.399293,-1.645538,-0.537721
-16.148891,1.436520,-15.014039,-0.086200,-1.239050,-0.103787
-13.620614,0.335188,-5.485117,-0.487226,1.121940,0.195983
-7.383718,3.622427,-3.670312,-1.413316,1.555074,-0.081137
-9.979033,6.825868,4.158728,1.021350,-0.513473,0.071545
-11.025299,1.678335,-1.592145,3.134663,-1.576391,-0.339739
-1.125275,-1.024719,10.570400,0.691869,-0.734503,0.024914
-3.483564,-0.445322,2.537853,0.375578,-1.644073,-0.081271
-8.710106,-3.112463,3.794809,0.789794,-2.048962,0.130166
-11.008540,-3.203442,3.521870,0.816707,-1.868700,0.209972
-11.530476,-2.504335,2.011129,0.371182,-1.833927,0.029843
-8.810663,2.276885,0.052672,1.074243,-1.859907,0.002797
-8.978257,2.272097,0.275333,1.628618,-1.726010,0.130300
-8.853758,-1.553837,2.475604,2.648103,-1.444093,0.078206
-7.754820,-2.628834,3.303998,2.334477,-1.568397,0.066349
-7.647081,-0.162806,-0.845154,0.866935,-1.724678,-0.173467
-11.994951,0.624886,-0.232238,1.673250,-1.118742,0.006928
-13.431472,-0.821212,-0.112528,1.856177,-0.750757,-0.161209
-12.557588,-0.375890,0.509964,1.788629,-0.180661,-0.369316
-13.800179,-0.141258,0.201112,1.483129,-0.117110,-0.403957
-15.456966,-2.061408,-0.392650,1.217067,1.162042,-0.285514
-14.966155,0.495599,0.816422,0.539719,1.655531,-0.397029
-13.139379,1.570596,-0.107740,-0.058488,2.644506,-0.249675
-11.384429,1.297657,1.838746,-0.377177,3.060187,-0.065016
-15.061923,-0.469264,5.698199,0.482163,3.218466,0.076741
-14.731523,-1.163583,7.589619,0.148819,3.245245,-0.140692
-12.176910,0.565031,4.498704,-0.391166,2.459048,-0.439529
-13.354857,0.105344,3.701435,-0.850148,2.160477,-0.411950
-12.880805,1.086967,2.937685,-0.987243,2.474903,-0.161209
-10.977415,1.886630,2.317587,-0.617793,2.604270,-0.097125
-9.129091,2.487575,3.514688,0.037837,2.590148,-0.196116
-6.732496,1.211466,3.466804,0.547180,2.582553,-0.339606
-4.807557,-0.569820,3.957615,0.318156,2.061619,-0.378643
-4.757279,-1.386243,4.429273,-0.548113,1.731339,-0.369849
-4.017471,-1.558626,4.778826,-1.374146,1.784232,-0.157346
-0.215479,-0.675165,2.894589,-2.096659,1.022016,0.547846
0.308852,1.029506,1.323993,-1.852047,0.066482,0.308030
-6.981493,3.064578,-8.286332,1.203477,-1.903740,-0.731306
-19.613300,0.141257,-14.860810,-0.433134,-0.557039,-0.251673
-19.220652,-4.908114,-11.176134,0.260333,0.746361,0.045964
-11.812991,-1.446098,-7.232884,-0.727309,1.281950,0.338940
-8.324640,4.302380,-4.316746,-1.522166,1.367351,0.150817
-5.734113,7.414842,3.155557,0.127235,-0.273123,0.074476
-9.040506,2.724601,3.907337,3.492523,-1.912667,-0.135762
-19.613300,-1.321600,-3.971981,1.506711,-1.087433,-0.183326
-9.191341,-0.203508,2.001552,1.633814,0.464310,-0.231555
-3.737349,-3.246538,7.972691,2.356593,-1.463011,0.051027
-5.439627,-3.004724,3.969586,1.400260,-1.643273,-0.013989
-7.553707,-5.432444,2.834734,1.026812,-1.776238,0.150284
-10.012552,-5.075708,3.313575,0.602471,-1.913200,0.257802
-10.381259,-3.481170,2.248155,0.220630,-1.712687,0.226626
-9.428367,-0.895432,1.144428,0.142157,-1.690970,0.057555
-8.226477,1.496376,1.225831,0.307097,-1.625154,0.153215
-8.197747,1.443703,0.605733,0.670419,-1.838057,0.153215
-9.062054,1.074996,0.644040,0.974719,-1.717217,0.169869
-8.588002,0.799663,0.213083,1.707224,-1.791959,0.056756
-9.026141,0.023942,1.611297,2.283982,-1.968757,0.038903
-8.420408,-0.677560,2.482787,2.354062,-1.771841,0.031176
-8.101979,-2.535460,3.766079,2.059221,-1.991140,0.207174
-10.134656,-2.755727,1.721430,0.874263,-1.721880,0.219298
-10.026917,-1.996765,-0.126893,0.589281,-1.459281,0.014788
-10.445902,0.004788,-1.388637,0.724644,-1.180295,-0.150684
-11.470621,0.636857,-0.608128,1.526829,-0.850414,-0.186390
-12.892776,1.235408,1.833958,1.502981,-0.196249,-0.294174
-17.731459,-1.144429,1.549048,1.396263,0.278986,-0.086733
-16.397888,-2.930503,0.011971,0.949672,0.958598,-0.075408
-12.945449,-0.553061,-0.395044,-1.055590,2.586417,-0.227292
-11.592725,-0.830788,2.925714,-2.062019,3.181028,0.153349
-14.963761,-2.267309,6.730100,-1.122073,3.474270,0.301102
-14.951790,-1.675942,6.306327,-0.693335,3.703294,0.060620
-10.884041,2.106897,3.586514,-1.443426,2.831562,-0.133231
-12.277467,1.024718,2.942473,-1.268627,2.217633,-0.097525
-12.394782,0.905008,2.293645,-0.836292,2.538054,0.081004
-11.094731,1.077390,2.631227,-0.417679,2.545782,0.050094
-8.932767,0.897825,4.185064,0.021316,2.827299,-0.065016
-5.351041,-1.853113,4.187458,-0.003597,2.091330,-0.312427
-4.242526,-2.473211,4.630386,-1.072244,2.065883,-0.268993
-2.715025,-1.865084,4.316745,-1.656463,1.893881,-0.118442
-0.320824,-1.970428,3.349488,-1.967292,1.458615,0.195716
0.411802,0.179565,3.019088,-2.133831,0.610465,0.375312
-0.248997,1.728613,1.568202,-1.789428,-0.213836,0.215568
-3.617639,1.716642,-3.462016,-0.699330,-1.189887,-0.148019
-16.735470,2.743755,-12.562377,-0.335342,-2.110515,-0.588082
-19.613300,-0.979229,-11.650186,-0.546247,0.307764,-0.325617
-11.626244,-0.962470,-7.484275,-1.064117,0.763281,0.125237
-9.737219,3.495534,-4.050990,-1.542151,1.211338,0.045165
-7.395689,5.149927,-2.679112,-1.277953,1.101422,-0.268727
-7.577649,5.260061,0.543483,0.224228,-0.453785,0.029843
-15.806520,-1.745374,-5.585673,2.333677,-1.519635,-0.369583
-17.611748,3.433285,0.275333,-0.412483,-0.554375,0.171601
-0.351948,-1.812411,3.782838,1.338174,-1.878293,-0.511607
-10.675746,-7.963115,4.893748,0.666289,-2.933484,-0.083535
-10.790667,-2.195483,2.619256,-0.760350,-1.828198,0.340006
-9.085996,1.173158,1.300051,-0.825367,-1.920261,0.152150
-8.204930,2.032677,1.053448,-0.557039,-1.928921,0.160676
-7.920020,2.296039,0.306457,-0.045698,-2.038970,0.210372
-8.245631,1.307234,-0.129287,0.539586,-2.038037,0.214635
-9.047689,1.063025,0.258573,0.914765,-1.988209,0.127635
-9.627085,1.074996,0.629675,1.527495,-1.866302,-0.020650
-8.183382,-1.096545,4.790797,1.507644,-1.959031,0.261133
-9.768343,-1.154006,3.378218,0.176264,-1.815008,0.243413
-9.619903,0.227449,-1.252168,0.666156,-1.617959,-0.103520
-10.534488,1.242590,-2.583344,0.878526,-1.722013,-0.211704
-12.983756,-0.481235,0.160411,1.474203,-0.117376,-0.163607
-13.836092,-0.926557,-1.278504,1.107018,0.145754,-0.244612
-15.083471,-3.052608,-0.361525,0.128701,1.307531,-0.108716
-14.329297,-1.113304,6.770802,0.149085,3.369950,-0.158411
-12.306197,-0.572215,4.819527,-0.627652,2.166739,-0.506678
-13.584701,-1.074997,4.084508,-1.072511,2.180328,-0.551177
-12.617443,-0.754174,3.543418,-1.402924,2.528062,-0.403557
-10.742783,1.108515,2.746149,-1.385604,2.659161,-0.356659
-8.544906,1.968033,2.885013,-0.836159,2.553642,-0.504413
-6.121974,1.462857,3.550601,-0.438597,2.367785,-0.595809
-3.450045,-1.884237,5.046977,-1.538554,2.119708,-0.500682
-1.975217,-1.443704,4.680664,-2.125171,1.684308,-0.244479
-1.185130,0.213083,3.550601,-2.232288,1.366685,0.151350
-0.548273,2.142810,1.403002,-1.748792,0.586750,0.314558
-2.679112,2.750937,-2.638411,-0.289644,-0.745828,0.043033
-9.514558,-0.050279,-7.103597,0.186390,-1.803550,-0.593545
-17.867928,0.062249,-10.419566,-1.261166,-0.829097,-0.412084
-9.969456,-0.351948,-6.191406,-0.854678,1.286347,-0.168137
-2.463634,4.347870,-1.391032,-0.930220,0.782466,-0.347733
-15.550340,-0.656012,0.667982,2.365253,-2.337275,-0.248742
-19.613300,2.968810,-4.019865,0.529327,-1.470872,0.116577
-14.393941,3.739742,0.177170,-0.871998,1.453286,0.027845
1.453280,-3.840300,5.846640,0.726509,0.467375,-0.281384
-1.766921,-2.511518,5.181052,1.372681,-2.044166,-0.399960
-6.088455,-6.090850,2.707842,1.026413,-2.445592,-0.302168
-10.259155,-6.076484,4.984727,0.390234,-2.277454,-0.025580
-12.464214,-2.482788,3.785232,-0.130166,-1.840322,0.115244
-9.679758,1.024718,1.189918,-0.445525,-1.566799,0.112580
-8.619126,2.394201,1.072602,0.071411,-1.750791,0.122173
-8.046912,1.343147,-0.002395,0.719981,-1.732671,0.187989
-8.374918,0.756567,1.572990,1.566132,-1.892282,-0.093661
-8.288727,-0.177171,1.302445,1.880558,-1.988076,-0.149618
-8.966286,-1.513136,2.236184,1.625021,-2.052826,0.010791
-7.900866,-1.443704,3.648763,0.965659,-1.710955,0.242480
-9.749190,-1.185130,2.082955,0.741964,-2.185791,0.323218
-9.883265,-0.421380,-0.553061,1.017620,-1.891350,0.132431
-11.417948,0.196324,-1.230620,1.144456,-1.852047,-0.203843
-12.552800,-0.514754,-1.826776,0.951137,-0.881857,-0.253805
-12.119449,-1.225832,-0.308853,1.232388,-0.342670,-0.224228
-11.920731,-0.627281,1.187524,1.549079,-0.161076,-0.311494
-14.037205,-0.131682,1.297657,1.112080,-0.207574,-0.249542
-17.132908,-2.138023,1.903390,1.180961,0.211571,-0.167471
-15.042770,-2.367866,1.647210,0.158545,0.789661,-0.376244
-15.423448,-0.392650,-0.682348,-0.948739,1.443426,-0.302434
-13.417107,0.189141,0.284909,-0.723445,2.238817,-0.079805
-10.702082,2.183511,4.347870,-0.906505,2.734170,-0.028777
-14.927848,-0.258574,7.517793,-0.379575,3.010892,0.133497
-14.434642,-0.651223,6.742071,0.006395,3.501715,-0.114445
-11.760319,0.818816,2.705447,-0.619125,2.733105,-0.400359
-12.263101,1.587355,2.681505,-1.129267,2.130900,-0.308829
-12.682087,2.547430,2.935291,-0.972587,2.473970,-0.159877
-10.249578,3.560177,2.027888,-0.197981,2.641575,-0.160277
-8.956709,2.930502,2.889801,0.474436,2.442661,-0.292708
-7.350200,1.053448,3.854664,0.996036,2.473703,-0.377177
-6.904878,-1.996765,4.343081,0.685208,2.133431,-0.446990
-6.495470,-2.825158,4.766855,-0.409419,2.011658,-0.404090
-4.917691,-1.881843,4.783614,-1.395863,2.025514,-0.233687
-3.490747,-1.280898,4.458003,-1.961962,1.965293,0.150551
-1.793258,-0.146047,2.770091,-1.953702,1.805416,0.538254
-0.725444,0.931344,1.084573,-1.552410,1.036805,0.614062
-3.277663,0.950498,-1.470040,-0.427938,0.058355,-0.057555
-3.991135,1.374271,-3.948039,0.479099,-0.468307,-0.756753
-4.805163,0.952892,-8.279150,0.708923,-1.422909,-1.045998
-10.486604,-0.086192,-11.283873,0.027578,-2.121573,-0.705326
-18.526333,-3.646370,-11.956644,-0.822169,-0.552643,-0.029177
-11.959038,2.944868,-5.212178,-1.830330,1.158845,0.443260
-5.707777,5.166687,-4.424485,-1.650335,1.374146,0.063950
-0.105345,-3.713407,11.362881,1.326849,-1.174832,-0.048895
-2.343924,-2.269704,4.134786,0.725710,-1.686174,-0.308696
-7.673417,-5.556943,3.758896,0.568497,-2.314092,-0.003996
-12.145786,-3.229779,4.529829,0.098990,-2.018319,0.237018
-10.737995,-1.182736,2.123656,-0.200912,-1.547080,0.101522
-8.839393,1.599326,0.007182,0.141891,-1.777837,-0.067681
-8.736442,2.853888,0.098162,0.732904,-1.940779,-0.111114
-8.676587,2.964021,0.122104,1.277154,-1.884422,-0.044365
-8.453927,0.383072,0.519541,2.396696,-1.614362,0.050627
-9.052477,-0.914586,1.326387,2.655564,-1.560537,0.026912
-8.911219,-2.308011,3.347093,2.561636,-1.552010,-0.124304
-9.349358,-3.239355,2.504334,0.769943,-1.405589,0.050228
-8.686164,-2.185907,0.737414,0.800586,-1.293675,-0.018918
-7.704541,0.158017,0.155623,0.985244,-1.678047,-0.163874
-10.481815,0.562637,-0.043096,1.304866,-1.459281,-0.143623
-12.387600,-0.562638,0.742202,1.857776,-0.315358,-0.424208
-14.508863,0.071826,0.435744,1.304067,-0.007460,-0.506678
-15.389929,-1.984794,-0.948104,1.307397,0.909303,-0.416614
-16.134525,-1.055843,-0.198719,0.872264,1.389068,-0.489358
-14.899117,-1.108516,-0.368708,-0.096725,2.486227,-0.376511
-11.281479,0.122104,3.900154,-1.440362,3.375146,-0.258601
-15.444995,-0.603339,7.283161,-0.685474,3.353429,-0.257003
-15.998056,0.205901,5.734112,-0.204643,3.546215,-0.366652
-13.728353,3.256114,3.253720,-0.421410,2.810778,-0.333211
-14.896723,2.523488,3.790021,-0.277920,2.381241,-0.236218
-12.926295,2.719813,3.641580,0.169470,2.878327,-0.141491
-9.502587,3.466804,3.581725,0.855744,2.841955,-0.127102
-7.735666,3.021482,4.692635,1.642874,2.551510,-0.257535
-6.615180,0.581791,4.594472,1.722679,2.295174,-0.384771
-5.300763,-0.955287,3.988739,0.954601,1.964627,-0.432335
-4.115633,-0.715867,3.701435,0.272058,1.654864,-0.381574
-2.607286,-2.240973,5.078101,-0.725577,1.543217,-0.063018
-0.220267,-1.956063,4.429273,-1.096359,1.460747,0.429537
0.562637,-0.203508,1.889025,-1.151783,-0.620724,0.599273
-5.911284,-0.919374,-5.015853,0.353195,-1.932385,-0.236618
-19.613300,0.636857,-18.064253,0.943410,0.278586,-0.187989
-13.919889,-3.232173,-10.673352,0.640842,0.478433,0.094061
-10.891224,1.810016,-2.822764,-0.252473,0.627519,0.277120
-8.848970,6.823474,1.714248,-0.896246,1.862305,0.057822
-3.303999,5.255272,3.849876,-0.327748,0.490557,0.196915
-9.133880,0.622492,3.411737,2.900976,-1.077307,0.195983
-18.179174,-2.607286,-6.658275,3.414715,-1.883622,-1.014955
-18.006790,0.035913,2.537853,0.336275,-0.035439,-0.195983
-4.860230,-2.279280,11.645396,1.748792,0.477100,0.176797
-0.809241,0.514753,2.336740,0.682943,-0.795257,-0.056756
-7.388507,-3.701436,2.506729,1.336175,-2.305566,0.059021
-11.676522,-4.951210,4.321533,1.126603,-1.753322,0.307231
-8.827422,-0.124499,0.627280,0.598208,-1.473936,0.191320
-8.080431,0.914585,0.296881,1.225460,-1.824601,0.094061
-9.241619,-0.146047,-0.347160,2.279319,-1.475535,0.005196
-9.392454,-1.462858,-0.112528,2.780801,-1.308463,-0.070745
-9.368512,-2.643199,1.479616,2.628385,-1.271691,0.086600
-8.250419,-1.534684,2.655169,0.708790,-1.104619,0.413549
-8.791509,-0.663194,1.544260,0.411551,-1.546014,0.196915
-10.630256,-1.256956,1.189918,0.232754,-1.324717,0.007594
-8.956709,-0.691925,0.002394,0.644972,-1.246644,-0.153082
-10.697294,-0.718261,-0.124499,1.159244,-1.219598,-0.152150
-11.221624,2.011129,1.185129,1.973820,-0.568364,-0.343603
-15.313314,1.912967,-0.292093,2.796922,-0.480431,-0.544515
-16.057911,-3.897761,-1.654394,2.209373,1.256636,-0.287512
-15.363593,-3.536236,-1.295264,1.256636,1.509243,-0.263797
-13.687651,-0.696713,0.591367,0.167205,2.540319,-0.260600
-10.982204,-0.335189,3.557783,-1.457815,3.253106,-0.014388
-14.669274,1.340752,5.992686,-0.044632,3.981481,0.158944
-10.840946,2.822763,2.032677,-0.106984,2.891117,-0.037038
-12.823345,1.659181,2.130839,-0.275788,2.046031,-0.025980
-13.481750,0.409408,2.585737,0.144822,2.484229,0.031442
-11.647792,-0.174777,2.959233,0.466042,2.714319,0.010924
-8.329428,0.265756,3.318363,0.867201,2.847817,-0.174666
-5.949592,-1.292869,2.954444,0.641641,2.342071,-0.422742
-5.214572,-2.949657,4.113238,-0.223162,2.079206,-0.446058
-4.364630,-2.782063,4.678270,-1.237717,2.024981,-0.369450
-2.631228,-2.856283,4.333505,-1.871232,1.992606,-0.165872
-0.620099,-2.183512,3.320757,-2.299970,1.476867,0.164140
-0.069432,-0.141258,2.008735,-2.235619,0.732904,0.303234
-0.984017,0.945709,0.277727,-1.695233,0.005329,0.103653
-3.296816,1.395819,-3.828329,-0.671352,-0.755953,-0.334676
-5.171476,2.188300,-6.344635,0.669353,-1.565466,-0.791926
-9.928755,2.224213,-9.095573,0.138560,-2.004330,-0.844819
-18.186356,-1.594539,-12.234371,-0.890517,-1.042534,-0.320021
-18.593370,-3.730167,-10.070013,-1.106351,-0.023581,0.088731
-13.699622,-0.426168,-6.076484,-1.673517,1.037871,0.237018
-7.723695,3.914519,-4.604050,-1.870699,1.700829,0.138027
-4.350265,5.039794,-2.791640,-1.329247,0.964593,-0.251806
-7.429208,5.650315,1.821987,0.355860,-0.928488,-0.047430
-12.804191,2.054225,0.222660,2.815175,-1.453419,-0.157745
-17.973272,1.405396,-3.167529,1.810212,-1.770243,-0.162542
-17.176003,1.297657,0.239420,0.078073,0.172001,0.005862
-3.646370,-3.394978,6.110002,0.696799,0.334943,-0.403823
-1.584962,-2.023101,5.858611,1.039603,-1.405322,-0.448589
-6.440403,-3.895367,2.856282,0.652699,-2.198315,-0.218232
-10.187329,-4.007894,4.781220,0.385837,-2.087200,0.266329
-11.051635,-2.640805,3.007117,0.211304,-1.687106,0.358125
-10.149021,-1.177948,1.939303,-0.214369,-1.734803,0.116044
-9.557654,1.144428,0.957680,0.075675,-1.707624,-0.003996
-8.681376,1.266532,0.241814,0.478699,-1.720014,0.007993
-8.458715,1.438915,0.572214,0.670819,-1.617160,0.115244
-8.094796,0.505176,0.222660,1.037871,-1.552543,0.201445
-8.884883,0.287304,0.708683,1.470206,-1.646471,0.188788
-9.521741,0.658405,0.988805,1.868301,-1.609299,0.106185
-9.157822,0.512359,1.079784,2.318756,-1.545215,-0.009459
-7.898472,-0.727838,2.401384,2.444925,-1.674982,0.013056
-7.328652,-1.814805,4.608838,1.741331,-1.980082,0.149485
-10.431537,-2.461240,2.118868,0.568897,-1.621157,0.251407
-8.525753,0.244208,-1.714249,0.311761,-1.681111,-0.159744
-11.449073,1.510741,-0.553061,0.513739,-1.617560,-0.097125
-11.674128,1.470039,-0.909797,1.082770,-0.589681,0.004130
-12.966997,-1.127669,-0.287305,1.636612,-0.473237,-0.209306
-14.336480,-0.938528,1.151610,1.054125,0.037571,-0.411284
-16.000450,-1.462858,0.648828,0.768610,0.692136,-0.291243
-13.381194,-0.423774,1.259350,-0.784598,2.434001,-0.224761
-10.718841,-0.174777,3.682282,-1.643140,3.021817,0.053159
-13.788208,-1.441310,5.844246,-0.617659,3.124005,0.164274
-13.776237,-1.012748,5.655104,-0.341738,3.256037,-0.213436
-11.947067,0.835576,4.077325,-0.775405,2.407088,-0.497085
-12.691664,0.873883,3.557783,-0.910768,2.091996,-0.387702
-12.313380,0.893037,2.870647,-0.869466,2.334077,-0.112047
-10.374076,2.212242,2.475604,-0.442061,2.450921,-0.123505
-8.609550,2.255337,2.978386,0.227292,2.495953,-0.283649
-6.354212,0.351947,3.141192,0.616327,2.237618,-0.454584
-5.992687,-2.054226,3.593696,0.307764,1.968224,-0.463777
-4.934450,-2.293646,3.746925,-0.510275,1.774772,-0.427272
-3.744532,-2.099715,4.012681,-1.215335,1.563867,-0.300702
-2.171541,-1.695095,3.672705,-1.714419,1.372547,0.051560
-0.857125,-0.023943,2.418143,-1.770376,0.640442,0.276055
-2.245762,0.964863,0.792480,-1.236918,-0.025313,0.104053
-4.915297,1.450886,-2.729390,-0.412483,-0.639110,-0.231689
-7.491457,1.599326,-8.209718,0.631116,-1.161642,-0.741032
-12.931084,0.450109,-12.445061,0.051560,-1.032675,-0.786996
-15.859192,0.339976,-12.409148,-0.133231,0.262332,-0.428205
-13.158533,-2.221820,-9.617509,0.187056,0.480032,-0.220764
-11.374853,0.205901,-3.663129,-0.540652,0.872264,0.076341
-7.244855,1.927332,-2.286463,-1.005762,1.341505,-0.075275
-4.369419,3.452438,0.521935,-0.541185,0.178396,-0.172134
-10.381259,4.539406,3.737348,1.417446,-1.024148,0.116310
-13.658921,3.538630,-1.520319,2.928022,-1.989275,-0.175998
-19.613300,1.546654,-5.918467,2.111181,-1.629817,-0.342137
-17.281347,-0.361525,1.031900,-0.091663,0.847217,-0.217300
-0.433351,-1.690307,8.652644,1.101688,0.479099,-0.200779
-0.902615,0.430956,6.698976,1.585851,-1.442894,-0.213436
-6.117186,-4.486734,0.816422,1.498451,-2.393631,-0.191852
-10.649409,-5.398925,3.962403,1.128201,-2.312360,0.121906
-12.337322,-3.737349,3.351882,0.899443,-1.746661,0.122839
-10.192117,-0.548273,0.691924,0.442860,-1.382806,0.005995
-9.064448,2.310404,0.464475,1.542018,-1.499650,-0.022516
-8.398860,1.110909,0.435744,1.902142,-1.276754,0.015055
-8.374918,-0.495600,0.282515,2.385105,-1.386404,-0.018918
-9.306262,-1.074997,1.268926,2.924824,-1.378143,-0.072078
-9.500193,-1.821988,1.817199,3.141858,-1.253039,-0.036372
-9.540894,-3.318364,1.711854,2.797855,-1.317656,0.074742
-8.616732,-3.648764,2.509123,2.048563,-1.293008,0.095660
-8.853758,-2.806005,2.698265,1.283549,-1.338840,0.069013
-8.214506,-1.417368,2.521094,0.722646,-1.363488,0.031975
-8.860941,-0.445322,0.895431,0.635912,-1.204410,-0.067414
-9.085996,-0.486023,0.308852,0.757685,-1.358558,-0.175332
-9.811439,-0.356737,0.081402,0.901042,-1.271292,-0.229957
-9.878477,0.442927,0.038307,1.484728,-1.183759,-0.260067
-12.217612,0.414196,1.146822,1.780635,-0.807514,-0.251540
-12.389994,0.799663,0.749385,2.005262,-0.117376,-0.374379
-11.784261,0.897825,-1.369484,1.861639,-0.055823,-0.554908
-14.894329,-0.533907,0.440533,2.066949,-0.048229,-0.639909
-15.923836,-2.023101,1.168370,1.943044,0.912500,-0.594610
-16.105795,0.612915,1.764526,1.087299,1.626086,-0.527329
-13.462596,5.037400,1.903390,0.696399,2.502348,-0.426872
-10.692505,5.588066,1.453280,0.018785,3.061653,0.029310
-11.592725,2.774879,4.237736,1.158045,3.077774,0.437930
-15.701175,-0.296882,7.735665,2.335809,3.259634,0.408620
-14.484921,-0.191537,4.716577,1.473670,3.003164,-0.181993
-12.832921,-0.421380,3.454832,0.293508,2.283582,-0.190520
-14.053964,1.503558,4.302380,-0.168004,2.285314,0.107384
-12.610261,3.825934,3.447650,0.267927,2.559504,0.350131
-10.132262,4.417302,3.718195,1.156313,2.754022,0.203710
-7.151481,1.776497,4.165910,1.902941,2.927222,0.061819
-5.276821,-1.594539,3.739742,1.610765,2.488359,0.030909
-5.789180,-2.817976,2.626439,0.868134,2.053359,0.000000
-6.028600,-4.003106,4.039018,-0.545581,1.950504,0.058888
-3.696648,-3.998317,3.833116,-1.335642,2.107051,0.283516
-1.343148,-3.172318,2.477998,-1.929321,1.500183,0.540385
-0.780510,-0.988806,1.561019,-1.966093,0.870932,0.508943
-0.866702,1.031900,-0.656012,-1.443693,0.112980,0.331612
-1.625663,4.113238,-4.086903,-0.169470,-0.757019,0.031709
-3.998317,6.160280,-10.663775,1.373347,-1.647004,-0.326283
-11.918336,2.250549,-12.878411,0.888652,-1.854711,-0.143223
-17.159245,1.458068,-7.433997,0.448456,-0.806182,0.155347
-13.505692,1.180341,-8.056489,0.084202,0.283249,0.106984
-11.386824,2.760514,-7.690176,-0.155081,0.466708,-0.029177
-9.799468,4.458003,-5.190630,-0.096859,0.796322,-0.298304
-8.985439,5.173869,-1.242591,0.897445,-0.001865,-0.203177
-12.076354,5.264849,2.106897,2.747094,-0.679745,0.202777
-13.062765,1.668758,-2.104504,2.831030,-0.997368,-0.001332
-17.367538,-0.778116,-3.579332,1.467808,-1.018286,-0.059287
-9.198523,-1.261745,3.902548,1.229057,0.355327,-0.293641
-0.287305,-4.000711,7.946355,1.768511,-1.007361,-0.434067
-4.170700,-5.657499,3.462015,1.282350,-2.099457,-0.251673
-9.418790,-7.180211,4.156334,0.744895,-2.237218,0.136428
-12.471397,-5.336676,3.655945,-0.012124,-1.804883,0.492689
-11.034876,-2.379837,2.109291,-0.861339,-1.371482,0.395563
-9.540894,2.073378,0.550666,-0.749425,-1.279819,0.206641
-7.632715,4.019864,-0.213084,0.042900,-1.557872,0.179195
-8.109162,4.378994,-0.174777,0.866269,-1.933851,0.248476
-9.351752,3.102885,-0.045490,1.607701,-1.894947,0.203310
-9.117120,1.096544,-0.328006,2.183659,-1.594377,0.197448
-9.564836,-0.201113,0.050278,2.490224,-1.594910,0.188788
-10.103532,-1.122881,1.723825,2.522599,-1.433967,0.070612
-8.793903,-1.379061,2.561795,2.499151,-1.104353,-0.054225
-6.976704,-2.444480,2.765302,2.117310,-1.274356,0.036905
-7.817069,-2.985570,3.543418,0.900909,-1.678180,0.180261
-10.038888,-2.286463,1.838746,0.363854,-1.266762,0.151217
-10.328586,-2.324770,-0.131682,0.283116,-1.300469,0.032108
-9.332599,-1.173159,-0.708684,0.176131,-1.265163,-0.115644
-8.044518,1.012747,0.490811,0.323352,-1.600373,-0.098191
-10.371682,2.348711,0.452504,0.698531,-1.510309,0.066748
-12.421119,0.775721,0.411802,1.170702,-0.947140,0.155480
-12.773066,-0.859519,0.758961,1.524964,-0.338673,-0.025580
-13.117831,-0.339977,0.026336,1.165373,-0.247010,-0.235419
-15.207969,-0.885855,-0.256180,0.879059,0.013856,-0.265796
-15.729905,-1.843536,-0.727838,0.673617,0.925690,-0.245545
-14.745889,-0.553061,-0.536302,0.119375,1.298071,-0.323485
-14.255077,1.221042,0.069431,-0.267261,2.250541,-0.267528
-11.657368,1.177947,2.454056,-1.186157,3.043134,0.007727
-12.220006,0.555454,5.264849,-0.425806,3.115212,0.125237
-15.093048,-1.235409,6.749254,0.388368,3.157712,-0.060753
-12.677298,-0.177171,4.853046,-0.169603,2.607867,-0.485627
-12.370840,-0.684742,4.055777,-0.508410,2.102255,-0.546780
-13.034034,-0.490812,3.840299,-0.701195,2.170069,-0.353062
-11.913548,0.253785,3.308786,-0.803917,2.489158,-0.230489
-9.742007,1.788468,2.700659,-0.561836,2.598808,-0.328548
-7.539342,2.154781,3.244143,0.108316,2.362189,-0.537321
-6.734890,0.112527,3.660734,0.180927,2.026979,-0.697065
-5.710171,-2.080562,3.770867,-0.408753,1.929987,-0.632448
-4.283227,-2.794034,4.086902,-1.256636,1.641008,-0.454984
-2.686295,-2.291251,4.515464,-2.102921,1.480998,-0.116444
-1.077391,-0.119711,3.383006,-2.283316,1.255970,0.253405
-0.782904,1.980004,2.018311,-1.769443,0.637644,0.451120
-1.970428,3.682282,-0.385467,-0.843353,-0.298970,0.344802
-4.553772,3.904942,-3.330335,0.402891,-1.207074,-0.029044
-7.433997,1.999158,-6.825869,1.005495,-1.762915,-0.441927
-13.249512,0.679953,-8.602367,0.280851,-1.557339,-0.446591
-19.613300,1.838746,-8.808268,-0.008926,-0.170003,-0.276188
-16.855181,-1.611298,-10.098743,0.749558,1.045998,-0.482430
-9.629480,-1.956063,-7.706936,0.693601,1.143923,-0.276454
-5.588067,-0.524331,-2.748544,0.014788,1.309662,-0.132964
-2.123657,0.658405,0.280121,-0.289644,0.803384,-0.254604
-7.362171,3.078943,4.319139,0.509342,-0.943276,0.089131
-13.055582,1.762132,3.234566,2.534990,-1.745328,0.150418
-19.613300,2.197877,-5.477934,2.352996,-2.125837,-0.136828
-19.613300,-0.126893,-0.988806,0.263398,-0.101655,0.090996
-5.849035,2.612074,4.062960,0.589414,1.596509,-0.166139
-0.608128,-0.663194,9.964667,1.971688,-1.358825,0.096326
-5.542577,-1.821988,2.839523,2.016187,-2.043367,-0.132831
-10.694899,-6.112397,3.699041,1.680844,-2.253073,0.272457
-13.563153,-4.843470,3.804386,1.365353,-1.435433,0.379442
-9.404425,-1.640029,1.192312,0.787929,-1.035872,0.337341
-9.033323,1.563413,0.351947,1.021750,-1.320188,0.185324
-8.908825,2.236184,0.483628,1.593978,-1.262632,0.121373
-9.050083,2.226607,0.270544,2.374046,-1.284881,0.119508
-8.516176,1.728613,0.768538,2.693535,-1.329381,0.086067
-8.001422,-0.038308,1.233013,3.361956,-1.422376,0.209839
-7.886501,-2.133234,1.984793,3.395663,-1.579855,0.417679
-9.823410,-4.065355,3.055001,3.170236,-1.864037,0.576624
-10.386047,-5.037401,3.634398,1.525097,-1.074376,0.582753
-9.016564,-3.550602,2.458845,0.545448,-0.961796,0.476301
-9.895236,-0.653618,1.544260,0.321753,-0.958865,0.245678
-9.066842,-0.354342,0.361524,0.699463,-0.924891,0.301235
-9.572019,-0.292093,1.505952,0.823368,-1.193485,0.354661
-9.191341,-0.605734,-0.021548,1.069047,-0.917829,0.252073
-9.821016,-1.762133,-0.452505,1.469007,-1.079439,0.251274
-10.565612,-2.731785,-0.318429,1.179362,-0.694800,0.272724
-9.919178,-3.801993,-1.867478,1.535223,-0.756753,0.310828
-11.176134,-3.478776,-1.946486,1.324717,-0.612863,0.241015
-9.890448,-2.626440,-0.969652,1.528561,-0.482030,0.018652
-12.655750,-0.972046,0.186747,1.256237,-0.263531,-0.150950
-14.568718,-0.818817,0.028730,1.224128,-0.024114,-0.174932
-18.562246,0.445321,0.316034,0.725577,0.182793,0.047030
-14.417883,0.574608,-3.272874,0.315624,1.119008,0.204643
-14.398729,-1.314417,-2.509124,-0.056756,1.013623,0.287779
-13.170504,-2.600104,-0.486023,-0.189321,2.227759,0.177597
-11.827357,-4.711789,2.494758,-1.190820,2.903907,0.062485
-12.931084,-5.102044,7.800309,-2.504880,2.981847,0.058355
-16.651672,-1.699884,8.379705,-2.148086,3.029144,-0.122839
-13.194446,1.295263,4.501099,-2.427339,2.925490,-0.167738
-11.544841,2.252943,2.964021,-2.236019,2.095060,-0.345601
-12.220006,2.059013,2.803610,-1.817140,2.368717,-0.393431
-9.979033,1.386242,2.236184,-1.053059,2.640376,-0.335742
-6.138734,-2.164359,3.165134,-0.725443,1.648736,-0.946074
-2.425327,0.418985,3.521870,-3.928455,1.270759,-0.063151
-2.056620,3.268085,1.403002,-3.668921,0.749292,-0.133897
-2.695872,4.848258,-1.915362,-2.467974,-0.137228,-0.444725
-4.050990,5.394136,-2.212243,-0.766212,-1.057456,-0.745561
-7.268797,2.899378,-3.294422,0.034773,-1.565999,-0.838823
-12.248736,1.077390,-5.295975,-0.654032,-1.316324,-0.751823
-18.162415,0.533906,-8.104373,-1.194950,-0.215035,-0.550911
-15.272613,-3.047819,-10.043676,-0.754488,1.276488,-0.713986
-9.753978,-4.687847,-8.537724,-1.038670,1.095560,-0.692669
-6.373365,-2.408567,-3.689465,-1.683776,1.070246,-0.540252
-2.829947,0.083797,-2.999935,-1.276887,0.368117,-0.556906
-7.754820,1.965639,0.766144,-0.002797,-1.682843,-0.328148
-16.043547,1.695094,3.600879,1.711221,-2.631049,-0.176797
-19.613300,4.220977,-1.991976,-0.652166,-1.586250,0.690937
-15.950172,5.523423,0.517147,-1.846451,1.336175,0.519468
-0.651223,3.043030,4.532223,-0.445525,0.932085,-0.546647
-0.878673,0.624886,4.599261,1.668054,-2.045365,-0.715584
-5.257667,-2.111686,3.689464,2.212304,-2.503814,-0.537721
-9.674969,-5.456386,4.446032,1.820071,-2.377910,-0.215967
-12.234371,-5.216966,3.763685,1.071445,-1.996469,0.017186
-10.706870,-2.030284,1.786074,0.149485,-1.727875,0.220497
-10.139445,0.205901,0.878672,-0.060353,-1.691769,0.326150
-9.545683,0.102950,0.632069,-0.323885,-1.482197,0.372780
-7.965509,0.057460,0.325611,-0.247143,-1.172301,0.386237
-7.802704,0.579396,0.521935,0.151084,-1.461812,0.290577
-9.244013,1.699883,0.203507,0.743163,-1.480198,0.086067
-9.126697,1.647210,0.148440,1.432768,-1.454884,-0.072078
-8.257602,1.144428,1.465251,2.305832,-1.665523,-0.165206
-7.879318,-0.658406,4.295197,2.412817,-1.992073,0.044099
-8.870518,-1.175554,5.655104,0.845352,-1.894814,0.417013
-10.673352,-1.699884,2.159569,0.459514,-1.658328,0.303367
-9.983821,-2.154782,-0.079009,0.681877,-1.436099,0.074476
-7.539342,-1.146823,-1.194707,0.497885,-1.773840,-0.071012
-11.008540,1.142034,-0.967258,0.616327,-1.979149,-0.104719
-13.057976,0.677559,0.567425,0.714652,-0.906904,0.035839
-12.653356,0.220266,0.088585,1.138061,-0.251540,0.021849
-13.026852,0.167594,-0.876278,1.185491,-0.240748,-0.175998
-15.902288,-1.235409,1.201889,1.037871,0.144822,-0.190787
-14.341268,-2.231396,0.155623,0.838024,0.939679,-0.251007
-14.480132,-1.498771,0.146046,0.519868,1.299270,-0.467375
-14.937425,-0.038308,7.611167,-0.590480,3.643607,0.146021
-13.175292,1.046266,4.886565,-0.094993,3.262166,-0.295240
-13.318944,0.356736,2.475604,-0.543849,2.056290,-0.537587
-12.351687,-0.378284,2.671929,-0.810445,2.435866,-0.413016
-10.113108,0.418985,2.813186,-0.647636,2.595743,-0.343470
-7.891289,0.919373,3.730166,-0.173999,2.393898,-0.486560
-5.597644,-1.843536,4.240131,-0.597142,2.149285,-0.490823
-3.201048,-1.515530,4.718971,-2.027246,1.884555,-0.256336
-1.496377,-1.479617,3.454832,-2.181661,1.594644,0.098591
-0.371102,-0.490812,2.272097,-2.335809,0.861739,0.318289
-1.984794,1.865083,0.371101,-2.010858,-0.111381,0.158145
-5.585673,3.368641,-6.165070,0.262332,-1.210538,-0.691336
-8.836999,4.991910,-9.706094,1.572794,-2.015521,-1.158845
-18.641254,0.146046,-10.335769,0.597142,-1.154981,-0.745028
-7.685388,0.308852,-5.044583,-1.933051,1.551877,0.074609
-3.842694,1.561019,-4.450821,-1.735203,1.160577,-0.312693
-4.302381,3.404554,-0.608128,-0.381707,-0.619525,-0.269526
-10.682928,3.541024,3.177105,2.461979,-1.714286,-0.178529
-16.254236,4.278438,-1.510742,2.142091,-2.569497,-0.021316
-19.613300,2.966415,-2.896985,-0.048762,-0.932085,0.332545
-0.201113,-2.573767,7.273584,0.516803,1.247044,-0.620724
-2.401385,-2.662353,3.950432,1.593178,-2.334610,-0.382373
-7.462727,-5.181053,4.826710,1.282350,-2.337941,0.037571
-11.063606,-4.888960,4.108450,0.709855,-2.158478,0.399960
-12.284649,-3.157952,2.305616,-0.028378,-1.841655,0.301768
-10.278308,-0.366313,0.746990,-0.206375,-1.560270,0.084601
-8.832210,1.503558,0.050278,0.060353,-1.690837,0.059421
-8.449138,2.389413,0.363918,0.380241,-1.677247,0.158012
-8.159440,1.790862,-0.385467,1.054258,-1.679112,0.251940
-9.095573,0.871489,0.574608,1.796889,-1.607034,0.140958
-8.499416,-0.629676,2.837128,2.790527,-1.577457,-0.090330
-9.435549,-3.445257,4.163516,1.028544,-1.825534,0.217699
-9.639056,-2.647988,2.844311,0.094460,-1.364287,0.189721
-9.658210,-1.130064,0.538695,0.262332,-1.478600,-0.014388
-9.617509,-0.067038,-0.979229,0.492689,-1.459148,-0.152682
-12.485762,0.122104,-0.660800,1.472471,-0.246744,-0.256736
-14.401123,-0.529119,-0.007183,1.068780,-0.100989,-0.324018
-15.693992,-1.917756,-0.021548,1.009226,0.678946,-0.257669
-13.769054,-1.745374,-0.179566,0.652166,1.022283,-0.348399
-14.245500,-0.708684,-0.045490,0.201712,1.643273,-0.480298
-11.911154,0.914585,0.464475,-0.749425,2.467442,-0.321087
-12.782643,0.873883,4.888959,-1.031609,3.200746,0.199713
-15.533581,-0.529119,6.007051,0.239549,3.542751,0.142557
-12.260707,1.316810,4.101267,0.151483,3.082837,-0.216101
-13.441049,1.110909,2.846705,-0.181727,2.043633,-0.363454
-10.522517,0.979228,2.166752,0.011324,2.470906,-0.253805
-8.669405,1.103726,3.038241,0.323751,2.331146,-0.430470
-6.050148,-2.214637,4.108450,-0.791393,2.038304,-0.384372
-4.031836,-2.573767,4.539406,-1.967691,1.957965,-0.143356
-1.130064,-0.957681,2.849099,-2.463978,1.364154,0.367584
-0.430957,0.684741,1.443703,-2.284249,0.598741,0.385304
-2.219425,1.989581,-1.060632,-1.445025,-0.158145,0.087932
-5.212178,2.334346,-6.488287,0.763947,-1.302201,-0.711454
-17.733852,-3.722984,-9.301474,-0.463911,0.584352,0.055157
-4.431668,6.931213,-2.221820,-1.392932,1.332445,0.046231
-11.140221,4.369418,0.687135,2.483829,-1.410385,-0.141225
-14.547170,5.307945,-3.284845,2.597875,-1.830730,-0.326816
-17.108967,-2.114081,-1.194707,0.676281,0.017852,-0.257402
-3.246538,-5.681441,7.287949,1.651267,-0.019584,-0.394231
-2.964022,-3.406949,5.398924,1.012423,-1.479799,-0.302568
-11.039664,-3.021483,2.600103,-0.703727,-1.944243,0.389834
-10.986992,-0.964864,2.114080,-0.864670,-1.657795,0.103520
-8.037335,4.601655,0.081402,0.718649,-1.919462,0.081004
-8.746019,3.157951,-0.009577,1.475269,-2.042168,0.081537
-8.609550,1.379060,0.634463,2.189255,-1.852180,0.048895
-7.635110,-1.632846,3.076549,2.925624,-1.547480,0.002264
-7.908049,-3.198654,3.912125,2.364454,-1.938514,0.134696
-10.591949,-3.926491,2.928108,1.030276,-1.718549,0.189987
-10.309433,-2.442086,1.505952,0.287246,-1.297405,0.071012
-9.835381,-0.512360,-0.845154,0.486960,-1.277953,-0.082336
-9.346964,-0.011972,-2.013524,0.693202,-1.367618,-0.148819
-10.192117,-0.299276,-0.948104,0.739832,-1.359491,-0.120441
-11.197682,-0.143653,-0.299276,0.992705,-0.788329,-0.041434
-11.906365,-1.103727,0.830787,1.281950,-0.460713,-0.057555
-12.854469,-0.395044,1.417367,1.250508,-0.059687,-0.237551
-13.120226,0.893037,-0.495600,1.040402,-0.009326,-0.461779
-15.591042,0.502782,-0.665589,1.120208,0.232888,-0.492156
-15.756242,-0.502783,-0.842759,1.065183,1.215335,-0.425407
-13.666104,0.062249,-2.233791,0.686140,1.607168,-0.468973
-12.579136,1.079784,-0.799664,-0.005862,2.486494,-0.260866
-15.083471,-0.948104,6.684611,-0.094727,3.071778,-0.160810
-16.261417,-2.252944,5.882553,0.318289,3.779236,-0.478033
-13.146562,0.940921,3.306392,-0.070745,2.566566,-0.716650
-14.623784,0.703895,3.564966,-0.684009,2.183659,-0.716917
-14.645332,0.995987,3.483563,-0.790194,2.477567,-0.491756
-12.533646,1.680729,3.050212,-0.644972,2.826633,-0.468440
-9.538500,3.289633,2.612074,0.170136,2.869667,-0.615261
-7.314287,1.434126,3.926490,0.578489,2.351797,-0.787529
-6.536171,-0.742203,3.842693,-0.001732,2.304500,-0.619525
-5.492299,-1.467646,3.878606,-1.007361,1.898278,-0.457116
-3.924097,-1.460464,4.230554,-1.835259,1.891483,-0.109382
-1.747768,-1.206678,3.409343,-2.208707,1.683509,0.390767
-0.198719,0.565031,2.269703,-2.217233,1.151384,0.814042
-0.344766,2.458845,1.144428,-1.873630,0.574226,0.879992
-1.970428,3.907337,-0.962470,-0.672551,-0.082869,0.258468
-4.101268,2.681505,-4.656723,1.207341,-0.834293,-0.641907
-5.482722,-0.268151,-5.324705,2.317290,-1.387070,-1.136195
-8.580819,-2.003947,-6.497864,2.006595,-1.554541,-1.174699
-15.128961,-1.745374,-10.168175,0.702394,-1.164574,-0.648436
-15.988479,-2.782063,-12.382811,0.396629,-0.240215,0.069146
-12.066777,-1.975217,-7.795521,0.459514,0.222096,0.591546
-8.003817,2.961627,-3.157952,-0.558238,0.686273,0.701195
-5.367801,6.217741,-0.660800,-0.631249,0.307364,0.313493
-11.671734,6.500257,2.750937,1.218799,-1.180295,0.554375
-12.955026,3.454832,2.267308,3.775639,-0.919695,0.285381
-14.834474,2.039859,-6.675035,3.900210,-1.006828,-0.484162
-17.887081,-3.849877,-5.616798,2.477834,-0.662292,-0.723312
-8.317457,-4.161123,3.497928,1.953436,0.268727,-0.124304
-5.204995,-3.648764,8.463502,2.174200,-0.913966,0.287646
-6.327875,-4.367024,3.438073,0.941278,-1.055457,0.243679
-8.377312,-5.329493,4.103661,0.256203,-1.254904,0.324684
-9.813833,-4.374207,3.404554,0.012124,-1.390001,0.253006
-10.759543,-2.750938,1.786074,-0.111381,-1.586916,0.161609
-10.395624,0.023942,0.629675,-0.115244,-1.478333,0.147087
-8.997410,2.047042,0.536301,0.247143,-1.432102,0.203710
-8.398860,2.700659,0.344765,0.917030,-1.610898,0.159078
-8.013393,2.334346,-0.002395,1.581054,-1.525364,0.058355
-7.611168,0.486022,0.263362,2.415215,-1.819005,-0.060353
-8.748413,-0.608128,1.498770,2.931886,-2.077341,-0.088065
-8.676587,-1.249774,3.181894,3.282550,-1.891883,0.049428
-7.477092,-2.454057,5.710170,3.324518,-1.927322,0.346800
-9.794679,-2.475605,5.616797,2.082137,-1.832195,0.703460
-10.843340,0.390254,-0.383073,1.015088,-1.344302,0.326416
-10.656592,-2.269704,-2.925715,1.110348,-1.156313,-0.161076
-9.909601,-2.803611,-0.857125,1.421976,-1.091030,-0.256736
-9.121909,-1.173159,-0.598551,1.682443,-1.126336,-0.217166
-10.788273,1.699883,0.974440,1.395463,-0.117776,-0.201179
-10.757149,1.616086,0.900219,1.645671,-0.441528,-0.340805
-12.373235,1.180341,1.594538,1.755587,-0.129234,-0.455384
-16.893488,-3.066973,1.424549,1.178696,0.706258,-0.497085
-13.103466,2.777273,1.007958,-0.581287,2.370449,-0.252073
-11.506534,3.608061,1.616086,-0.347600,2.869267,0.162275
-14.422671,0.033518,4.721365,1.446091,3.283483,0.425673
-11.535264,-0.514754,3.234566,-0.025713,2.099457,-0.312427
-12.375629,-0.663194,2.602497,-0.226226,2.396429,-0.070612
-10.240001,0.871489,2.870647,0.197448,2.719249,-0.099124
-6.876148,-1.383849,3.399766,0.514938,2.839157,-0.229424
-5.329493,-2.482788,2.602497,-0.045165,2.200446,-0.185324
-5.173870,-3.110068,3.749319,-1.736402,2.179262,-0.097924
-2.243367,3.629609,-2.130840,-0.732505,-0.579555,-0.395963
-9.782708,3.383006,-6.478710,2.062818,-1.967292,-1.041468
-18.246210,-4.182671,-11.027693,0.097125,0.065549,0.005329
-14.221558,-2.549825,-7.623139,-0.969123,1.072244,-0.076874
-8.844181,-1.024719,-6.528988,-1.482996,1.358691,-0.340405
-5.295975,0.696712,-2.387020,-0.956067,0.848283,-0.415947
-7.003040,2.820369,2.011129,0.426206,-0.644972,-0.090863
-10.295068,2.236184,1.982398,2.167938,-1.824068,-0.125104
-19.613300,5.394136,-2.636017,0.802451,-2.250408,0.233954
-19.613300,1.802833,-0.265757,-0.669220,0.255137,0.445658
-5.360618,-0.174777,2.731784,0.084335,1.742797,-0.278453
0.438138,-0.325612,7.161057,1.357359,-1.707224,-0.351463
-4.434062,-3.038242,3.270479,1.567598,-2.236019,-0.346134
-8.686164,-5.125986,3.782838,1.287679,-2.405489,0.033707
-12.706029,-4.256891,3.921702,0.755287,-2.168071,0.316823
-11.121067,-1.280898,2.190694,0.148952,-1.448090,0.243280
-9.454703,1.288080,0.849941,0.191586,-1.576924,0.125237
-8.051701,1.869871,0.565031,0.959397,-1.557606,0.186523
-7.862559,0.878672,0.636857,1.487126,-1.603304,0.109116
-8.765173,0.146046,0.979228,2.068414,-1.573593,-0.007327
-9.196129,-0.737415,2.624045,2.461979,-1.611298,-0.021583
-10.828975,-1.786075,2.494758,2.052959,-1.154581,0.003730
-9.016564,-1.632846,1.362300,1.394264,-0.705992,0.077540
-8.781932,-1.905785,0.821211,1.109682,-1.058921,0.074742
-9.198523,-3.356671,1.273715,1.111015,-1.295806,0.009592
-8.930373,-2.506730,1.982398,0.809113,-1.472737,-0.103787
-9.059660,0.519541,0.107739,0.247010,-1.270892,-0.217833
-9.476251,0.545877,-1.936910,0.414349,-1.109283,-0.284048
-12.469003,1.199495,0.545877,1.689638,-0.611131,-0.190653
-14.841657,0.660799,1.149216,1.545215,-0.044099,-0.521733
-15.643714,-1.086968,-0.512360,1.624754,0.946874,-0.567564
-13.266272,1.671152,0.189141,0.687606,2.143157,-0.672950
-11.892000,3.064578,1.314416,0.052626,3.098425,-0.234220
-15.219940,2.530671,5.999869,0.864937,3.291210,0.258735
-11.523293,-0.598551,4.161122,1.428371,2.021117,-0.600606
-11.700464,0.093373,3.447650,-0.279519,2.441328,-0.226626
-7.520188,1.290474,3.502717,-0.230623,2.636645,-0.051160
-5.307946,-0.672771,2.705447,-0.298304,1.896679,0.089264
-4.917691,-1.462858,2.928108,-0.928355,1.853246,0.394897
-3.280057,-1.225832,2.367865,-1.435433,1.234253,0.943809
-3.387796,-0.689531,1.613691,-1.488858,0.592878,0.671352
-3.986346,0.833182,-0.019154,-0.838956,-0.609266,-0.073676
-6.634333,5.044582,-8.180988,2.135429,-2.394298,-1.164440
-13.563153,2.554613,-11.128250,1.727609,-2.238417,-0.824834
-19.613300,-1.709460,-12.181699,0.035972,0.482030,0.280718
-13.467385,0.299275,-7.704541,-1.012690,1.450088,0.466309
-7.244855,4.309562,-7.426814,-1.368551,1.489924,0.246610
-9.279926,4.709394,4.498704,2.458782,-0.762748,0.082869
-11.518505,0.675164,-3.035848,3.629484,-1.346567,-0.498817
-18.660408,-2.715025,-6.519412,1.893481,-1.602238,-0.359191
-15.543158,-2.039860,3.059789,0.024381,0.522666,-0.239150
-2.276886,-3.567361,8.911218,0.845618,-0.282983,-0.102588
-4.290410,0.521935,5.403713,0.570496,-1.171768,-0.170269
-6.291962,-2.762909,2.018311,0.544782,-1.703893,0.008393
-10.029311,-2.928109,3.708618,0.684675,-1.854178,0.154814
-10.927137,-2.049437,2.047042,0.537854,-1.408120,0.120174
-9.955091,-0.047885,0.770932,0.363587,-1.440362,-0.012656
-8.803480,1.161187,0.679953,1.473670,-1.463811,0.064350
-8.269573,0.023942,0.694318,1.961030,-1.406255,0.088731
-9.818622,-0.521936,0.201112,1.008160,-1.314059,0.004929
-10.050859,-0.148441,-1.091756,1.114878,-1.291809,-0.114978
-9.662998,-0.746991,-0.912191,1.062918,-0.680545,-0.192385
-7.845799,0.071826,-1.161188,1.619691,-0.779802,-0.165073
-11.856087,-0.119711,1.283292,1.732671,-0.944076,-0.173333
-11.654974,-0.486023,0.644040,1.723612,-0.090730,-0.287912
-16.148891,0.011971,-0.720655,1.183226,0.443926,-0.307497
-14.901512,0.991199,-1.252168,0.672018,0.985644,-0.341871
-14.334086,1.606509,-3.720590,0.457116,1.680445,-0.135229
-12.162545,0.778115,0.055066,1.099557,2.437198,0.004396
-10.144233,2.087743,1.903390,0.968857,2.774140,0.118709
-15.722723,0.392649,5.183446,0.990041,2.723245,0.070346
-15.356410,-2.236185,6.162675,0.792592,3.121074,-0.415814
-12.057200,-0.404621,5.612008,-0.124970,2.273457,-0.737434
-11.202470,-0.462081,4.891353,-0.686007,2.045498,-0.698930
-11.760319,0.802057,4.450820,-0.963927,2.127968,-0.314425
-13.031640,2.949656,2.159569,-0.687872,2.487293,0.042900
-10.702082,3.931279,2.276885,0.269260,2.847017,0.171868
-7.536947,2.693476,2.461239,0.667888,2.547913,0.085667
-5.710171,0.414196,2.276885,0.516670,2.104653,0.080071
-4.783615,-0.689531,2.497152,0.140425,1.686440,0.059154
-4.742914,-1.233014,3.248931,-0.302434,1.492456,0.125237
-3.914520,-1.505953,3.136404,-0.629917,1.597175,0.428604
-1.666365,-1.867478,2.647987,-1.047197,1.374546,0.797255
-0.641647,-0.952893,2.138022,-1.443693,0.666555,0.828298
-1.582568,1.216254,1.074996,-1.279419,-0.170402,0.411417
-4.592079,1.707065,-2.492364,-0.199447,-0.741564,-0.285381
-6.564901,1.999158,-8.188170,1.622090,-1.304999,-1.014555
-9.232042,1.972822,-10.510546,1.924258,-1.993805,-1.141791
-17.685968,0.497993,-10.824186,0.656296,-1.113546,-0.452319
-15.852010,-2.765303,-8.698135,0.503613,0.135229,0.072344
-11.240777,-1.204284,-6.090850,-0.125104,0.581421,0.363587
-7.656657,2.770091,-5.487511,-1.002564,0.490290,0.163607
-8.932767,3.359064,-1.290475,-0.309629,-0.561303,-0.082070
-11.523293,4.616020,2.571372,1.828998,-0.831895,-0.006395
-9.955091,2.693476,-0.466870,2.984379,-1.192952,-0.354661
-13.934254,2.382230,-3.399767,1.913866,-1.707357,-0.366652
-15.787366,0.210689,-0.225055,0.683209,-0.258601,-0.097125
-6.596026,-4.371813,3.500322,1.647936,0.056090,-0.249675
-5.104438,-3.931280,5.963956,1.270492,-1.309263,-0.044499
-6.212954,-4.225766,3.081337,0.722779,-1.407054,-0.054091
-8.403648,-3.718196,3.466804,0.360790,-1.544149,0.077807
-10.587160,-3.009512,2.961627,0.111381,-1.582120,0.060886
-10.168175,0.426167,2.121262,0.150018,-1.463811,0.051427
-9.392454,1.843535,0.897825,0.531725,-1.565333,0.130966
-9.289503,2.018311,0.694318,0.956733,-1.641408,0.202911
-8.894460,1.321599,0.670376,1.215068,-1.403191,0.228091
-9.246407,-0.694319,0.775721,1.988875,-1.575992,0.064483
-9.730036,-1.137246,1.343147,2.261200,-1.376278,0.033973
-8.480263,-1.747768,1.410184,2.292243,-1.363754,-0.029044
-8.561666,-1.738191,3.253720,1.757852,-1.283016,0.096992
-10.113108,-2.638411,1.570596,0.848149,-1.440495,0.145888
-9.425972,-1.917756,-0.277728,0.668687,-1.203744,-0.065283
-8.204930,-0.914586,-0.289699,0.833228,-1.221730,-0.189721
-9.294291,-0.052673,0.758961,1.195883,-1.355760,-0.124837
-10.299856,-0.804452,0.656011,1.457949,-0.840289,-0.009192
-11.544841,-0.888249,1.561019,1.510175,-0.605535,-0.139759
-12.248736,0.799663,1.663970,1.606235,-0.345468,-0.327215
-13.062765,1.522712,0.902614,1.704560,-0.270859,-0.440462
-15.531187,-0.150835,0.509964,1.830063,-0.093928,-0.424607
-15.332468,-1.316811,-0.612916,1.454218,0.693734,-0.320953
-15.289372,-0.440534,-0.517148,0.994571,1.016287,-0.246877
-13.898341,1.197100,0.222660,0.792459,1.924924,-0.245012
-12.473791,2.892195,0.787692,-0.130300,2.529794,-0.078206
-10.364499,1.692700,2.609679,-0.403957,3.090964,0.197981
-12.679692,0.246602,6.598419,0.214768,3.047930,0.354528
-13.749901,-0.222661,5.772420,0.925024,3.187689,0.023048
-11.745954,0.213083,2.863465,0.568364,2.336209,-0.405156
-12.447455,0.392649,3.217807,-0.229690,1.915731,-0.381574
-12.504916,1.252167,3.105279,-0.383306,2.208440,-0.160010
-11.269508,2.097320,2.193088,-0.031176,2.445725,-0.126036
-8.959103,2.408566,2.288856,0.642174,2.507944,-0.279785
-7.503429,0.316034,3.306392,0.962195,2.452253,-0.444059
-6.799533,-1.675942,2.834734,0.592745,2.342471,-0.376911
-6.548142,-3.471593,3.440467,-0.444992,1.913466,-0.347733
-4.089297,-2.217031,3.658340,-1.922126,1.938647,-0.005462
-1.879449,-1.015142,2.753331,-2.190054,1.549612,0.328148
-1.058238,0.608127,1.853112,-2.073210,1.034673,0.435399
-1.328782,2.377442,-0.021548,-1.492189,0.283782,0.159344
-3.229779,3.169922,-2.602498,-0.194917,-0.339872,-0.409419
-4.577714,3.064578,-6.179435,1.226926,-1.271292,-0.912767
-7.946356,2.221819,-7.742849,1.577590,-2.033907,-0.999500
-15.444995,0.268150,-9.866506,0.435799,-1.613696,-0.430070
-12.301409,-1.565808,-8.410831,-0.443659,0.385038,0.424474
-7.745243,4.941632,-3.447651,-1.156047,0.678146,0.051560
-8.741231,5.049371,1.355118,0.219431,-0.243546,-0.077807
-13.417107,4.247313,2.961627,2.226293,-0.452319,0.123771
-9.715671,4.120421,-3.873819,2.352330,-0.653099,-0.280451
-14.465767,0.687135,-4.565743,1.826333,-0.652033,-0.601405
-10.256760,-2.353501,3.083731,1.355627,-0.234353,-0.180128
-5.408502,-5.846641,7.177816,2.059354,-1.025613,-0.121506
-7.364565,-5.612009,4.503493,0.694134,-1.805682,0.022116
-9.631874,-6.861782,5.044582,-0.062618,-1.612364,0.283915
-9.299080,-4.211401,3.421314,-0.539586,-1.328048,0.396496
-9.797074,-1.687913,1.553836,-0.712653,-1.521500,0.227825
-9.775526,1.666364,0.414196,-0.363321,-1.365220,0.049961
-8.932767,3.533841,-0.270545,0.473370,-1.559871,-0.034506
-9.172187,2.619256,-0.026337,1.007094,-1.616361,0.089398
-8.978257,1.288080,0.239420,1.470872,-1.526163,0.129500
-8.583213,-0.112528,0.380678,2.023915,-1.573993,0.035173
-8.961497,-0.699107,1.280897,2.281318,-1.574792,-0.018519
-8.671799,-1.019930,2.430114,2.292509,-1.328981,-0.013856
-9.117120,-1.575385,2.693476,2.032308,-1.354694,0.101388
-9.691729,-1.630452,2.971204,1.696832,-1.128335,0.239816
-8.681376,-2.094927,1.884236,1.336841,-1.429837,0.220497
-9.579201,-1.776498,1.414973,1.230523,-1.701629,0.116843
-8.793903,-1.711855,0.014365,0.669486,-1.407987,-0.037038
-9.102755,-1.307235,-0.471658,0.556506,-1.591313,-0.105252
-11.295844,0.538695,-0.258574,0.797655,-0.982846,-0.116044
-11.255143,1.491587,0.047884,1.352563,-0.551177,-0.085934
-11.911154,1.731007,1.043871,1.706025,-0.299770,-0.148952
-12.265496,0.919373,0.818816,1.520301,-0.245145,-0.182393
-14.767436,-1.118093,0.981622,1.445158,-0.056889,-0.217699
-14.324509,-2.506730,0.490811,1.260900,0.638044,-0.292442
-14.851233,-1.654394,0.174776,0.822835,0.838024,-0.440862
-13.824121,0.414196,1.031900,0.040369,1.522566,-0.506145
-10.888830,2.102109,-0.644041,-0.488025,2.296772,-0.186656
-10.376470,3.196259,0.457292,-0.829497,2.805183,0.308297
-13.194446,0.991199,5.248090,-0.523731,3.056457,0.468574
-15.227123,-0.663194,7.563283,0.825100,3.313859,0.156679
-11.906365,0.016759,4.197035,0.618059,2.629184,-0.324284
-11.319786,-0.375890,2.734178,-0.199447,1.786230,-0.350531
-12.691664,0.375889,2.638410,-0.646837,2.068814,-0.088598
-11.372458,1.424549,2.164358,-0.442860,2.440662,0.084068
-9.775526,2.743755,2.602497,0.289777,2.493955,0.055424
-7.359776,1.156399,3.220201,0.832162,2.329947,-0.219565
-6.251261,-1.118093,3.038241,0.707990,2.039503,-0.261399
-6.229713,-2.284069,3.129221,0.053958,1.753056,-0.286580
-5.255273,-2.379837,3.459621,-0.832162,1.713619,-0.177330
-3.351883,-1.905785,2.547430,-1.326183,1.491523,0.093528
-1.941698,-0.948104,1.723825,-1.548013,0.959797,0.388635
-1.201890,0.234631,1.465251,-1.448756,0.364787,0.430869
-2.027889,1.515529,0.179565,-0.816707,-0.315358,0.131765
-3.881001,2.260126,-1.932121,0.266995,-1.174299,-0.225293
-7.048530,2.545036,-5.724537,1.450088,-2.011924,-0.648569
-12.488156,0.490811,-9.057265,1.249042,-2.081604,-0.741032
-19.613300,-3.890578,-12.758701,-0.425140,-0.265263,-0.280984
-15.337256,-3.730167,-10.848128,-0.628451,0.881457,-0.068347
-10.457873,-0.641647,-7.429208,-1.237185,0.873330,-0.007993
-7.984663,2.772485,-3.586515,-1.498984,1.198681,-0.076874
-5.130775,3.361459,-1.211467,-0.997102,1.027479,-0.278053
-6.497864,3.768473,2.317587,0.116977,-0.747027,0.037304
-11.899183,2.015917,1.836352,2.231489,-1.249042,-0.016254
-17.764977,0.189141,-4.062961,1.366019,-1.569197,-0.193718
-19.613300,0.330399,-1.778892,-0.359990,0.365852,0.066082
-4.443639,-1.968034,4.276044,-0.155747,0.983779,-0.260600
-0.581792,1.695094,8.676586,1.140192,-1.229724,-0.274323
-4.043807,-2.059014,2.346317,0.980048,-2.113180,-0.226493
-9.777920,-3.727772,4.402936,0.849881,-2.228292,0.149485
-12.236765,-3.591303,3.921702,0.700263,-1.771975,0.309229
-11.695676,-1.680730,2.030283,0.101122,-1.449688,0.189055
-10.113108,0.816422,0.787692,0.053292,-1.368018,0.160943
-9.074025,1.726219,0.294486,0.423275,-1.437298,0.180794
-8.350976,1.735796,0.483628,0.749292,-1.358158,0.215834
-8.547300,0.653617,0.239420,1.265962,-1.470206,0.203710
-9.011776,0.196324,0.845153,1.661126,-1.431436,0.113379
-9.306262,0.055066,1.407790,1.950904,-1.369483,0.059820
-9.469068,-0.536302,1.869871,2.075209,-1.362555,0.020517
-9.248802,-1.003171,2.566584,1.814742,-1.299270,0.036905
-8.552089,-1.510742,2.557007,1.416514,-1.236119,0.129234
-8.746019,-1.632846,2.612074,1.068780,-1.474603,0.199846
-9.569625,-1.340753,1.889025,0.997235,-1.519368,0.079139
-8.815451,-0.495600,0.490811,0.564900,-1.431969,-0.054091
-9.119515,-0.141258,-0.294487,0.569963,-1.499783,-0.039303
-10.453085,-0.330400,-0.023943,0.868800,-1.430503,0.070479
-11.346122,0.244208,0.265756,1.086633,-0.918362,0.137361
-11.269508,-0.069432,0.687135,1.283149,-0.688538,0.084601
-12.334927,-0.500389,-0.126893,1.120474,-0.388901,-0.045964
-13.804967,-0.950499,-0.409409,1.072644,-0.301369,-0.128168
-15.105019,-1.405397,0.560243,1.007627,0.298571,-0.177863
-13.948619,-0.713473,-0.785299,0.831229,0.721713,-0.239016
-14.496892,-0.318429,0.110133,0.440995,1.260500,-0.318422
-13.125014,0.830787,0.023942,-0.096859,2.035240,-0.249542
-11.951855,0.909796,0.153228,-0.801119,2.711121,0.042633
-12.126632,-1.029507,3.667916,-0.502414,3.151317,0.156413
-14.353239,-1.314417,7.424419,0.137494,3.057922,-0.037837
-12.445061,-0.292093,5.193023,-0.267261,3.063385,-0.407154
-10.733207,0.256179,3.366247,-0.695067,2.069480,-0.538920
-13.089101,0.550666,2.817975,-0.986177,1.971022,-0.384372
-12.797008,1.316810,2.375048,-0.991373,2.423875,-0.150284
-10.742783,2.190694,2.834734,-0.473104,2.715785,-0.106984
-8.010999,1.455674,2.916137,0.175598,2.595743,-0.335076
-6.878542,-0.720655,3.481169,0.235419,2.189388,-0.431669
-6.428432,-2.614469,3.383006,-0.369583,2.151151,-0.308030
-5.015853,-2.336741,3.260902,-1.193485,1.872031,-0.237950
-3.268086,-1.505953,2.671929,-1.662059,1.660727,-0.004396
-1.747768,-0.940922,1.592144,-1.866302,1.087166,0.270725
-1.525107,0.416591,1.989581,-1.873364,0.466309,0.318022
-2.303222,2.583343,1.158793,-1.303134,-0.027712,0.010791
-4.146758,3.196259,-1.652000,-0.094727,-0.720381,-0.408353
-6.584055,3.701435,-4.764462,1.390134,-1.733737,-0.788995
-10.812215,-0.809241,-7.486669,1.098491,-1.917330,-0.922892
-16.814480,-2.351107,-10.781091,-0.813243,-0.477633,-0.581554
-13.539211,-2.815582,-10.958261,-0.558904,0.830829,-0.470972
-9.133880,-2.825158,-8.386889,-0.315757,0.444059,-0.372381
-9.052477,-0.663194,-4.204219,-0.925956,0.471638,-0.370782
-6.983887,2.059013,-1.407791,-1.238917,0.774206,-0.435799
-7.220913,3.782838,2.861070,0.006794,-0.761149,-0.016387
-11.180922,2.566584,2.669534,1.720414,-1.681910,-0.139759
-19.536686,2.992752,-5.233725,0.999367,-2.418679,-0.283516
-19.613300,0.107739,-2.164359,-0.736235,-0.039569,0.204376
-6.969522,0.375889,3.122038,-0.182926,1.998867,-0.431535
0.629675,1.431732,9.179369,0.757419,-0.963661,-0.115244
-3.428497,-0.814029,2.896984,1.579855,-1.818739,-0.346534
-7.912837,-5.142746,1.884236,1.153382,-2.039636,-0.100323
-11.896789,-4.220978,2.829946,1.106218,-1.679645,0.039169
-11.396400,-1.613692,1.659181,0.802584,-1.357226,-0.016920
-10.316615,-0.019154,0.713472,0.884522,-1.208806,-0.025580
-9.083602,0.246602,1.031900,0.585684,-1.140059,0.110715
-8.427590,0.234631,1.144428,0.612996,-1.057456,0.100589
-8.010999,-0.069432,1.242590,0.994571,-1.105952,0.096326
-8.631097,0.000000,1.393425,1.554408,-1.280351,0.045431
-9.911995,-0.464476,1.278503,1.830330,-1.238117,0.023048
-9.469068,-0.586580,1.070208,2.037771,-1.121673,0.021849
-9.121909,-1.039084,1.345541,2.031909,-1.188022,0.026779
-9.275138,-2.030284,1.764526,1.713220,-1.105286,0.024914
-9.382877,-2.640805,1.831564,1.448090,-1.195350,0.018918
-9.052477,-2.561796,1.477222,1.102088,-0.967791,0.063418
-8.904036,-2.437298,1.012747,0.589814,-1.029477,0.072611
-10.002975,-1.395820,0.328005,0.150418,-0.939013,0.044632
-9.251196,0.138863,-0.890644,0.586617,-0.875861,-0.091529
-9.368512,0.428562,-0.878673,1.274090,-1.075175,-0.160543
-11.971009,0.497993,0.339976,1.696699,-0.907970,-0.159610
-12.404359,1.039083,0.277727,1.837125,-0.340405,-0.255937
-12.966997,1.584961,0.090979,1.722279,-0.307497,-0.250607
-14.099454,1.654393,-1.048661,1.929854,0.084601,-0.145621
-13.680469,0.328005,-1.304840,2.048962,0.417013,-0.097924
-13.532028,-1.297658,-1.335965,1.704293,0.776471,-0.133097
-12.935872,-1.486800,-1.003171,1.058655,1.465809,-0.208107
-11.054030,-0.682348,-0.598551,-0.061819,2.210705,-0.013323
-10.474633,-0.395044,1.467645,-0.672684,2.824634,0.225693
-14.180857,-0.371102,5.446808,-0.590613,2.961063,0.403424
-14.942213,0.210689,5.123591,0.045431,3.557673,0.293108
-11.822568,2.296039,2.341529,0.156280,2.552576,-0.058888
-11.992557,1.221042,2.020706,-0.073410,1.903341,-0.151617
-13.259089,0.284909,3.009511,-0.101655,2.107318,-0.052093
-12.210429,0.083797,2.171540,-0.036905,2.412817,0.111248
-10.512940,0.213083,3.406948,0.361855,2.480631,0.037704
-7.819463,-0.275334,3.090914,0.412217,2.457183,-0.166938
-6.689400,-2.099715,1.984793,0.096326,2.024847,-0.168004
-6.464345,-3.270480,2.695871,-0.665623,1.705892,-0.151750
-5.018247,-3.222596,2.762908,-1.535489,1.648336,-0.023448
-2.480393,-2.636017,2.477998,-2.242281,1.286480,0.258735
-0.687136,-0.268151,2.437297,-2.513140,0.756486,0.435133
