-10.886435,-0.907403,1.043871,0.688672,-0.815375,0.337607
-11.314998,-1.726220,0.924161,0.519202,-0.416480,0.289378
-12.057200,-1.582568,0.409408,0.324284,-0.231022,0.092062
-13.271060,-1.467646,0.684741,0.212770,-0.065816,-0.026513
-12.469003,-1.340753,-0.100557,0.185191,0.233687,-0.078473
-13.594278,-1.168371,-0.177171,0.074875,0.271258,-0.179462
-4.867412,1.448492,-0.284910,0.355061,-0.950471,-0.083802
-12.296620,-1.098939,-6.950368,0.632448,-1.374679,-0.649368
-14.970943,-1.089362,-9.346964,0.588349,-0.458581,-0.499217
-13.922283,-2.252944,-9.631874,0.239816,0.300702,-0.312560
-11.243171,-1.199496,-6.579267,-0.912633,0.632048,0.055557
-8.049306,3.909731,-1.886631,-1.123405,1.034540,0.037970
-7.422026,3.610456,1.051054,0.120174,-0.368117,-0.007727
-9.528923,4.685452,2.724601,1.420644,-0.847350,0.181860
-15.780184,0.505176,-2.164359,1.832328,-1.245045,0.024781
-5.358224,0.325611,4.970362,1.283549,-0.944076,-0.074875
-9.109938,-2.387020,2.011129,0.631915,-0.955933,-0.040768
-10.647015,-4.331111,1.312022,0.387836,-0.720514,-0.124704
-10.240001,-2.018312,1.630451,-0.054758,-0.663224,0.023581
-9.897630,0.636857,1.110909,-0.104186,-0.618192,0.102055
-9.770737,1.453280,0.198718,0.047030,-0.657762,0.050228
-9.009381,1.228225,0.493205,0.555440,-0.811511,-0.077940
-9.339781,0.651222,1.254561,1.067448,-1.000566,-0.075542
-9.662998,-0.126893,2.298433,1.292342,-0.877593,-0.037970
-8.755596,-0.565032,2.126051,1.360690,-0.775139,-0.037304
-8.683770,-0.500389,1.862688,1.377211,-0.892515,0.000932
-8.796297,-0.148441,1.999158,1.571728,-0.962595,0.043166
-9.380483,-0.375890,1.898601,1.617959,-1.093561,0.152549
-9.722853,-1.367090,1.611297,1.549878,-1.117676,0.196516
-10.043676,-2.540248,0.361524,0.832028,-0.955667,0.128301
-9.921572,-2.214637,0.545877,0.349199,-0.782466,0.058088
-9.607932,-0.919374,-0.773328,0.423009,-0.675082,-0.033041
-8.825028,0.067037,0.174776,0.861473,-0.580088,-0.059154
-10.093955,-0.268151,2.066196,1.331645,-0.489091,-0.148952
-12.117055,0.181959,1.956062,1.405189,-0.350531,-0.262465
-13.654133,0.723048,1.034295,1.555074,-0.207707,-0.334410
-12.955026,1.113303,0.289698,1.626486,0.077940,-0.340805
-13.431472,-0.186748,0.217872,1.706158,0.229690,-0.339606
-13.460202,-1.304840,0.514753,1.390400,0.784865,-0.371315
-12.615049,-1.146823,0.416591,0.891316,1.162175,-0.395430
-11.420342,0.047884,0.620098,0.312960,1.826999,-0.319088
-8.875306,2.171540,1.115697,-0.076474,2.245478,-0.058355
-10.565612,2.875436,2.501940,-0.319754,2.420411,0.108849
-11.741165,2.774879,4.213794,0.173733,2.554442,0.119508
-11.312603,2.097320,3.912125,0.681344,2.075475,-0.113379
-11.501745,0.026336,3.102885,0.537454,1.671385,-0.253805
-11.887212,-0.409409,2.650381,0.101788,1.835259,-0.172934
-11.595119,-0.952893,2.171540,-0.007727,2.002465,-0.100323
-10.503363,0.928950,2.935291,0.127901,1.975552,0.094327
-8.406043,-1.898602,2.990357,0.235552,2.232555,-0.184258
-8.236054,-1.833959,3.751714,-0.086733,1.696033,-0.271658
-7.659052,-2.152388,3.505111,-0.702128,1.753455,-0.283516
-6.279991,-2.061408,2.473210,-1.490590,1.616361,-0.038770
-4.620810,-1.022325,1.043871,-1.933851,1.238650,0.191453
-3.098097,0.804451,0.584185,-1.768777,0.641641,0.223695
-2.743756,2.279279,0.102950,-1.237318,-0.123505,0.148286
-3.952827,3.275267,-0.227450,-0.213969,-0.764214,-0.018519
-5.164293,2.403778,-1.063026,0.938347,-1.175632,-0.336542
-7.764396,0.828393,-3.471593,1.377610,-1.524964,-0.620058
-12.696452,-1.170765,-8.343793,1.225593,-1.491523,-0.732371
-17.300503,-2.456451,-11.283873,0.178796,-0.467108,-0.442327
-11.377247,-1.151611,-8.901642,0.070879,0.647636,-0.114312
-7.508217,-0.366313,-6.574478,-0.102188,0.400759,0.114445
-7.335834,1.441309,-3.560178,-0.850548,0.324817,0.244745
-7.841011,3.679887,-1.948881,-0.748892,0.246078,0.076874
-9.931149,2.992752,0.718260,-0.114179,-0.640575,0.065283
-12.215217,5.319916,3.095702,1.309662,-0.780601,0.267128
-13.960590,3.066972,-0.158018,2.492356,-0.820038,0.016120
-15.940595,-2.686295,-3.265692,1.572528,-0.694134,-0.440995
-11.520899,-2.765303,-0.450110,1.059321,-0.141624,-0.530526
-5.219360,1.278503,3.342305,1.412517,-0.306165,-0.318422
-4.359842,1.520318,4.120421,1.530160,-0.934616,-0.030643
-6.045360,-0.225055,4.537012,1.810079,-1.114079,0.140026
-8.456321,-3.102886,2.820369,1.437298,-1.247976,0.105519
-10.773908,-5.401319,2.070984,0.883456,-1.235453,0.034107
-10.790667,-4.144364,2.748543,0.591413,-0.992039,0.103920
-9.629480,0.481234,1.788468,0.435799,-0.795257,0.188122
-9.490616,1.783680,0.881066,0.933817,-1.073443,0.067681
-8.813057,0.361524,1.288080,1.526430,-1.175498,0.013722
-9.363723,-0.792481,2.719813,1.971289,-1.322453,0.016120
-10.137050,-1.857901,4.376600,2.060687,-1.141658,0.019052
-9.902419,-2.410962,3.189076,1.724944,-0.873463,0.011191
-9.935937,-1.783681,2.003946,1.355227,-0.768344,-0.038637
-9.349358,-0.548273,0.617704,1.265563,-0.618326,-0.083669
-9.677364,0.095768,0.373495,1.459015,-0.648303,-0.092329
-9.131486,-0.399832,1.211466,1.683243,-0.764480,-0.075808
-9.607932,-1.453281,2.667140,1.560270,-0.847616,-0.047030
-8.985439,-1.127669,2.195482,1.113679,-0.744762,-0.000399
-8.975863,-0.694319,1.307234,0.765146,-0.761149,0.083402
-9.229648,-0.083798,0.907402,0.615794,-0.722512,0.109116
-8.418014,-0.126893,0.356736,1.042667,-0.912767,0.137094
-10.460268,-0.893038,0.529118,1.239982,-1.098224,0.092862
-10.448297,-0.591368,-0.244209,1.211338,-0.735303,0.006128
-13.687651,0.507570,0.198718,1.524431,-0.101255,-0.238084
-12.873623,-0.536302,-0.093374,1.013623,0.871998,-0.463511
-11.587937,0.136469,0.811634,0.857342,1.357359,-0.458715
-11.269508,0.201112,1.216254,0.627385,1.962895,-0.330946
-11.116279,-0.304064,1.618480,0.412750,2.533924,-0.144289
-12.148180,-0.057461,3.428496,0.406088,2.661293,-0.060353
-12.208035,1.007958,4.556165,0.258868,2.489824,-0.181194
-11.470621,1.575384,4.402936,-0.019584,2.042168,-0.389701
-10.371682,0.615309,3.842693,-0.499750,1.899477,-0.349065
-10.266337,0.311246,3.648763,-0.503747,1.940246,-0.140558
-11.377247,-0.603339,2.947262,-0.388768,2.010459,-0.013189
-11.324574,-0.138864,2.267308,-0.571428,2.155814,0.046364
-9.809045,0.366312,1.812410,-0.764880,2.150485,0.084868
-8.796297,-1.142035,2.149993,-1.055191,2.154615,0.093261
-7.486669,-0.936133,1.905784,-1.293008,1.993138,0.106052
-7.034165,-1.455675,2.140416,-1.493388,1.646338,0.154015
-6.426038,-0.972046,2.207453,-1.642207,1.362422,0.225960
-5.758055,0.064643,1.805228,-1.566132,0.991639,0.218765
-5.078102,1.156399,1.534683,-1.164307,0.655364,0.090330
-4.048596,1.874659,0.330399,-0.623388,0.155747,-0.152150
-4.254497,1.944091,-0.447716,0.018785,-0.388901,-0.330679
-4.896143,1.498770,-0.792481,0.378909,-0.876261,-0.436598
-6.528988,0.881066,-2.346318,0.396629,-1.201212,-0.460979
-9.220071,0.074220,-4.204219,0.243546,-1.288212,-0.330946
-11.791444,0.222660,-6.203377,-0.012257,-0.982180,-0.186523
-13.156139,-0.272939,-7.821857,-0.528794,-0.420744,-0.164407
-12.200852,0.031124,-8.937555,-0.710655,0.212903,-0.115511
-9.105149,0.169988,-6.497864,-0.348266,0.396496,-0.172534
-8.348582,1.165976,-4.074932,-0.240215,0.301369,-0.209306
-8.628703,1.786074,-2.147599,0.034107,-0.143756,-0.221829
-12.959814,4.252102,1.927332,0.865203,-0.915031,0.088465
-13.259089,5.702988,-0.596157,1.842587,-0.392632,0.102987
-13.395559,2.420537,-2.576161,1.597708,-0.750358,0.019851
-12.818556,-2.717419,-1.254562,0.938214,-0.332411,-0.265529
-6.926426,-1.544261,4.213794,1.177097,-0.458048,-0.261532
-4.479552,-0.172383,4.781220,1.373347,-1.076108,-0.127502
-6.150705,-0.735020,4.271255,1.485261,-1.450354,0.125903
-8.523358,-2.346318,3.442861,1.183759,-1.315524,0.252739
-10.539276,-4.007894,2.422932,0.679212,-1.111414,0.125770
-10.757149,-4.548984,1.426944,0.012656,-0.833627,-0.052626
-10.247184,-1.640029,1.233013,-0.162009,-0.734237,-0.063817
-9.911995,1.019929,0.325611,0.008260,-0.608600,0.031042
-9.337387,2.274491,0.007182,0.232488,-0.719182,0.058355
-9.263167,1.786074,-0.323218,0.768610,-0.866535,0.037437
-9.481039,1.079784,0.562637,1.167371,-0.907304,0.022116
-9.591172,0.225054,1.096544,1.535889,-0.901042,0.007993
-10.232818,-0.823606,1.594538,1.667388,-0.874263,-0.004796
-9.555259,-1.312023,2.164358,1.459814,-0.564234,-0.014388
-8.810663,-1.572991,1.783680,1.182427,-0.552776,-0.026646
-8.698135,-1.505953,1.912967,0.917696,-0.621523,-0.006128
-8.889671,-0.991200,1.453280,0.944342,-0.579822,0.011191
-9.071631,-0.845154,0.778115,0.948739,-0.692136,0.063950
-9.270349,-0.826000,1.089361,0.923691,-0.789394,0.085800
-9.112332,-0.677560,1.331176,0.771541,-0.889185,0.050627
-9.210494,-0.622493,1.077390,0.488825,-0.891849,0.084868
-9.315839,-0.651223,0.660799,0.371182,-0.783266,0.097258
-9.502587,-0.861913,-0.457293,0.411950,-0.739566,0.005462
-10.192117,-1.031901,-0.471658,0.481497,-0.458048,-0.009725
-9.809045,-1.424550,-0.086192,0.764880,-0.257402,-0.022915
-10.601525,-0.905009,1.362300,0.814042,-0.212237,-0.076607
-11.276690,0.701501,0.620098,0.741564,-0.158678,-0.138960
-12.315774,0.682347,-1.082180,0.952869,-0.152816,-0.077673
-12.631808,-0.390255,-0.751780,1.343903,-0.096326,-0.074209
-12.871229,-0.577003,-0.191537,1.499117,0.252739,-0.159211
-13.953408,-1.436521,-0.768539,1.164840,0.533324,-0.318689
-15.045164,-2.183512,-0.416592,0.484295,1.343903,-0.379176
-12.401965,-0.742203,0.785298,-0.108849,2.181927,-0.297105
-10.141839,1.637633,0.311246,-0.548379,2.442128,-0.137627
-11.362882,3.105279,1.975216,-0.601405,2.469840,-0.016387
-12.004528,4.472368,3.248931,0.089264,2.354728,-0.059287
-11.731589,3.718195,3.122038,1.258768,1.977550,-0.334676
-9.921572,0.677559,3.303998,1.512973,1.647936,-0.506678
-10.417172,-1.142035,3.294421,0.917163,1.430903,-0.413682
-11.365276,-0.627281,2.841917,0.254338,1.760783,-0.180661
-9.928755,-0.557849,2.796427,-0.282849,1.929454,-0.024647
-8.916007,0.035913,3.122038,-0.624587,1.919728,-0.012656
-8.643068,-0.445322,2.853888,-0.863871,1.860040,-0.013323
-7.982269,-0.754174,1.814804,-0.911567,1.765713,0.126969
-6.957551,-0.620099,0.881066,-1.033874,1.469540,0.276854
-5.837064,-0.040702,0.859518,-1.259168,1.109149,0.455117
-4.857836,1.134851,0.648828,-1.250508,0.736768,0.512007
-4.807557,2.087743,0.323217,-0.889584,0.212370,0.400493
-4.951210,2.789244,-0.153229,-0.230623,-0.200246,0.201712
-5.295975,3.124433,-0.833183,0.521466,-0.528128,-0.002931
-5.966351,2.030283,-1.711855,1.221463,-0.886120,-0.184525
-7.359776,0.328005,-3.296816,1.708823,-1.065450,-0.298437
-9.727642,-1.946486,-4.984728,1.615694,-1.057056,-0.275255
-11.987768,-3.622428,-7.541736,0.830030,-0.707590,-0.232088
-12.581530,-2.406173,-8.971074,-0.186390,-0.323618,-0.146954
-9.739613,-1.309629,-8.058883,0.191586,-0.080871,-0.102055
-9.088390,0.287304,-4.637569,0.166539,0.083003,0.156280
-8.686164,2.813186,-2.281675,-0.592212,0.645105,0.331745
-8.513782,4.012681,-1.106122,-0.613929,0.110182,0.240882
-11.767502,3.327940,1.237802,0.439929,-0.767944,0.186124
-13.019669,5.051765,-0.770933,1.914665,-0.506811,0.167471
-11.590331,1.300051,-2.995147,2.435866,-0.674949,-0.249675
-12.593501,-2.695872,-1.838747,1.846717,-0.660826,-0.533191
-8.980651,-1.120487,2.075772,1.742531,-0.445791,-0.286980
-5.240908,-0.531513,2.616862,1.532025,-0.834427,0.001865
-6.629545,-0.737415,4.278438,1.647537,-1.100356,0.206375
-7.872136,-2.106898,2.717418,1.283149,-0.948606,0.201845
-9.543288,-3.890578,1.632845,0.646437,-1.071045,0.128568
-10.788273,-4.443639,1.716642,0.222229,-0.980981,0.122173
-10.457873,-2.257733,1.326387,0.151350,-0.798854,0.137228
-9.641451,0.732625,0.440533,0.217699,-0.717050,0.150018
-9.840169,1.783680,0.095768,0.525597,-0.881058,0.192119
-10.139445,1.304839,0.136469,0.948339,-0.821103,0.105519
-8.762779,1.101332,0.138863,1.351097,-0.919295,0.038903
-9.780314,0.189141,0.893037,1.777304,-1.188289,0.073410
-10.292673,-0.596157,2.044648,1.980481,-0.936482,0.066748
-9.220071,-1.146823,1.898601,1.884555,-0.740099,0.053958
-9.081207,-1.472435,1.716642,1.782233,-0.757819,0.081937
-8.702924,-1.225832,1.896207,1.752923,-0.730107,0.127901
-9.203312,-1.606510,1.149216,1.755454,-0.854544,0.193185
-9.042900,-1.934515,1.891419,1.483796,-0.921427,0.177064
-8.889671,-1.589750,3.440467,0.880258,-1.004563,0.117776
-8.980651,-1.917756,1.946485,0.452319,-0.967125,0.078739
-9.148245,-1.994370,1.039083,0.076607,-1.076774,0.109516
-8.937555,-0.560244,0.454898,-0.125503,-1.014688,0.119908
-8.259996,1.089361,-0.019154,0.268860,-1.239050,0.149218
-10.472239,1.568202,-0.031125,0.972054,-1.374279,0.232754
-11.449073,0.617704,-0.079009,1.259701,-0.976984,0.258068
-11.506534,0.332794,0.521935,1.164840,-0.579422,0.239016
-11.750742,-0.292093,0.028730,1.006561,-0.316957,0.179862
-12.890382,-1.491588,-0.282516,1.088365,-0.227292,0.061286
-13.328521,-2.561796,0.486022,0.827099,0.151350,-0.019718
-13.539211,-2.499547,0.241814,0.524131,0.309096,-0.154947
-13.860034,-2.123657,0.519541,-0.004263,0.675615,-0.249941
-12.775461,-0.902615,0.742202,-0.361855,1.224261,-0.278186
-11.370064,0.306457,0.047884,-0.656030,1.769710,-0.203044
-9.962274,1.525106,0.840364,-0.860673,2.290377,0.007327
-9.955091,2.930502,1.946485,-0.814975,2.564167,0.162675
-11.537658,2.573766,4.216189,-0.982313,2.644239,0.189987
-11.137827,1.865083,4.405331,0.094727,2.613863,-0.025313
-10.917560,0.344765,2.971204,0.688405,1.916397,-0.322286
-11.465832,-1.300052,2.911349,0.328548,1.609033,-0.312960
-12.342110,-1.285687,2.379836,-0.339339,1.783166,-0.187722
-11.082760,-1.295264,2.473210,-0.624721,2.068414,-0.186257
-9.445126,-0.782904,2.755726,-0.768744,2.085468,-0.177330
-9.145851,-1.194707,3.500322,-0.827898,1.859374,-0.202244
-9.038112,-2.159570,3.610456,-0.964593,1.907338,-0.211437
-7.694965,-2.090139,2.650381,-1.196682,1.711088,-0.220097
-5.853824,-1.563414,2.353500,-1.440762,1.485394,-0.085267
-4.053384,0.301669,1.515529,-1.607034,1.058122,0.035173
-3.392584,1.783680,1.438915,-1.594777,0.510408,0.016387
-3.172318,3.016694,0.421379,-1.138061,-0.201045,-0.175065
-4.434062,1.948880,-0.852336,-0.158411,-0.788728,-0.440329
-5.820305,0.979228,-2.133234,0.450454,-1.330713,-0.551310
-8.501811,0.009576,-3.608062,0.515871,-1.525364,-0.437797
-12.394782,-1.800440,-5.595250,-0.451920,-1.142324,-0.196516
-14.676457,-1.891420,-6.495470,-1.620358,-0.121240,0.055823
-11.537658,-0.612916,-6.473922,-1.540286,0.748626,0.017852
-8.781932,-0.725444,-6.131551,-1.391200,0.488159,-0.078739
-8.671799,1.549048,-4.041413,-1.219198,0.336941,-0.179728
-6.878542,2.913743,-3.773262,-0.641907,0.120574,-0.308829
-6.586449,3.124433,-1.520319,-0.023315,-0.479232,-0.283249
-10.110714,3.969586,1.788468,0.949938,-1.287413,0.070745
-14.020445,3.533841,1.355118,1.603970,-1.295673,0.201578
-17.530346,1.393425,-1.922544,1.248509,-1.161110,0.041301
-14.393941,-1.532290,-3.236961,0.429404,-0.003597,-0.060886
-7.788339,-1.067814,-0.248997,0.043833,0.102721,-0.122572
-4.814740,-0.481235,3.581725,0.828031,-0.931819,-0.025980
-5.398925,-1.110910,4.230554,1.201612,-1.435433,0.053825
-7.472304,-2.703054,3.670311,0.763015,-1.539086,0.085401
-10.409989,-4.637569,2.930502,0.266329,-1.407854,0.066882
-10.682928,-3.672706,2.798821,-0.186656,-0.934217,0.115111
-10.067618,-0.979229,1.879448,-0.347866,-0.860673,0.128301
-9.320628,0.847547,1.331176,-0.248875,-0.860007,0.155480
-9.454703,1.738190,0.656011,0.007460,-0.949272,0.125903
-9.634268,1.551442,0.339976,0.321486,-0.982047,0.079405
-8.896854,1.082179,0.636857,0.812843,-1.074776,0.006128
-9.943120,0.466869,1.702277,1.249442,-1.332845,-0.014255
-10.034100,-0.114922,2.906560,1.342970,-0.951137,-0.028111
-8.949526,-0.502783,2.530671,1.218799,-0.764347,0.010258
-9.344570,-0.804452,2.123656,0.969390,-0.726110,0.033840
-9.009381,-0.624887,2.044648,0.828298,-0.651767,-0.006395
-9.318233,-0.598551,1.790862,0.853345,-0.736768,-0.043966
-8.920796,-0.584186,2.509123,0.824168,-0.766079,-0.020650
-8.585608,-0.579397,2.284068,0.771541,-0.975252,0.032241
-9.545683,-0.486023,2.130839,0.621923,-1.047597,0.087532
-9.277532,-0.059856,1.754949,0.477500,-1.008959,0.042101
-8.779538,0.871489,0.814028,0.500816,-1.067048,-0.018918
-9.198523,1.347935,0.045489,0.805782,-1.110748,-0.008660
-10.781091,1.343147,0.076614,1.067981,-0.925823,-0.007061
-11.714829,0.150834,0.090979,1.189355,-0.483895,-0.069280
-10.699688,-0.490812,-0.253786,1.462345,-0.069280,-0.078073
-11.736377,-1.268927,0.138863,1.721347,-0.210238,-0.029710
-14.183251,-2.643199,1.774103,1.417313,0.151350,-0.019185
-13.792996,-2.942474,0.687135,0.771541,0.538920,-0.066748
-14.147338,-2.827553,-0.390255,0.286047,0.742364,-0.140825
-13.737930,-2.937686,0.064643,-0.103254,1.248909,-0.243280
-12.437878,-1.362301,0.596156,-0.703194,1.748393,-0.266862
-10.290279,0.632069,1.391031,-1.542018,2.128768,-0.114179
-9.682152,0.849941,2.396595,-1.489125,2.433334,0.099523
-10.965444,1.529894,4.345476,-1.127802,2.426540,0.041301
-11.121067,1.927332,4.323928,-0.581554,2.414549,-0.137094
-10.632650,0.955286,2.777273,-0.357592,1.953436,-0.278053
-11.147403,0.284909,2.667140,-0.685741,1.663524,-0.274589
-11.808203,0.009576,2.908955,-1.182693,1.855777,-0.168137
-10.747572,0.028730,2.178723,-1.035872,2.113446,-0.161342
-8.786721,0.543483,2.322375,-0.489624,1.995670,-0.306831
-8.480263,-0.926557,2.738966,-0.366785,1.796223,-0.349199
-8.710106,-1.266533,2.609679,-0.468840,1.663658,-0.308030
-8.224083,-2.020707,2.631227,-1.043333,1.636745,-0.255937
-6.924032,-1.821988,2.317587,-1.631282,1.580655,-0.094727
-4.948815,-0.919374,2.035071,-1.858841,1.341771,0.035572
-3.971981,0.237025,1.951274,-1.978483,0.824834,0.139093
-3.823541,1.821987,0.811634,-1.719082,0.280318,0.063151
-4.503494,3.265691,-0.713473,-0.871998,-0.383439,-0.120707
-4.833894,3.421314,-2.521095,0.006261,-0.997768,-0.381973
-6.734890,2.528276,-4.232949,0.345335,-1.541618,-0.531326
-10.603920,0.392649,-6.191406,-0.141358,-1.439829,-0.401292
-13.855246,-0.064644,-6.088455,-0.556773,-0.536388,-0.179062
-12.682087,-0.119711,-6.691794,-0.310695,0.276987,-0.176664
-10.340557,-0.737415,-7.280768,-0.345335,0.298704,-0.211837
-10.388442,-0.773328,-5.118804,-0.587283,0.451653,-0.252473
-9.188946,-0.031125,-3.983952,-0.875062,0.623122,-0.246477
-8.231266,0.459686,-2.063802,-0.651100,0.128035,-0.172534
-10.208876,2.389413,0.497993,-0.130166,-0.817373,0.176931
-12.595895,3.636792,0.402225,0.674283,-0.742764,0.221829
-13.077130,2.595314,-2.420538,0.434466,-0.556240,0.218499
-12.306197,0.306457,-1.458069,0.107384,-0.349065,0.014255
-8.271967,-0.122105,0.615309,0.302168,-0.276321,-0.254338
-5.861006,0.107739,2.396595,1.142191,-1.124471,-0.292042
-7.163452,0.117315,3.596090,1.395330,-1.193351,-0.139759
-7.046136,-1.606510,3.569754,1.243580,-1.095560,-0.033441
-8.772355,-3.677494,3.126827,0.982446,-1.404789,-0.048362
-10.857705,-4.742914,2.164358,0.310029,-1.191886,0.030243
-11.046847,-2.932898,1.807622,-0.283915,-0.805249,0.128168
-9.555259,-0.366313,1.204283,-0.598208,-0.712254,0.142557
-9.512164,0.825999,0.306457,-0.503880,-0.885721,0.136295
-9.674969,1.206677,-0.093374,-0.110715,-0.879992,0.034373
-8.839393,0.782903,-0.193931,0.307497,-1.053592,-0.034373
-9.354146,0.524330,0.706289,0.690937,-1.234120,-0.031842
-9.528923,0.289698,1.067813,0.915831,-1.132198,-0.031709
-9.591172,0.270544,1.256955,1.051061,-1.042401,0.027045
-9.500193,0.476446,0.993593,1.086367,-0.942877,0.083003
-8.592790,0.577002,1.010353,1.208940,-0.925424,0.088199
-9.054871,0.035913,1.264138,1.322319,-1.014822,0.157479
-9.270349,-0.742203,1.802833,1.244645,-0.982446,0.197182
-8.877700,-1.881843,1.843535,1.012423,-1.188688,0.164940
-9.442732,-2.157176,2.729389,0.559970,-1.263431,0.116843
-8.676587,-1.498771,2.485181,0.124571,-1.235319,0.080738
-8.087614,0.203507,0.900219,0.039169,-1.297405,0.086999
-8.652645,1.189918,0.088585,0.196782,-1.537488,0.106451
-10.426749,1.259350,0.361524,0.541718,-1.364687,0.104586
-10.527305,1.156399,0.751779,0.845085,-0.902774,0.112447
-11.638215,0.280121,0.550666,1.201212,-0.704793,0.081537
-12.797008,-0.974441,0.541089,1.372281,-0.308963,-0.012790
-13.563153,-1.728614,1.426944,1.134197,-0.181727,-0.108450
-14.228741,-1.723826,1.584961,0.807381,0.356393,-0.120041
-12.926295,-2.066197,-0.160412,0.578756,0.366652,-0.165473
-14.250289,-2.039860,0.177170,0.331479,0.708523,-0.195983
-13.903130,-1.980005,0.435744,-0.007727,1.218665,-0.218632
-11.549629,-0.454899,0.229843,-0.553708,1.819405,-0.190387
-9.581596,1.261744,0.069431,-1.152183,2.122772,-0.005062
-9.670181,1.522712,1.271321,-1.209872,2.476102,0.177996
-10.263943,0.773327,3.181894,-1.038936,2.594944,0.169603
-10.685323,0.239420,4.242525,-0.411817,2.474903,-0.055957
-10.323798,-0.217873,3.043030,-0.227425,2.084935,-0.297638
-10.991780,-0.624887,3.315969,-0.480298,1.669387,-0.322286
-13.091495,-0.969652,3.371035,-1.067581,1.855377,-0.186923
-11.947067,-0.569820,2.652775,-1.539220,2.186057,-0.121506
-10.256760,-0.373496,2.592920,-1.552276,2.163275,-0.129900
-9.579201,0.610521,2.624045,-1.265296,2.060021,-0.131898
-8.913613,0.102950,2.621650,-0.887319,1.957166,-0.185990
-8.046912,-0.193931,2.248155,-0.771541,1.781834,-0.186923
-6.722919,-0.560244,2.018311,-0.906771,1.544682,-0.141891
-5.398925,-0.378284,1.632845,-1.157779,1.177897,-0.054624
-4.374207,0.277727,1.769315,-1.343503,0.759684,-0.011857
-3.564967,1.201889,1.663970,-1.347500,0.322685,0.003064
-3.399767,2.147598,1.070208,-1.045731,-0.160010,-0.029444
-4.074932,1.879448,-0.258574,-0.588615,-0.709322,-0.059820
-6.210560,1.154005,-2.624046,-0.240882,-1.190287,-0.136561
-9.686940,0.723048,-5.236120,-0.156946,-1.292342,-0.272191
-13.752295,1.010353,-8.535329,-1.085967,-0.817773,-0.339339
-13.872005,0.014365,-8.506599,-0.871198,0.183859,-0.429004
-10.503363,0.086191,-7.141904,-0.373047,0.172934,-0.294440
-9.567230,1.565807,-4.728549,-0.512940,0.471771,-0.022915
-8.250419,2.054225,-3.550602,-0.690670,0.589015,-0.055823
-7.852982,1.034295,-1.975217,-0.265929,0.013589,-0.272191
-10.982204,1.951274,-0.172383,0.253672,-0.845751,0.046764
-11.913548,3.854664,0.541089,1.062785,-0.817240,0.203577
-13.690046,4.230554,-1.158794,0.809113,-0.896912,0.034373
-12.885594,-0.189142,-0.952893,0.597142,-0.539319,-0.100989
-8.066066,-1.843536,1.359906,1.010558,-0.570362,-0.259001
-6.378154,-0.761357,4.314351,1.437564,-1.367751,-0.206241
-6.469133,-0.500389,3.708618,1.431302,-1.230390,0.017186
-7.838617,-2.286463,4.343081,1.279419,-1.366019,0.115777
-9.665393,-3.823541,2.753331,0.802185,-1.135396,0.098990
-10.716447,-4.213795,1.525106,0.109915,-1.072644,0.110048
-10.565612,-1.278504,1.527500,-0.168004,-0.831495,0.138427
-9.303868,1.005564,0.639251,-0.390367,-0.927822,0.066349
-8.504205,2.229001,0.325611,0.224361,-0.933551,0.018519
-8.796297,2.296039,0.519541,0.944609,-1.299004,0.047830
-9.777920,1.426944,1.376665,1.331512,-1.233321,0.081404
-9.519346,0.124498,1.702277,1.452220,-1.137261,0.093261
-9.414001,-1.182736,2.039859,1.262365,-1.050261,0.077140
-8.664616,-1.460464,2.236184,1.015887,-0.980714,0.061552
-9.267955,-1.460464,1.786074,0.842820,-0.998168,0.103120
-9.457097,-1.199496,1.393425,0.709989,-0.878260,0.166139
-8.997410,-0.644041,1.165976,0.633914,-1.023615,0.144422
-9.531317,-0.339977,1.130063,0.552909,-1.137528,0.137094
-9.399636,-0.191537,0.909796,0.412350,-1.242514,0.130033
-9.545683,0.258573,0.603338,0.261799,-1.208673,0.064350
-9.265561,0.610521,-0.478841,0.365186,-1.095693,0.044898
-10.026917,0.093373,-0.703896,0.610865,-0.969257,0.137361
-11.710041,-1.333571,0.562637,0.650035,-0.156946,0.057022
-13.986927,-2.221820,-0.004789,0.264330,-0.108849,-0.024647
-13.603854,-2.260127,-0.557849,0.004663,0.245012,-0.103387
-14.180857,-1.321600,-0.141258,-0.338940,0.489757,-0.210372
-12.246342,-0.493206,0.227449,-0.877993,1.680445,-0.227025
-10.766725,0.720654,1.838746,-1.263964,2.305166,-0.047030
-10.733207,1.991975,3.394977,-1.587316,2.634247,0.064350
-11.762713,1.640028,4.611232,-1.252906,2.730174,0.064084
-11.133038,1.108515,4.434061,-0.432068,2.334743,-0.129500
-11.140221,0.454898,3.320757,-0.189588,1.906538,-0.270459
-11.238383,-0.062250,2.655169,-0.411151,1.788229,-0.187722
-11.947067,-0.088586,2.291250,-0.747826,1.910135,-0.106185
-10.754754,-0.304064,2.324769,-0.880658,2.211904,-0.144422
-9.500193,-0.663194,2.659958,-0.947007,2.208440,-0.218898
-10.000581,-1.517924,3.160346,-0.886786,2.017120,-0.312160
-10.074801,-2.650382,3.502717,-1.260100,2.077074,-0.356393
-8.640674,-3.160347,2.746149,-1.750125,2.225494,-0.324018
-6.086061,-2.308011,1.764526,-2.225360,1.899877,-0.218365
-5.243302,-1.070209,1.343147,-2.333145,1.426773,-0.135895
-4.572926,0.268150,0.756567,-2.020318,1.075575,-0.128967
-3.792416,1.271321,0.114921,-1.571062,0.510941,-0.181594
-3.440468,2.269703,-0.313641,-0.940745,-0.154814,-0.327349
-4.197036,2.243366,-0.057461,-0.437398,-0.788728,-0.471105
-5.042189,1.403002,-0.047885,-0.448056,-1.114745,-0.456316
-7.170634,0.201112,-1.410185,-0.584485,-1.294740,-0.330013
-9.797074,-0.220267,-3.584120,-0.740898,-1.276488,-0.192385
-14.006080,1.855506,-6.950368,-1.224661,-0.786197,-0.170535
-15.205575,1.534683,-8.949526,-0.995103,0.188921,-0.280584
-10.723630,0.090979,-8.700529,-0.434200,0.636045,-0.279519
-8.331822,-0.189142,-5.487511,-0.336808,0.488425,-0.202911
-7.716512,0.493205,-2.983176,-0.629251,0.321220,-0.309096
-7.556101,-0.129287,-1.898602,-0.497218,-0.164940,-0.450454
-10.644621,1.553836,1.122880,-0.033441,-1.244246,-0.150817
-12.921507,2.683900,-0.806846,0.764480,-0.984711,0.046231
-14.547170,3.038241,-3.394978,0.446724,-0.983646,0.173067
-13.658921,1.364694,-2.078168,-0.325617,-0.158678,0.174133
-7.264008,1.462857,0.672770,-0.136695,-0.161742,-0.023848
-4.534618,0.993593,3.579331,1.276355,-1.325384,-0.179195
-6.323087,-0.593763,3.488351,1.570263,-1.596909,-0.207041
-7.735666,-2.717419,3.347093,1.158978,-1.766779,-0.037437
-10.769120,-4.944027,3.505111,0.615927,-1.763181,0.081137
-10.551247,-4.343082,3.040636,-0.097791,-1.192819,0.132565
-9.282320,-1.625663,1.872265,-0.427938,-1.066649,0.211304
-9.203312,0.342370,1.419761,-0.539586,-1.246511,0.254471
-9.892842,0.770932,0.732625,-0.518269,-1.368417,0.169736
-9.873688,1.046266,0.383072,-0.076607,-1.171635,0.093661
-10.129868,1.304839,1.216254,0.829364,-0.980182,-0.026779
-9.612720,0.708683,1.252167,0.998567,-0.859074,0.000932
-9.804256,0.270544,1.393425,1.112080,-0.827099,0.009192
-9.040506,0.019153,1.108515,1.090763,-0.607800,-0.025047
-8.686164,-0.703896,1.103726,1.109949,-0.796855,0.037437
-9.576807,-1.443704,2.051830,1.067848,-0.880258,0.166405
-9.162610,-1.620875,2.183511,0.908636,-0.770342,0.150151
-8.896854,-0.792481,1.292868,0.686273,-0.892649,0.077673
-9.035718,0.136469,1.359906,0.460447,-0.900376,0.078606
-9.708488,0.758961,1.544260,0.308563,-0.863205,0.082869
-10.632650,0.519541,-0.248997,0.436065,-0.954734,0.029310
-9.789891,1.086967,-0.536302,1.003364,-0.888385,0.063284
-10.204088,0.916979,0.744596,1.112880,-0.903174,0.159610
-12.148180,-0.146047,1.134851,1.159244,-0.397162,0.130033
-13.244724,-1.991976,0.105344,0.867734,-0.073410,-0.025447
-14.640544,-3.059790,-0.086192,0.467641,0.435799,-0.104586
-13.939043,-2.707843,-0.569820,0.127369,0.695466,-0.210905
-14.247895,-2.281675,-0.497994,-0.354128,1.161376,-0.285114
-11.686099,-0.624887,-0.395044,-0.922759,1.708157,-0.137228
-11.202470,1.197100,-0.591368,-1.122872,2.200047,0.202777
-11.504139,1.345541,1.086967,-1.067048,2.670353,0.323218
-11.947067,-0.299276,3.679887,-1.123672,2.688339,0.141091
-11.978191,-1.470040,5.561730,-0.503081,2.355261,-0.180395
-11.678916,-2.236185,4.714183,-0.428871,2.039503,-0.492422
-11.322180,-2.664747,3.804386,-1.015088,1.861772,-0.427805
-12.107478,-2.360683,3.335122,-1.743596,1.905472,-0.201179
-11.039664,-1.620875,2.925714,-2.275189,2.210305,-0.114978
-9.351752,-0.720655,3.361459,-1.937847,2.094661,-0.160810
-4.977546,-0.105345,2.964021,-2.314892,1.095959,-0.184525
-5.161899,1.637633,2.097320,-2.247743,0.759284,-0.141358
-5.123592,3.088520,-0.158018,-1.541884,0.326682,-0.329347
-5.473145,2.343923,-1.477223,-0.367984,-0.773407,-0.539986
-7.273585,1.074996,-1.654394,-0.492555,-1.055057,-0.507344
-8.896854,0.076614,-2.614469,-1.143656,-0.833494,-0.344402
-9.885659,0.237025,-4.003106,-1.512440,-0.487759,-0.203444
-10.472239,1.237802,-5.358224,-1.513773,-0.140425,-0.246877
-8.710106,2.169146,-0.169989,-0.674549,-1.140858,-0.205842
-14.195222,4.501099,1.132457,0.047163,-1.581188,0.104053
-14.824897,4.173093,-3.430891,-0.110981,-0.649368,0.171468
-14.013263,3.564966,-3.119645,-0.952070,-0.269926,0.356393
-9.696517,4.060566,-0.368708,-0.456050,0.355594,0.292176
-4.977546,0.972045,1.647210,1.165639,-0.596076,-0.139892
-6.270415,-3.275268,3.734954,1.962628,-1.508044,-0.468973
-11.070789,-5.839458,4.338293,0.509875,-1.459414,0.062618
-10.455479,-4.927268,2.214636,-0.191320,-0.840422,0.248342
-10.046071,-1.714249,1.656787,-0.941811,-0.791526,0.235019
-8.801086,-0.888249,0.969651,-0.997102,-0.761016,0.152549
-9.653422,-0.969652,0.653617,-1.323119,-1.071978,0.209173
-9.586384,0.914585,0.948103,-1.304067,-0.970855,0.245811
-8.604761,2.305616,1.005564,-0.870399,-1.086100,0.222629
-9.239225,2.765302,1.323993,-0.103653,-1.323252,0.123372
-9.380483,1.640028,1.223437,0.418079,-1.293541,0.030376
-9.327810,0.306457,1.182735,0.681610,-1.203744,-0.012124
-9.466674,-0.830788,1.223437,0.596609,-1.003364,0.009859
-8.820239,-0.328006,1.462857,0.391966,-0.909969,-0.016254
-9.390059,-0.304064,2.123656,0.320421,-0.877593,0.019984
-9.002199,0.450109,1.577778,-0.002264,-1.090497,0.036505
-10.149021,2.477998,-0.119711,1.503114,-1.152982,0.179728
-10.412384,-0.964864,1.613691,1.684442,-0.706658,0.290710
-11.710041,-3.861848,0.814028,1.341105,-0.652433,0.336275
-14.341268,-5.446809,0.976834,0.645105,-0.101788,0.288445
-12.969391,-4.752491,-0.304064,0.096592,0.170669,0.185058
-14.197616,-3.825935,-0.785299,-0.454318,0.207307,0.155747
-14.480132,-2.868254,-0.100557,-0.882123,0.915165,0.070745
-12.638991,-0.955287,0.335188,-1.483929,1.240116,-0.055424
-10.958261,1.331176,0.366312,-2.090797,1.947040,0.074343
-9.543288,1.759738,0.909796,-1.926656,2.367385,0.226626
-10.522517,0.536301,2.537853,-1.185757,2.563235,0.207973
-11.403583,-0.598551,4.089296,-0.635912,2.546181,-0.026912
-11.470621,-1.168371,4.912901,-0.732771,2.223762,-0.408220
-11.425131,-1.987188,4.249707,-1.419711,1.838057,-0.508277
-12.081142,-2.868254,3.641580,-2.141691,1.916664,-0.440862
-10.881647,-1.034296,3.730166,-1.985544,2.070013,-0.699330
-9.284715,-2.442086,3.660734,-2.245745,2.006328,-0.769277
-6.279991,-2.197878,3.430890,-2.729774,1.548413,-0.626986
-6.967127,3.684676,-2.612075,-0.535855,-0.994437,-0.425940
-10.608708,3.028665,-6.078879,-0.891450,-0.673750,-0.558505
-14.317326,2.624045,-8.971074,-0.976185,0.419145,-0.616993
-10.594343,-3.622428,-5.310340,0.080738,0.665223,-0.730373
-11.683705,3.004723,2.456450,0.494287,-2.042034,-0.017453
-16.345215,4.395754,-0.098163,0.395563,-1.634080,0.331612
-16.599001,2.753331,-3.270480,-0.504946,-0.855610,0.380641
-12.370840,3.418919,-0.912191,-0.609133,-0.114445,0.098457
-6.478710,2.434903,1.778891,0.618059,-0.322019,-0.181727
-5.363012,-0.354342,3.428496,1.637678,-1.342171,-0.342803
-9.196129,-4.977546,3.179499,0.966059,-1.613296,-0.309362
-9.904813,-2.777274,2.612074,-0.089398,-0.733837,-0.034107
-8.949526,0.423773,1.364694,-0.253538,-0.980315,0.110581
-9.533712,0.234631,0.845153,-0.293241,-1.028411,0.075542
-8.655040,0.746990,0.919373,-0.018918,-0.999900,-0.034107
-8.987834,1.201889,0.711077,0.600073,-1.229724,-0.011058
-10.062830,1.120486,1.391031,0.923825,-1.231589,-0.016254
-9.449914,0.632069,1.302445,1.145521,-0.955534,-0.006261
-9.260773,-0.287305,1.371877,1.292609,-0.996969,0.011857
-8.748413,-0.550667,1.527500,1.311528,-0.964061,-0.002931
-9.081207,-0.976835,1.903390,1.316457,-1.126336,0.074209
-9.660604,-1.515530,2.547430,1.138194,-1.124071,0.194784
-9.354146,-1.338359,2.099714,0.796189,-1.114878,0.181860
-8.918402,-0.715867,0.957680,0.564633,-1.237318,0.149618
-11.042059,0.098162,0.208295,0.672551,-1.268494,0.003064
-11.647792,-0.222661,1.723825,0.850281,-0.547713,0.068214
-12.624626,-1.228226,-0.069432,0.841088,0.223428,-0.285381
-13.845669,-1.750162,0.371101,0.600206,0.333610,-0.370782
-12.703635,-0.512360,1.158793,-0.195716,1.767312,-0.223029
-9.900024,1.565807,1.458068,-0.529327,2.422010,-0.028777
-12.016499,1.644816,2.631227,-0.409552,2.560304,0.166938
-11.238383,-0.332795,4.017470,0.501748,2.369916,-0.114179
-10.285491,-0.612916,3.825934,0.434200,1.772374,-0.413016
-11.307815,-1.917756,3.210624,-0.430203,1.689904,-0.324950
-11.125856,-0.596157,3.141192,-1.239982,2.203111,-0.257136
-9.344570,-0.069432,2.918531,-1.450221,2.151417,-0.318555
-6.239290,-1.268927,1.893813,-1.264497,1.644073,-0.022649
-4.752491,-0.423774,1.328781,-1.469273,1.226126,0.143756
-6.830658,1.067813,-2.427721,-0.102721,-0.518402,-0.247676
-10.139445,-0.723049,-6.066908,-1.344835,0.302434,-0.073010
-8.774750,0.222660,-7.017406,-0.952603,0.306032,-0.109116
-10.204088,0.746990,-5.844247,-0.680411,0.071278,-0.147886
-8.547300,-0.289699,-3.885790,-0.900110,0.399027,-0.339073
-6.327875,0.727837,-2.545037,-0.656563,-0.025580,-0.377044
-9.385271,2.956839,0.708683,-0.100323,-1.367618,-0.020517
-12.794614,4.639962,-1.431733,0.902108,-1.123272,0.062751
-13.867217,2.954444,-3.356671,0.336675,-1.061319,0.127635
-13.127408,2.322375,-0.768539,0.181061,-0.303367,0.114445
-7.412449,-2.564190,5.118803,1.799553,-1.291276,-0.124038
-9.591172,-3.919309,2.681505,0.126436,-1.087433,0.083802
-9.088390,1.185129,1.154005,-0.627652,-1.170969,0.143889
-9.052477,2.059013,0.469263,0.247410,-1.247044,0.173600
-9.768343,0.454898,1.053448,0.920094,-0.996969,0.017719
-9.418790,-0.184354,0.871489,1.226793,-0.918096,0.030776
-9.526529,-0.557849,1.285686,1.031476,-0.731839,0.151217
-9.306262,-0.804452,0.158017,0.523731,-0.969923,0.068214
-8.389283,-0.378284,0.330399,0.496819,-1.114345,0.038903
-10.010158,0.299275,0.651222,0.684275,-1.075975,0.080738
-11.312603,-0.155624,0.342370,0.778336,-0.467108,0.111114
-13.867217,-1.829171,-1.628058,0.222629,0.444459,-0.005462
-11.865664,-1.115698,-0.189142,-0.740365,1.651667,0.013856
-9.217677,-2.116475,3.064578,-2.330347,2.378177,-0.234087
-9.859323,-2.463634,3.967192,-2.150618,2.005795,-0.686273
-6.574478,-1.414974,2.099714,-2.611864,1.684175,-0.715984
-5.470751,-0.572215,1.912967,-2.736435,1.237318,-0.630183
-4.869807,1.168370,0.919373,-2.506079,0.641108,-0.579822
-4.836288,2.535459,0.442927,-1.883889,-0.067814,-0.648303
-5.391743,2.647987,0.205901,-1.190820,-0.858541,-0.642973
-6.356606,2.185906,0.064643,-1.063451,-1.230923,-0.467241
-8.480263,2.061407,-1.302446,-1.209339,-1.388002,-0.222229
-11.293450,0.191536,-4.417303,-1.596909,-1.112214,0.014921
-12.638991,0.893037,-7.898472,-2.345002,0.702394,-0.264597
-10.342952,0.205901,-8.161834,-1.669653,0.660826,-0.550911
-9.368512,-1.053449,-3.885790,-1.418246,0.644839,-0.643240
-5.810728,-1.005565,-2.985570,-1.674183,0.587682,-0.607667
-4.548984,-0.802058,-1.242591,-1.120074,-0.398761,-0.467241
-9.239225,2.308010,1.726219,-0.020784,-1.831529,-0.027312
-15.686810,4.017470,-0.493206,-0.007061,-1.673250,0.121773
-18.590977,5.001487,-0.993594,-1.502581,-0.454584,0.583819
-12.615049,6.409277,-2.798822,-1.635679,0.974319,0.385437
-3.706225,2.305616,1.156399,0.284448,0.256203,-0.094727
-3.737349,0.481234,4.977545,2.291177,-1.891083,-0.408486
-6.167464,-5.212178,3.260902,1.899877,-1.775572,-0.338274
-10.259155,-5.920861,3.672705,0.766079,-1.667255,-0.071944
-12.172122,-7.570466,4.094084,0.070879,-0.934483,0.112980
-9.696517,-3.227384,2.825157,-0.599940,-0.747693,0.200379
-9.119515,-2.008736,0.727837,-1.355494,-1.003097,0.172267
-9.720459,-1.491588,1.999158,-1.474469,-1.045465,0.264463
-9.085996,-0.670377,1.740584,-1.997135,-1.117276,0.304033
-9.332599,1.905784,2.178723,-1.977950,-1.186290,0.283782
-8.992622,3.517082,1.450886,-1.391200,-1.082636,0.180128
-9.318233,2.918531,0.883460,-0.706924,-1.240116,0.049428
-10.043676,1.750161,1.192312,-0.102854,-1.080105,-0.070612
-9.222465,0.387860,1.371877,0.204776,-0.946341,-0.162941
-9.339781,-0.059856,2.442085,0.269793,-1.039469,-0.042500
-10.328586,1.987187,0.598550,-0.248609,-0.928488,0.203577
-11.010934,1.426944,-0.402226,0.144022,-0.946874,0.124171
-10.905589,-0.196325,-0.725444,0.278719,-0.546647,0.140958
-10.532094,-1.482011,-0.385467,0.619258,-0.371848,0.255137
-12.014104,-2.738967,-0.596157,0.735436,-0.313226,0.331878
-13.254301,-3.186683,-0.414197,0.419411,0.025846,0.333610
-12.026075,-3.100492,0.332794,-0.390767,0.225027,0.158545
-12.229583,-2.841918,-0.404621,-0.834960,0.363854,-0.026379
-11.923125,-2.621651,-0.634464,-0.779402,0.689604,-0.028911
-11.374853,0.399831,2.145204,-1.120208,1.450887,-0.194650
-11.470621,1.106121,3.299209,-1.294740,1.875629,-0.195450
-11.714829,1.187524,3.524264,-1.196016,2.234553,-0.169203
-11.966220,1.067813,3.641580,-1.095560,2.206575,-0.288179
-11.281479,1.240196,3.732560,-1.144189,1.885221,-0.338806
-11.695676,0.371101,2.724601,-1.271825,1.820338,-0.298571
-10.546459,-0.067038,2.698265,-1.214402,1.919728,-0.497885
-9.449914,0.179565,2.784456,-1.100356,1.793425,-0.707990
-9.591172,0.186747,3.380612,-1.208140,1.761982,-0.755021
-9.165004,-1.754950,3.397372,-1.834593,2.207374,-0.452453
-7.060501,-1.939304,2.858676,-2.443726,2.114645,-0.203044
-5.643134,-0.974441,1.805228,-2.641442,1.704027,-0.025580
-5.358224,0.284909,1.534683,-2.633181,1.252240,0.014255
-5.149928,1.972822,0.773327,-2.226826,0.829763,-0.027578
-5.181053,3.011905,-0.122105,-1.495253,0.280185,-0.200779
-5.762844,2.667140,-0.988806,-0.730639,-0.311228,-0.418612
-6.823475,1.953668,-1.063026,-0.241015,-0.679079,-0.545048
-7.836223,0.593762,-1.228226,-0.502015,-0.729174,-0.475635
-9.385271,0.057460,-3.342306,-0.905972,-0.637644,-0.360390
-10.845734,0.320823,-4.572926,-1.254238,-0.400892,-0.294440
-12.105084,1.383848,-5.607221,-1.283149,-0.072078,-0.334676
-10.378865,1.288080,-6.694188,-0.847084,0.329480,-0.441128
-8.894460,0.325611,-5.805940,-0.689737,0.384372,-0.421410
-8.025364,-0.474052,-4.522647,-0.699996,0.419545,-0.469906
-7.247249,-0.945710,-3.787628,-0.619125,0.290444,-0.579822
-7.244855,-1.302446,-3.136405,-0.444725,-0.194117,-0.574759
-9.382877,0.730231,-0.548273,0.081803,-0.996303,-0.245012
-12.339716,2.954444,1.051054,0.740365,-1.106351,0.041701
-13.816938,3.591302,-1.549049,0.356526,-1.105552,0.170402
-15.722723,4.053383,-2.322376,-0.496685,-0.476967,0.381174
-11.094731,1.173158,-1.067814,-0.161076,0.027179,-0.046630
-4.874595,-0.610522,5.688623,1.771841,-1.156580,-0.552509
-7.675811,-3.526660,4.903325,1.150185,-1.850048,-0.099124
-10.840946,-4.393361,4.252102,0.691736,-1.376011,0.113379
-10.505757,-2.961628,2.506729,0.213969,-1.190953,0.194384
-10.484210,-0.924162,1.802833,-0.202911,-1.166039,0.148019
-9.667787,-0.124499,0.835576,-0.292575,-1.042534,0.182260
-9.528923,0.670376,0.955286,-0.329880,-1.242114,0.132431
-9.030929,1.793257,0.871489,-0.133630,-1.055990,0.080604
-8.396466,1.721430,0.177170,0.527995,-1.278220,0.014255
-9.789891,1.568202,1.417367,1.141258,-1.416514,-0.051693
-10.453085,0.907402,1.989581,1.332445,-1.040669,-0.016120
-9.346964,-0.395044,0.785298,1.267694,-0.899044,0.015055
-10.055647,-1.355119,1.024718,1.199347,-0.794191,-0.005329
-10.117897,-1.778892,0.907402,1.172967,-0.603937,-0.050761
-9.176975,-1.735797,0.799663,1.032275,-0.616727,-0.087133
-9.021352,-0.936133,0.897825,0.922226,-0.774073,-0.070745
-8.860941,0.052672,1.357512,0.755287,-0.875861,-0.004663
-9.105149,0.749385,1.278503,0.642707,-1.000033,0.011990
-9.330204,0.562637,0.993593,0.713852,-1.015887,0.014788
-9.430761,-0.294487,0.775721,0.902641,-0.911434,0.047696
-9.651027,-1.474829,0.852335,1.059854,-0.798054,0.101921
-10.524911,-1.731008,1.745373,0.835492,-0.484828,0.079539
-10.062830,-0.574609,1.924938,0.565166,-0.378509,-0.079805
-11.963826,-0.174777,1.022324,0.621123,-0.483762,-0.203044
-12.758701,0.351947,-0.110134,0.812976,-0.260866,-0.214635
-12.684481,0.490811,-0.735020,0.984578,-0.049428,-0.238617
-13.781025,-0.232238,-0.404621,0.987642,0.238483,-0.276188
-14.235924,-1.304840,-0.057461,0.643373,0.889451,-0.310695
-12.320562,-0.916980,-0.323218,0.127635,1.497385,-0.291776
-11.212047,0.380678,0.062249,-0.257935,2.156213,-0.101522
-10.165781,1.254561,0.936132,-0.357459,2.496086,0.026513
-12.318168,0.864306,3.957615,-0.486160,2.543783,0.001598
-11.736377,0.893037,4.872200,-0.422609,2.641708,-0.146421
-10.869676,0.732625,4.005499,0.003730,2.056024,-0.352929
-10.833763,-0.232238,3.239354,-0.305898,1.774772,-0.306165
-12.327745,-0.184354,2.547430,-0.751290,1.840855,-0.069946
-11.643003,0.610521,1.513135,-1.002964,2.157679,0.027978
-10.067618,0.713472,1.862688,-0.853079,2.167671,-0.026646
-9.208100,0.361524,2.420537,-0.609133,2.044965,-0.105785
-8.927978,-0.703896,2.827552,-0.492689,1.987143,-0.103254
-8.916007,-2.104504,3.057395,-0.799786,1.946508,-0.040901
-7.177817,-1.917756,2.624045,-1.337241,1.865370,0.071811
-5.640740,-0.974441,1.920149,-1.670319,1.477667,0.143756
-4.587291,-0.105345,1.759738,-1.722812,1.146454,0.180128
-3.794810,1.106121,1.233013,-1.521633,0.809512,0.135362
-3.315970,1.810016,-0.009577,-0.885721,0.281251,-0.035039
-3.797204,1.994369,-0.821212,-0.143490,-0.462445,-0.251673
-5.015853,1.582567,-2.346318,0.133897,-1.038004,-0.440329
-7.982269,0.732625,-4.953604,-0.078206,-1.422509,-0.461646
-12.627020,-0.119711,-6.931214,-0.616061,-1.097425,-0.332012
-14.420277,0.581791,-7.702147,-0.874396,-0.019185,-0.174666
-10.716447,-0.301670,-7.690176,-0.582087,0.525463,-0.108316
-8.918402,0.881066,-7.149087,-0.582753,0.396629,-0.001065
-8.396466,1.194706,-5.674258,-0.486560,0.233154,-0.140026
-8.192959,1.905784,-2.966416,-0.210905,-0.221563,-0.426872
-12.140997,4.783614,2.011129,0.982580,-0.856010,0.006128
-12.576742,3.699041,-3.593697,0.712520,-1.028012,0.131499
-13.862428,-3.371036,-2.286463,0.607800,-0.670286,-0.158012
-7.117962,-3.560178,2.736572,0.860540,-0.503480,-0.333344
-5.916073,-1.345542,5.300762,1.036405,-1.532691,-0.138826
-6.888119,-1.079785,4.223371,0.658162,-1.366552,0.088465
-9.291897,-2.564190,3.711012,0.240349,-1.554941,0.150418
-10.414778,-2.712631,1.965639,0.004663,-1.132731,0.189721
-10.620679,-1.168371,1.242590,-0.207174,-1.127136,0.154015
-10.326192,0.016759,0.995987,-0.183059,-0.873463,0.157346
-9.064448,1.046266,0.040701,-0.088332,-0.911834,0.078606
-9.387665,1.642422,-0.524331,0.036771,-1.064517,-0.040369
-8.975863,0.986411,-0.835577,0.651500,-0.944742,-0.071944
-9.868900,0.102950,1.237802,1.316724,-1.063718,-0.108983
-9.069236,-0.375890,1.587355,1.423042,-0.855344,-0.081537
-8.808268,-0.560244,1.996764,1.186157,-0.989374,0.051160
-8.307880,-0.047885,2.197877,1.058655,-1.143123,0.160010
-9.442732,-0.509965,2.051830,1.008027,-1.290743,0.326549
-9.806650,-0.912191,1.970427,0.821370,-1.280884,0.345868
-9.392454,-1.125275,1.177947,0.513339,-1.315524,0.175598
-8.848970,-0.914586,0.102950,0.131632,-1.336442,0.063151
-9.500193,-0.375890,-0.754174,0.193185,-1.399060,-0.010125
-9.734824,0.519541,-1.039084,0.325350,-1.239050,-0.013456
-10.278308,1.347935,-0.301670,0.719581,-0.839356,0.077407
-10.867282,0.593762,0.471657,1.271292,-0.504546,0.167604
-11.942278,-0.328006,1.412578,1.339106,-0.199313,0.156546
-12.150574,-1.031901,1.273715,1.055191,-0.117243,0.075941
-13.781025,-2.394202,1.654393,0.843087,-0.121640,-0.054225
-14.113819,-3.026271,-0.543484,0.583819,0.360790,-0.187989
-14.468161,-1.900997,-0.174777,0.048895,0.453119,-0.325217
-13.852851,-1.029507,0.440533,-0.319488,1.134064,-0.373580
-10.960656,0.847547,-0.081403,-0.884921,2.074409,-0.137627
-9.255984,1.352723,1.137245,-0.830296,2.282517,-0.047297
-11.511322,1.137245,2.674323,-0.763281,2.441328,-0.032375
-11.858481,0.766144,4.309562,-0.655497,2.624921,-0.172667
-11.061212,0.828393,4.103661,-0.241414,1.996070,-0.423542
-11.317392,-0.306458,3.292027,-0.334943,1.703227,-0.478566
-11.676522,-1.244985,2.729389,-0.832162,1.739067,-0.351064
-11.212047,-1.266533,2.370259,-1.185224,2.016054,-0.307097
-9.454703,-0.814029,2.269703,-1.310861,2.095327,-0.319621
-9.346964,-0.356737,2.956839,-1.260766,1.918795,-0.326150
-10.172963,-1.084574,3.406948,-1.194417,1.995936,-0.346001
-9.270349,-2.047043,3.184288,-1.480465,2.074010,-0.314425
-7.582437,-1.781287,2.588131,-1.858975,1.989142,-0.215568
-5.738902,-1.742979,1.898601,-2.309563,1.688039,-0.000799
-4.594473,-0.342371,1.647210,-2.391367,1.220930,0.193451
-4.424485,1.175553,1.561019,-2.075875,0.745428,0.196116
-3.991135,2.899378,1.007958,-1.529894,0.334277,0.076474
-3.799599,3.864241,-0.287305,-0.773806,-0.192652,-0.126569
-4.917691,3.411737,-1.640029,-0.020517,-0.850814,-0.303633
-6.794745,3.390189,-2.767698,0.464976,-1.326982,-0.430603
-9.528923,1.525106,-4.896143,0.001465,-1.356693,-0.443793
-12.363658,0.651222,-6.289568,-0.783266,-0.735969,-0.300702
-14.166492,0.366312,-7.089232,-0.702261,0.208640,-0.170669
-11.671734,-0.632070,-8.274361,-0.455384,0.704793,-0.148019
-8.224083,-0.790087,-6.332664,-0.377044,0.613662,-0.254604
-6.720525,-0.229844,-4.036624,-0.363854,0.360656,-0.364787
-6.258444,0.421379,-0.876278,0.200912,-0.474436,-0.259800
-10.896012,2.839523,2.181117,1.185491,-1.581321,0.205176
-14.176069,1.747767,-1.996765,1.082903,-1.350031,0.055690
-17.166426,-0.198719,-4.493917,0.014388,-1.003763,0.061019
-6.404490,-1.917756,3.224989,1.395730,-1.617160,-0.171202
-10.953473,-4.501100,3.524264,0.741032,-1.500716,0.066748
-10.611102,-4.881778,3.222595,0.292309,-0.758751,0.116577
-9.643845,-1.604116,1.788468,-0.219165,-0.939946,0.035705
-9.339781,-0.426168,0.794874,-0.195450,-1.029610,0.117243
-9.622297,0.969651,0.907402,-0.111381,-1.179096,0.068747
-8.820239,1.908178,0.849941,0.520001,-1.106618,0.070346
-9.763555,1.120486,1.618480,1.377344,-1.192419,0.066082
-9.028535,-0.579397,1.647210,1.584785,-1.023881,0.121773
-9.191341,-2.018312,2.600103,1.230123,-1.007627,0.069280
-9.361329,-2.329559,2.248155,0.912367,-1.041201,0.006528
-9.806650,-1.953669,1.642422,0.545048,-0.829364,-0.021849
-9.318233,-1.563414,0.905008,0.230756,-0.840555,-0.043166
-9.777920,-0.270545,-0.074221,-0.004396,-0.857342,-0.064084
-9.612720,0.454898,-1.187525,-0.003730,-0.787662,-0.025580
-9.018958,1.036689,-0.972046,0.343736,-0.878260,0.024114
-9.595961,0.586579,0.136469,0.770476,-0.881590,0.082603
-9.349358,-0.572215,1.173158,1.076374,-0.684541,0.153882
-10.405201,-1.948881,1.515529,1.030676,-0.699863,0.115111
-11.578360,-1.539472,0.713472,0.851347,-0.410618,-0.014788
-12.076354,-0.438139,0.035913,0.886653,-0.386770,-0.153082
-12.988545,0.098162,0.237025,0.978050,-0.270725,-0.182659
-12.962208,0.143652,-1.003171,1.109149,0.034240,-0.152549
-13.010092,-0.354342,-1.460464,1.079572,0.290444,-0.179462
-13.273455,-1.082180,-0.189142,0.830829,0.806848,-0.298837
-12.808979,-1.132458,0.416591,0.260200,1.319388,-0.344136
-11.475409,0.222660,1.865083,-0.515205,2.063218,-0.170402
-9.938332,2.126051,3.488351,-1.465143,2.589748,0.216234
-10.900801,2.880224,3.562572,-0.722246,2.613197,0.322552
-11.410766,3.325546,3.021482,0.255137,2.354595,0.180128
-11.154586,1.908178,2.080561,0.725710,1.791693,-0.104453
-12.524069,-0.464476,2.971204,0.567831,1.504846,-0.146154
-11.693281,-0.758962,2.319981,0.144422,2.026180,-0.167205
-9.684546,-1.582568,2.750937,-0.248342,2.141292,-0.239283
-8.808268,-2.224214,3.004723,-0.812976,1.976485,-0.211571
-9.117120,-2.336741,2.468421,-0.978583,1.927988,-0.229690
-8.109162,-2.509124,1.912967,-1.550011,1.821004,-0.187456
-6.612785,-1.692701,1.268926,-1.967958,1.572261,-0.103254
-5.932832,-0.466870,0.950498,-2.075742,1.200413,-0.034107
-5.513847,0.952892,0.502782,-1.914665,0.966059,-0.085134
-4.477158,2.269703,-0.316035,-1.367485,0.610598,-0.217566
-4.019865,2.667140,-0.407015,-0.683476,0.061019,-0.356926
-4.034230,2.559401,-1.106122,-0.255137,-0.424474,-0.382640
-4.685453,2.636016,-2.023101,-0.182393,-0.935149,-0.277120
-6.631939,3.608061,-3.509900,0.019718,-1.379475,-0.159078
-10.283097,2.319981,-5.413290,0.095393,-1.413316,-0.004396
-12.631808,0.248996,-6.840235,-0.132964,-0.715185,0.081404
-13.086707,-0.220267,-6.655881,-0.353462,0.016920,0.050094
-12.950237,0.304063,-6.864177,-0.581687,0.338274,-0.185058
-11.068395,-0.126893,-5.868189,-0.426073,0.738500,-0.390767
-7.280768,-1.055843,-4.438850,-0.310961,0.931552,-0.517470
-7.479486,0.454898,-0.433351,-0.114445,-0.974053,-0.188921
-13.584701,2.920926,-3.057396,0.668021,-1.484728,0.149485
-16.790537,-0.873884,-3.488352,-0.050894,-1.208540,0.188388
-14.724341,1.522712,-1.750162,-1.082370,0.002531,0.225027
-7.283162,3.473986,0.426167,-0.394231,0.407154,-0.025180
-2.954445,2.602497,3.703829,1.089698,-0.860540,-0.188788
-5.128380,-0.509965,4.465186,1.877893,-1.547613,-0.291643
-7.905654,-3.916914,2.693476,1.374413,-1.610365,-0.264197
-11.039664,-5.918467,2.128445,0.782466,-1.380275,-0.234486
-11.329363,-5.035007,2.695871,0.237151,-0.887986,-0.053825
-9.382877,-1.702278,2.166752,-0.257003,-0.616194,0.140425
-8.465898,0.689530,1.448492,-0.462445,-0.855744,0.256070
-9.277532,0.976834,1.110909,-0.541851,-1.144322,0.301768
-9.313445,1.438915,0.909796,-0.281117,-1.125270,0.217566
-9.416396,1.364694,1.201889,0.535589,-1.293541,0.125237
-9.555259,0.754173,1.661575,0.950071,-1.203077,-0.015454
-9.761161,-0.021548,1.484405,1.022682,-1.044932,-0.079006
-9.847352,-0.720655,1.063025,0.885721,-0.847616,-0.111647
-9.366117,-0.215479,0.586579,0.880125,-0.668554,-0.133231
-9.550471,0.057460,0.512359,0.970589,-0.687606,-0.091796
-9.287109,-0.033519,1.007958,1.123005,-0.716783,-0.017586
-8.784326,-0.864307,1.118092,0.816840,-0.911834,0.122572
-9.040506,0.016759,0.122104,0.260600,-0.954468,-0.026646
-9.469068,-0.028731,-0.090980,0.434466,-0.850814,0.017852
-11.626244,0.035913,0.682347,1.030809,-0.540252,0.021716
-13.273455,0.122104,0.531512,1.105286,-0.392765,-0.023182
-13.376405,-0.306458,-0.098163,1.155780,-0.138427,-0.072611
-13.041217,-1.022325,-1.328782,1.101422,0.103120,-0.124171
-14.468161,-2.066197,-0.723049,0.820704,0.659228,-0.214235
-13.493721,-2.200272,-0.126893,0.366519,1.282350,-0.329214
-10.259155,1.410184,1.350329,-1.170569,2.485694,0.028111
-11.499351,1.618480,3.950432,0.448855,2.289045,-0.074076
-12.413936,-1.491588,2.619256,-0.004796,1.657263,-0.277787
-11.425131,-1.833959,2.360682,-0.703327,1.941578,-0.196116
-9.562442,-1.264139,3.093308,-1.019218,1.792093,-0.368251
-9.162610,-2.039860,3.258508,-1.170702,1.863238,-0.369050
-7.800310,-2.097321,2.940079,-1.637145,1.801285,-0.297238
-6.172252,-1.424550,2.401384,-2.028178,1.623955,-0.182127
-4.525042,-0.586580,2.047042,-2.213903,1.328981,-0.059820
-3.426103,2.382230,-0.287305,-1.807014,0.055024,-0.055290
-4.865018,3.617638,-1.810017,-0.902375,-0.541451,-0.177730
-6.531383,3.679887,-2.956840,-0.098591,-1.036005,-0.285114
-9.435549,2.789244,-4.218584,-0.160543,-1.154181,-0.248609
-11.829751,0.586579,-5.054160,-0.680278,-0.660560,-0.148686
-11.803415,-0.739809,-5.458780,-1.160577,0.022116,-0.108450
-10.946290,-0.306458,-5.305551,-1.391333,0.432601,-0.157612
-9.842564,0.588973,-6.169858,-1.419711,0.485894,-0.231955
-9.387665,0.957680,-5.906496,-1.003364,0.607667,-0.306431
-7.390901,0.612915,-4.879383,-0.648702,0.680811,-0.337607
-5.202601,0.304063,-3.634399,-0.434200,0.347467,-0.427938
-5.707777,1.458068,-1.264139,-0.142290,-0.650301,-0.397029
-10.500969,4.204218,1.929726,0.721447,-1.706691,0.016254
-15.533581,4.031835,-1.106122,1.114745,-1.435433,0.175998
-18.157625,0.878672,-5.171476,0.074875,-0.922759,0.180794
-16.247053,0.945709,-3.126828,-0.712653,0.451520,0.171601
-5.281609,0.735019,-0.385467,-0.253405,0.795390,-0.128035
-1.922544,0.689530,4.185064,1.386936,-1.155780,-0.279252
-4.888960,-2.166753,2.980781,1.680312,-1.673117,-0.252739
-7.316681,-4.072538,3.224989,0.985244,-1.742930,-0.135362
-10.505757,-2.219425,1.235408,-0.592479,-0.782999,0.129234
-9.792285,0.737414,1.077390,-0.659627,-0.817773,0.164673
-9.153033,0.268150,0.459686,-0.442194,-1.004563,0.165473
-9.461885,1.168370,1.333570,0.804183,-1.162309,0.041301
-8.760384,0.608127,1.063025,1.042667,-1.130733,0.074343
-8.942344,-0.699107,2.240972,1.044399,-1.304466,0.097392
-9.737219,-1.065420,2.585737,0.480165,-1.227059,0.163741
-10.034100,-0.967258,1.704671,0.063284,-1.083036,0.195450
-9.425972,-0.385467,0.562637,-0.084335,-1.054125,0.148019
-9.679758,0.023942,-0.059856,0.098591,-1.131532,0.098324
-9.734824,1.314416,-0.248997,0.665223,-1.192685,0.025313
-10.498575,1.618480,0.445321,0.992705,-0.830296,0.063684
-10.912772,-0.253786,1.434126,1.320854,-0.479099,0.132032
-12.861652,-1.513136,0.785298,0.812577,-0.163474,0.108983
-13.819332,-2.525883,0.667982,0.593145,0.023981,0.067814
-14.911088,-2.920927,-0.095769,-0.092995,0.579422,-0.057022
-13.400347,-2.695872,-0.337583,-0.684408,1.268227,-0.112447
-11.633426,-0.622493,0.117315,-1.291010,1.653932,-0.041035
-10.089166,0.924161,0.658405,-1.583186,2.238151,0.140825
-10.486604,0.957680,1.996764,-1.639143,2.632781,0.226493
-11.176134,-0.009577,3.335122,-1.258635,2.713120,0.079539
-11.367670,-0.763751,4.766855,-0.605802,2.310895,-0.229957
-11.367670,-1.221043,4.311957,-0.697065,1.857509,-0.471904
-12.337322,-2.035072,3.366247,-1.333777,1.791693,-0.406088
-12.164939,-2.202666,3.213018,-1.950371,2.005129,-0.293908
-10.242395,-1.319206,2.825157,-2.195783,2.177664,-0.270992
-9.366117,-0.675165,2.964021,-2.103854,2.031509,-0.313359
-10.134656,-1.168371,3.495534,-1.948240,1.848449,-0.411417
-9.744401,-1.819594,3.857058,-1.872697,1.895880,-0.518402
-7.831434,-1.989582,3.572148,-2.164074,1.801419,-0.495753
-6.093244,-1.663971,3.294421,-2.503814,1.474070,-0.389568
-5.080496,-0.502783,2.573766,-2.646638,1.055057,-0.295906
-5.463569,3.138798,-0.565032,-1.116077,-0.495886,-0.353062
-7.740454,2.930502,-1.338359,-0.528261,-0.950604,-0.282316
-11.089943,1.331176,-4.714184,-1.357226,-0.219165,0.022516
-11.080366,1.225831,-5.571308,-1.537887,0.314292,-0.137094
-8.918402,-1.302446,-5.786786,-0.439529,0.336275,-0.705592
-6.675035,-2.389414,-2.999935,-0.969123,0.343470,-0.608466
-11.276690,3.380612,1.675941,0.542783,-1.863904,0.004263
-4.644752,-1.668759,2.964021,0.736502,-0.123372,-0.243013
-9.919178,-4.920085,5.568913,0.320687,-1.793825,-0.103920
-11.367670,-4.292804,3.873818,-0.339872,-0.717450,-0.059287
-10.443508,0.301669,0.878672,-0.664823,-0.949005,-0.100056
-9.562442,1.604115,0.943315,-0.359591,-1.024414,-0.026246
-9.562442,1.067813,0.775721,-0.559171,-1.100356,0.148819
-9.203312,1.189918,1.101332,-0.462978,-1.044799,0.187056
-8.887277,1.687912,1.340752,0.182926,-1.277687,0.053292
-9.641451,0.162805,1.604115,0.578223,-0.936748,-0.039702
-8.731654,-0.117316,1.118092,0.674549,-0.971655,-0.048762
-9.816227,-0.131682,1.182735,0.791393,-0.960597,0.085134
-9.009381,-0.974441,1.108515,0.614329,-0.952336,0.126836
-9.581596,-1.086968,1.209071,0.256869,-1.210938,0.074476
-9.832987,0.124498,0.026336,-0.060753,-0.913699,0.020650
-9.425972,1.276109,-0.754174,0.265130,-0.952736,-0.050494
-11.233595,0.392649,2.425326,1.061319,-0.504946,0.200246
-11.978191,-0.502783,1.956062,0.669753,-0.212503,0.190254
-13.912706,-2.707843,-0.081403,0.369183,0.053558,-0.061952
-13.838486,-1.450887,0.778115,-0.642973,1.133797,-0.240882
-9.179370,3.047818,-0.227450,-1.469806,2.383373,0.272990
-10.591949,1.733402,2.082955,-1.176698,2.644506,0.338407
-11.439496,0.158017,3.828328,-0.138427,2.558572,0.114712
-11.401189,-1.048661,4.481945,0.356260,2.044699,-0.255137
-11.109096,-2.513912,3.655945,-0.060220,1.718549,-0.384238
-12.023681,-2.487576,3.016694,-1.061586,1.652999,-0.270725
-11.295844,-2.080562,2.767697,-1.870033,2.050961,-0.199180
-9.528923,-1.122881,2.674323,-2.066282,2.083336,-0.256203
-9.423578,-0.936133,3.043030,-1.688039,1.920394,-0.298704
-8.367735,-1.161188,3.050212,-1.705759,1.779302,-0.334943
-6.600814,-1.063026,2.360682,-1.887486,1.585318,-0.287779
-5.473145,-0.481235,1.984793,-2.049362,1.168038,-0.218765
-4.821923,0.438138,1.491587,-1.944776,0.798587,-0.200512
-4.378995,1.561019,1.247379,-1.667255,0.323352,-0.228091
-4.436456,2.126051,0.823605,-1.227192,-0.166938,-0.271658
-5.035007,2.142810,0.155623,-0.714119,-0.566499,-0.302168
-6.653487,2.248155,-1.613692,-0.386903,-0.987243,-0.211038
-9.066842,1.898601,-3.555390,-0.216633,-1.229990,-0.115378
-13.113043,0.531512,-6.773197,-1.015088,-0.832028,-0.051027
-14.305355,0.531512,-7.036559,-1.542284,0.232488,-0.112447
-8.149863,-0.114922,-4.948815,-0.909036,0.903174,-0.474436
-6.260838,-0.093374,-3.849877,-0.861739,0.693601,-0.527595
-5.252879,0.050278,-2.396596,-0.571428,-0.027578,-0.557705
-9.018958,1.831564,0.203507,0.264197,-1.208273,-0.189721
-13.876793,3.136404,0.502782,0.849748,-1.167105,0.107517
-16.177622,5.202600,-2.195483,-0.185058,-0.773140,0.365453
-16.213533,1.881842,-2.674324,-0.583685,0.249808,0.301102
-8.166622,0.119710,-0.325612,-0.024114,0.569963,-0.275788
-2.851495,0.775721,4.254496,1.586916,-1.026946,-0.500949
-4.276045,-1.395820,3.363853,1.750658,-1.563468,-0.384638
-7.343017,-3.679888,4.072537,1.190154,-1.821403,-0.070479
-11.101914,-4.771644,3.983951,0.730240,-1.676448,-0.001732
-11.501745,-4.017471,1.934514,-0.171202,-1.139260,0.025047
-11.037270,-2.135628,0.818816,-0.659228,-0.917430,0.046630
-9.777920,0.014365,0.428562,-0.847350,-0.734503,0.148552
-9.143457,0.426167,0.079008,-0.819904,-0.897045,0.217699
-9.402030,0.756567,0.258573,-0.829763,-0.997102,0.187856
-9.078813,1.094150,0.514753,-0.454851,-1.031609,0.101388
-8.920796,1.398213,0.529118,0.089664,-1.117010,0.063284
-9.308657,1.359906,1.237802,0.539186,-1.206541,-0.005862
-9.914390,0.730231,1.450886,0.805249,-1.143789,-0.018918
-10.002975,0.023942,1.314416,0.869333,-0.922626,0.037038
-9.040506,0.038307,1.139639,0.813110,-0.774606,0.069146
-8.935161,-0.071827,1.271321,0.830829,-0.896779,0.079139
-9.394848,-0.557849,1.675941,0.811911,-0.928088,0.121107
-9.138668,-1.146823,1.604115,0.709056,-0.937814,0.158811
-9.272744,-1.450887,1.393425,0.419944,-1.108083,0.165606
-9.629480,-0.916980,1.278503,0.119108,-1.063318,0.148819
-9.466674,-0.292093,0.339976,-0.070079,-1.035073,0.081271
-9.406819,0.148440,-0.320824,-0.008393,-0.880525,0.055557
-9.847352,0.560243,-0.577003,0.210505,-0.747960,0.029444
-9.725248,0.984016,-0.821212,0.362788,-0.573960,-0.045032
-10.017340,0.466869,0.040701,0.552243,-0.607267,0.005595
-9.701306,0.263362,1.836352,0.919828,-0.434333,0.138293
-11.458650,-0.311247,2.209848,0.916630,-0.547180,0.249542
-12.928689,-1.046267,0.818816,0.745162,-0.253139,0.207307
-12.660539,-1.848324,0.014365,0.557306,-0.089398,0.074343
-13.402741,-2.956840,-0.244209,0.261799,0.086600,-0.026513
-13.649344,-2.181118,0.648828,-0.808979,1.187623,-0.209839
-11.583148,1.513135,1.106121,-1.770109,2.045232,0.044765
-9.950303,1.357512,0.593762,-1.232521,2.556840,0.212903
-11.362882,0.495599,2.494758,-0.366252,2.386703,0.066482
-11.348516,0.952892,4.058171,-0.050894,2.080405,-0.230223
-11.015722,-0.160412,4.460397,-0.111647,1.529760,-0.423808
-11.872847,-1.872266,4.249707,-0.666688,1.517636,-0.450321
-12.085930,-2.552219,3.718195,-1.341371,1.861772,-0.366519
-10.467450,-2.533066,2.937685,-1.772374,2.209506,-0.272591
-9.083602,-1.424550,2.466027,-1.882690,2.059221,-0.280318
-8.951921,-1.606510,2.726995,-1.669520,1.835792,-0.389035
-8.588002,-1.333571,3.059789,-1.751324,1.780901,-0.402091
-7.381324,-1.972823,2.264914,-1.821137,1.601972,-0.378243
-5.849035,-0.634464,1.422155,-1.895746,1.006695,-0.295640
-5.291186,0.526724,1.345541,-1.910269,0.550911,-0.215301
-5.080496,1.551442,1.735796,-1.930520,0.263664,-0.162009
-5.114015,3.016694,1.802833,-1.667122,-0.086467,-0.185724
-6.045360,3.119644,0.694318,-1.063185,-0.403157,-0.265263
-6.849811,2.825157,-0.761357,-0.541451,-0.609133,-0.176664
-8.853758,4.352658,-3.665523,-0.146954,-0.739166,0.082736
-10.852917,4.400542,-5.248091,0.028644,-0.705592,0.266995
-11.858481,0.196324,-6.232107,-0.387569,-0.116177,0.336542
-10.247184,-2.846706,-5.008670,-0.928488,0.308297,0.123638
-9.351752,-2.245762,-4.757279,-1.087299,0.473636,-0.165606
-7.651869,-2.102110,-5.949592,-0.494953,0.462712,-0.561436
-6.584055,-3.531448,-5.875371,-0.195450,0.118042,-0.734903
-6.904878,-3.215413,-3.588909,-0.838157,-0.051560,-0.671085
-7.177817,-0.876278,-3.658341,-1.202145,-0.149751,-0.425007
-10.026917,0.418985,-2.341530,-1.103953,-1.117410,-0.102321
-15.303738,2.209848,1.357512,-0.692269,-1.798488,0.221963
-17.310080,2.904166,-0.646435,-0.644839,-0.716783,0.142157
-16.479292,5.432443,-2.343924,-1.488992,0.170402,0.221963
-10.218453,5.542576,-1.367090,-1.167238,1.018819,0.055557
-2.540248,0.888248,1.017535,0.458848,0.189454,-0.239949
-3.718196,-0.217873,4.589684,2.070546,-1.943710,-0.458048
-6.478710,-3.694254,3.538630,1.468607,-1.365886,-0.352796
-9.540894,-5.310340,3.991134,0.712920,-1.648203,-0.144289
-11.607090,-5.688624,3.282450,0.076341,-0.927022,0.081137
-10.484210,-3.536236,1.467645,-0.581554,-0.822835,0.218099
-10.081984,-1.012748,1.228225,-1.053192,-0.716384,0.218365
-9.497798,-0.158018,0.907402,-1.273423,-0.716117,0.211704
-8.882489,0.414196,0.881066,-1.409186,-0.855344,0.210372
-9.131486,1.376665,1.204283,-0.919295,-1.019884,0.092862
-9.651027,1.912967,0.964863,-0.514272,-1.076774,0.075941
-9.646239,1.766920,1.323993,-0.116843,-1.003231,0.061286
-9.428367,1.403002,2.008735,0.142290,-0.984845,0.074609
-9.583990,0.596156,1.826775,0.233421,-0.921560,0.102188
-9.165004,0.373495,1.606509,0.420477,-0.833361,0.057822
-8.980651,-0.081403,1.623268,0.551976,-0.897845,0.012257
-9.255984,-0.596157,1.939303,0.630849,-0.927422,0.013589
-9.495404,-1.130064,1.900996,0.567564,-0.907571,0.024114
-9.979033,-1.403003,1.635239,0.243946,-0.853745,0.061019
-9.974245,-0.435745,1.338358,-0.038104,-0.801785,0.047163
-9.457097,0.579396,0.373495,-0.220097,-0.739699,0.030776
-8.951921,1.558625,-0.098163,-0.079938,-0.799920,0.065816
-9.236831,1.927332,0.691924,0.269926,-0.937281,0.079139
-9.370906,1.465251,0.545877,0.547846,-0.936748,0.134829
-9.469068,-0.126893,0.667982,0.714385,-0.954868,0.224761
-10.623073,-1.836353,1.541865,0.743963,-0.931952,0.256869
-10.893618,-2.413356,1.762132,0.458981,-0.556107,0.193318
-11.674128,-1.549049,1.175553,0.246344,-0.454185,0.083402
-12.334927,-0.804452,0.466869,0.200779,-0.193185,0.004263
-12.140997,-0.837971,-0.600945,0.190254,-0.084468,-0.028378
-13.579912,-1.309629,-0.347160,0.049828,0.123638,-0.023315
-12.425907,-2.121263,0.533906,-0.476568,1.104087,-0.145621
-11.154586,-0.234632,1.055842,-1.044266,1.450754,-0.115777
-9.658210,1.675941,0.859518,-1.497252,2.015388,0.131499
-8.971074,2.305616,1.005564,-1.269027,2.286913,0.294307
-10.074801,1.180341,1.836352,-0.811644,2.413616,0.245811
-10.788273,0.268150,2.856282,-0.406355,2.200180,-0.025580
-10.702082,-0.837971,3.320757,-0.196382,1.784365,-0.287113
-11.451467,-1.608904,3.847482,-0.493754,1.571195,-0.357059
-12.722788,-2.679112,3.787627,-1.086500,1.734936,-0.354927
-11.858481,-3.275268,3.438073,-1.740399,2.003264,-0.354661
-10.515334,-2.935292,2.590526,-1.974753,2.122506,-0.447257
-10.450691,-2.540248,2.408566,-2.119175,1.864704,-0.516137
-10.611102,-2.549825,3.093308,-2.085201,1.840589,-0.477767
-9.425972,-2.042255,2.547430,-2.166739,1.786763,-0.474969
-7.527371,-1.908179,2.554613,-2.434267,1.476335,-0.487892
-6.098032,-0.881067,2.612074,-2.584552,1.198681,-0.436198
-4.896143,0.835576,2.183511,-2.436399,0.800186,-0.362255
-4.400543,2.171540,1.889025,-2.128368,0.348532,-0.329880
-4.299987,3.224989,1.443703,-1.786630,-0.096192,-0.359058
-4.951210,4.024652,0.457292,-1.382540,-0.481897,-0.360523
-6.028600,4.398148,-1.036690,-1.065716,-0.910768,-0.279119
-8.518570,5.169081,-2.703054,-0.660427,-1.302734,-0.202911
-12.320562,2.906560,-4.683059,-0.608333,-0.821103,-0.099923
-11.657368,-0.174777,-7.841011,-0.930886,0.329347,0.025580
-10.333375,0.253785,-6.445191,-1.049728,0.361855,-0.226226
-9.907207,0.136469,-6.030994,-0.622722,0.177597,-0.529327
-10.216059,-1.824382,-4.498705,-0.294174,0.143356,-0.625653
-8.061277,-4.113239,-3.172318,-0.357592,0.333211,-0.545048
-6.325481,-3.313576,-3.059790,-0.892649,0.120840,-0.398894
-7.587226,-0.438139,-2.109292,-0.876794,-0.474836,-0.260866
-11.540053,2.439691,0.177170,-0.222895,-1.496985,0.061952
-14.334086,4.261678,-0.019154,0.250607,-1.052659,0.133630
-15.150509,3.761290,-2.346318,-0.483096,-0.806714,0.216633
-13.232753,3.785232,-1.625663,-0.977517,0.110182,0.163208
-6.672641,1.635239,-0.361525,0.082869,0.478300,-0.234353
-3.696648,0.217872,3.016694,1.575325,-1.109549,-0.431269
-6.311116,-2.178724,2.863465,1.784365,-1.388802,-0.348133
-7.960721,-3.725378,3.186682,1.189621,-1.337108,-0.165073
-10.850522,-5.489905,2.865859,0.575425,-1.137128,-0.080738
-10.307039,-4.254497,2.341529,-0.356926,-0.830963,-0.008793
-10.072407,-1.908179,1.582567,-0.855877,-0.749159,0.093261
-9.679758,-0.469264,1.132457,-1.059054,-0.739832,0.209839
-9.698911,0.471657,1.055842,-1.115278,-0.867468,0.259401
-9.710882,1.369483,0.883460,-1.040669,-0.834027,0.231689
-9.404425,1.675941,0.615309,-0.597541,-0.883855,0.173067
-9.349358,1.608903,0.840364,-0.020517,-1.049861,0.074076
-9.363723,1.036689,1.628057,0.369849,-1.098224,0.031442
-9.698911,0.248996,1.989581,0.629650,-1.077840,0.041701
-9.629480,-0.098163,1.671152,0.749025,-0.897178,0.023182
-8.633492,0.026336,1.616086,0.836159,-0.865469,0.004929
-8.872912,0.021547,1.793257,0.930353,-0.962462,0.038770
-9.078813,-0.541090,2.164358,0.901175,-0.926489,0.096992
-9.004593,-1.335965,2.288856,0.687473,-1.021217,0.100056
-9.840169,-1.642423,2.355894,0.361589,-1.040136,0.057422
-9.730036,-1.393426,2.269703,0.034240,-0.956466,0.013456
-9.275138,-0.430957,1.187524,-0.136295,-1.027212,-0.009326
-9.378088,0.639251,0.689530,-0.089931,-1.100756,0.025980
-9.148245,1.953668,0.428562,0.258601,-1.105819,0.090996
-9.933543,2.068590,0.799663,0.715718,-1.104619,0.142157
-10.467450,0.890643,1.391031,1.016953,-0.729973,0.204509
-10.963050,-0.411803,1.218648,1.110082,-0.516670,0.204776
-11.197682,-1.371878,0.960074,0.987110,-0.355460,0.107650
-12.413936,-1.991976,1.101332,0.781667,-0.316024,-0.037704
-12.890382,-1.766921,1.151610,0.606068,0.124970,-0.114045
-12.310985,-1.467646,-0.114922,0.430070,0.233154,-0.188655
-13.338098,-1.460464,-0.086192,0.333477,0.484028,-0.232222
-12.533646,-1.431733,0.265756,0.191320,0.875861,-0.310695
-11.508928,-1.072603,-0.165200,-0.187056,1.166972,-0.343470
-10.632650,0.246602,0.251391,-0.652033,1.808746,-0.199580
-8.978257,1.297657,0.363918,-1.209472,2.183393,-0.009992
-9.935937,1.098938,2.427720,-1.233854,2.504347,0.072744
-10.967838,0.548272,4.141968,-0.977250,2.507544,-0.066349
-11.652580,-0.033519,3.876212,-0.344002,2.322752,-0.314825
-11.027693,-0.531513,2.829946,-0.463911,1.865769,-0.453252
-12.832921,-0.890644,3.179499,-0.876927,1.658861,-0.404223
-13.429078,-1.412579,2.801215,-1.303001,1.932785,-0.346267
-11.382035,-0.928951,2.506729,-1.524165,2.191120,-0.371848
-9.282320,-0.469264,2.743755,-1.565466,2.136229,-0.350664
-9.009381,-0.612916,2.303221,-1.374679,1.934517,-0.203577
-9.509769,-0.325612,1.860294,-1.429037,1.714685,-0.118575
-8.360553,-0.210690,1.778891,-1.635146,1.673517,-0.050627
-6.473922,1.010353,1.115697,-1.774906,1.469540,0.001199
-5.226543,1.651999,0.825999,-1.659661,1.208407,0.062618
-4.390966,2.468421,0.596156,-1.294074,0.953535,0.111381
-4.185065,2.489969,-0.253786,-0.608333,0.527728,-0.017320
-4.261679,1.060631,-0.864307,-0.121107,-0.139892,-0.158411
-5.434838,-0.174777,-0.639252,-0.091263,-0.535323,-0.177996
-6.505046,-0.713473,-1.436521,-0.164007,-0.740499,-0.182260
-8.044518,-0.928951,-2.669535,-0.172134,-1.016687,-0.206241
-10.371682,0.553060,-4.702213,-0.082070,-1.020551,-0.336941
-11.638215,1.424549,-6.909666,-0.190387,-0.702528,-0.374512
-11.130644,1.419761,-7.218519,-0.075275,-0.236218,-0.276587
-9.196129,0.124498,-6.581661,0.003197,-0.009992,-0.158944
-9.112332,0.174776,-4.886566,-0.224228,0.000399,-0.099790
-8.434773,0.237025,-4.434062,-0.273656,0.041568,-0.160810
-9.047689,0.000000,-2.753332,-0.089264,-0.446058,-0.239150
-10.955867,1.259350,0.402225,0.377044,-0.917696,0.056090
-10.479421,2.066196,-0.136470,0.906505,-0.770875,0.156946
-13.412318,0.083797,-2.339136,0.922626,-1.230789,-0.064084
-15.756242,-0.679954,-2.985570,-0.016787,-0.440062,-0.006794
-9.538500,0.907402,-1.276110,-0.181061,0.317489,-0.013056
-5.554548,-0.098163,1.709459,0.451920,-0.541185,-0.042767
-7.331046,-0.603339,5.219359,1.140059,-1.126203,-0.159477
-7.357382,-2.456451,2.937685,0.579555,-1.046664,-0.025313
-10.230424,-3.191471,2.066196,0.127901,-1.153649,0.088465
-10.594343,-2.959234,2.312798,-0.050094,-0.656829,0.141891
-9.780314,-1.865084,1.101332,-0.316957,-0.719048,0.080871
-9.789891,-0.447716,0.588973,-0.415148,-0.711054,-0.007727
-9.706094,-0.284910,-0.110134,-0.462578,-0.737301,-0.034640
-9.062054,0.193930,0.201112,-0.222229,-0.723045,-0.024781
-8.755596,0.598550,0.754173,0.200512,-0.988042,0.000666
-9.313445,0.809240,1.644816,0.549978,-1.106351,0.023848
-9.327810,0.900219,1.843535,0.738900,-1.046531,0.007460
-9.255984,0.299275,1.276109,0.837224,-0.992172,0.045964
-9.035718,-0.165200,1.374271,0.779269,-0.959797,0.082736
-9.119515,-0.565032,1.403002,0.773273,-0.984178,0.079272
-9.514558,-0.952893,1.297657,0.731172,-0.979249,0.096459
-9.672575,-0.758962,1.276109,0.617659,-0.948206,0.089398
-9.979033,-0.588974,1.230619,0.486427,-0.965926,0.111914
-9.059660,-0.409409,1.175553,0.356659,-1.000433,0.144422
-8.904036,-0.122105,0.945709,0.331745,-1.156580,0.164407
-8.975863,-0.004789,0.859518,0.402091,-1.130067,0.210505
-8.681376,-0.004789,0.878672,0.615261,-1.197215,0.237684
-9.457097,0.208295,1.532289,0.583819,-0.948206,0.233287
-9.526529,-0.579397,1.541865,0.669353,-1.043200,0.255404
-11.250354,-0.938528,1.611297,0.695200,-0.915431,0.192918
-11.698070,-0.579397,0.600944,0.626186,-0.657362,0.069146
-12.945449,-0.122105,0.430956,0.642840,-0.605802,0.015321
-13.117831,-0.268151,0.397437,0.801918,-0.167338,0.004663
-12.567165,-0.897826,0.102950,0.727842,-0.004529,-0.039569
-13.548788,-1.819594,0.663193,0.587416,0.199180,-0.123505
-14.197616,-2.207454,1.434126,0.183592,0.775805,-0.214102
-12.761095,-1.098939,1.331176,-0.291376,1.155381,-0.292176
-11.164163,0.684741,1.352723,-0.811644,1.783033,-0.246344
-8.863335,2.200271,0.153228,-0.976851,2.297305,0.001199
-9.083602,2.825157,1.094150,-0.576091,2.316491,0.108450
-10.632650,1.810016,3.265691,-0.165073,2.447057,0.033973
-10.807427,1.194706,4.390965,0.194117,2.313293,-0.241548
-10.589554,-0.011972,4.098873,0.349465,1.854711,-0.472304
-11.386824,-1.235409,3.593696,-0.100856,1.607301,-0.424741
-12.291832,-1.410185,2.856282,-0.734503,1.866436,-0.310428
-11.312603,-0.876278,2.099714,-1.094227,2.104786,-0.314025
-9.785103,0.079008,1.948880,-1.182560,2.095460,-0.344935
-9.555259,-0.347160,2.602497,-1.021616,2.010725,-0.356526
-9.267955,-1.283293,2.817975,-0.989108,2.010459,-0.266995
-8.200141,-1.764527,2.504334,-1.268760,1.923059,-0.180794
-7.110779,-2.047043,2.044648,-1.657129,1.627952,-0.104986
-5.691018,-1.158794,1.599326,-1.961563,1.257702,-0.045165
-4.795586,0.004788,1.268926,-1.993005,0.810978,-0.011191
-4.371813,1.264138,1.118092,-1.758119,0.442727,-0.058488
-4.182671,2.454056,0.691924,-1.268094,0.024248,-0.122972
-5.178659,2.968810,-0.984017,-0.483496,-0.361855,-0.271658
-5.880160,3.181894,-3.253721,0.243013,-0.965659,-0.395297
-8.008605,2.138022,-4.872201,0.531592,-1.335243,-0.441927
-11.635821,-0.114922,-5.796363,-0.247810,-1.097825,-0.353329
-12.959814,-1.046267,-5.090073,-0.841355,-0.142690,-0.194251
-10.864888,-1.058238,-5.987899,-0.813110,0.508410,-0.181727
-8.748413,-0.916980,-6.129157,-0.651234,0.329214,-0.251673
-8.590396,-0.263363,-4.991911,-0.533857,0.171468,-0.353728
-8.468292,-0.294487,-3.521871,-0.527462,0.054624,-0.305765
-9.512164,1.161187,-0.677560,-0.007327,-0.722113,-0.042101
-14.144944,3.497928,1.022324,0.753022,-0.977384,0.196649
-14.221558,3.165134,-2.334347,0.644039,-0.601538,0.166938
-13.441049,2.138022,-2.669535,0.048229,-0.208373,0.043966
-8.520964,0.524330,0.088585,0.118575,-0.086333,-0.150018
-5.688624,-0.648829,2.985569,1.105019,-0.810578,-0.236751
-5.951986,-1.228226,3.813963,1.475935,-1.256636,-0.130833
-7.182605,-2.643199,3.732560,1.144855,-1.356160,0.007727
-9.955091,-3.979164,3.737348,0.640708,-1.383206,0.042900
-10.795456,-4.137181,2.147598,0.025713,-0.874662,0.025313
-10.297462,-2.183512,0.881066,-0.420344,-0.798721,0.044632
-9.804256,-0.014366,0.615309,-0.428738,-0.717450,0.081670
-9.165004,0.636857,0.306457,-0.389035,-0.834027,0.105385
-9.576807,1.010353,0.198718,-0.248076,-0.897978,0.068081
-9.141062,1.297657,0.316034,0.204643,-0.871465,0.064883
-9.425972,1.458068,0.775721,0.739166,-1.077574,0.047696
-9.746795,0.828393,1.309628,1.038270,-1.040935,0.010791
-9.232042,0.136469,1.659181,1.295007,-0.971388,0.013989
-9.203312,-0.407015,1.903390,1.275155,-0.962995,0.023182
-8.793903,-0.574609,2.195482,1.145122,-0.933284,0.014388
-8.695741,-0.790087,2.224213,1.102221,-1.014289,0.046630
-9.631874,-1.448493,2.121262,0.956067,-1.084768,0.130166
-10.117897,-1.333571,1.742978,0.750491,-0.955534,0.142157
-9.993398,-0.775722,1.060631,0.476701,-0.914898,0.113779
-9.519346,-0.107740,0.335188,0.368917,-0.914898,0.070212
-9.090784,0.165199,-0.248997,0.445658,-1.098091,0.010525
-9.576807,0.237025,-0.062250,0.553708,-1.113280,0.003197
-9.504981,0.033518,0.608127,0.784065,-0.961396,0.030909
-9.888053,-0.162806,0.825999,0.894914,-0.835359,0.043966
-10.409989,-0.600945,1.027112,0.901042,-0.640575,0.084468
-10.848128,-0.555455,1.098938,0.935549,-0.397162,0.100456
-10.728418,-0.435745,0.787692,0.934750,-0.276321,0.071145
-11.645397,-0.600945,1.091755,0.876394,-0.303101,0.041434
-12.713211,-1.345542,1.125274,0.854811,-0.110315,-0.055290
-12.313380,-1.742979,0.342370,0.599540,0.050761,-0.162542
-12.883200,-1.572991,0.833182,0.289644,0.300436,-0.254071
-12.370840,-1.268927,0.464475,0.071411,0.774606,-0.304833
-12.236765,-0.167595,0.229843,-0.312826,1.268894,-0.231289
-11.013328,1.149216,0.658405,-0.505878,1.962895,-0.052226
-9.660604,2.293645,0.735019,-0.454984,2.218699,0.067681
-10.819398,2.061407,1.601720,-0.283382,2.411618,0.145754
-11.518505,1.345541,3.129221,-0.001332,2.458782,0.042900
-11.066001,1.130063,3.722983,0.061153,2.160344,-0.202378
-11.197682,0.373495,4.007893,0.064350,1.822602,-0.350264
-12.380417,-0.581792,4.223371,-0.199180,1.796622,-0.265529
-12.627020,-0.577003,3.423708,-0.695333,2.047630,-0.125503
-10.577583,-0.696713,2.612074,-0.899710,2.209239,-0.105652
-9.090784,0.038307,1.972822,-0.929021,1.964227,-0.020117
-9.026141,-0.237026,2.408566,-0.835492,1.740132,0.028777
-8.568848,-0.770933,2.331952,-0.889051,1.695233,0.141358
-7.015011,-1.015142,2.190694,-1.044665,1.592246,0.233287
-5.475540,-0.306458,2.128445,-1.369616,1.370949,0.383572
-5.039795,0.768538,1.450886,-1.436365,0.952469,0.326150
-5.080496,1.271321,0.074220,-1.154315,0.550911,0.119108
-5.171476,1.975216,-1.055843,-0.367051,0.051560,-0.123505
-5.200207,1.333570,-1.072603,0.087399,-0.399160,-0.266329
-6.102821,0.541089,-0.703896,-0.037571,-0.641375,-0.274855
-6.789956,-0.284910,-0.438139,-0.452053,-0.706924,-0.205176
-7.601591,-0.644041,-1.379061,-0.721713,-0.853345,-0.145222
-9.006987,-0.325612,-3.677494,-0.616860,-1.163108,-0.184391
-11.793838,0.986411,-5.738902,-0.573826,-1.313393,-0.251540
-14.901512,-0.067038,-8.858547,-0.770342,-0.630050,-0.226626
-12.962208,0.177170,-7.563284,-1.134330,0.542783,0.007860
