-65,-58,-71,-61,-60,-57,-48,-53, 0.5, 0
-65,-58,-71,-61,-60,-57,-48,-53, 0.5, 0
-65,-58,-71,-61,-60,-57,-48,-53, 0.5, 0
-65,-58,-71,-61,-60,-57,-48,-53, 0.5, 0
-65,-58,-71,-61,-60,-57,-48,-53, 0.5, 0
-65,-58,-71,-61,-60,-57,-48,-53, 0.5, 0
-65,-58,-71,-61,-60,-57,-48,-53, 0.5, 0
-65,-58,-71,-61,-60,-57,-48,-53, 0.5, 0
-65,-58,-71,-61,-60,-57,-48,-53, 0.5, 0
-65,-58,-71,-61,-60,-57,-48,-53, 0.5, 0
-65,-58,-71,-61,-60,-57,-48,-53, 0.5, 0
-65,-58,-71,-61,-60,-57,-48,-53, 0.5, 0
-65,-58,-71,-61,-60,-57,-48,-53, 0.5, 0
-65,-58,-71,-61,-60,-57,-48,-53, 0.5, 0
-65,-58,-71,-61,-60,-57,-48,-53, 0.5, 0
-65,-58,-71,-61,-60,-57,-48,-53, 0.5, 0
-65,-58,-71,-61,-60,-57,-48,-53, 0.5, 0
-65,-58,-71,-61,-60,-57,-48,-53, 0.5, 0
-65,-58,-71,-61,-60,-57,-48,-53, 0.5, 0
-65,-58,-71,-61,-60,-57,-48,-53, 0.5, 0
-65,-58,-71,-61,-60,-57,-48,-53, 0.5, 0
-65,-58,-71,-61,-60,-57,-48,-53, 0.5, 0
-65,-58,-71,-61,-60,-57,-48,-53, 0.5, 0
-65,-58,-71,-61,-60,-57,-48,-53, 0.5, 0
-65,-58,-71,-61,-60,-57,-48,-53, 0.5, 0
-65,-58,-71,-61,-60,-57,-48,-53, 0.5, 0
-65,-58,-71,-61,-60,-57,-48,-53, 0.5, 0
-65,-58,-71,-61,-60,-57,-48,-53, 0.5, 0
-65,-58,-71,-61,-60,-57,-48,-53, 0.5, 0
-65,-58,-71,-61,-60,-57,-48,-53, 0.5, 0
-65,-58,-71,-61,-60,-60,-48,-53, 0.5, 0
-65,-58,-71,-61,-60,-60,-48,-53, 0.5, 0
-65,-58,-71,-61,-60,-60,-48,-53, 0.5, 0
-65,-58,-71,-61,-60,-60,-48,-53, 0.5, 0
-65,-58,-71,-61,-60,-60,-48,-53, 0.5, 0
-65,-58,-71,-61,-60,-60,-48,-53, 0.5, 0
-65,-58,-71,-61,-60,-60,-48,-53, 0.5, 0
-65,-58,-71,-61,-60,-60,-48,-53, 0.5, 0
-65,-58,-71,-61,-60,-60,-48,-53, 0.5, 0
-65,-58,-71,-61,-60,-60,-48,-53, 0.5, 0
-65,-58,-71,-61,-60,-60,-48,-53, 0.5, 0
-65,-58,-71,-61,-60,-60,-48,-53, 0.5, 0
-65,-58,-71,-61,-60,-60,-48,-53, 0.5, 0
-65,-58,-71,-61,-60,-60,-48,-53, 0.5, 0
-65,-58,-71,-61,-60,-60,-48,-53, 0.5, 0
-65,-58,-71,-61,-60,-60,-48,-53, 0.5, 0
-65,-58,-71,-61,-60,-60,-48,-53, 0.5, 0
-65,-58,-71,-61,-60,-60,-48,-53, 0.5, 0
-65,-58,-71,-61,-60,-60,-48,-53, 0.5, 0
-65,-58,-71,-61,-60,-60,-48,-53, 0.5, 0
-65,-58,-71,-61,-60,-60,-48,-53, 0.5, 0
-65,-58,-71,-61,-60,-60,-48,-53, 0.5, 0
-65,-58,-71,-61,-60,-60,-48,-53, 0.5, 0
-65,-58,-71,-61,-60,-60,-48,-53, 0.5, 0
-65,-58,-71,-61,-60,-60,-48,-53, 0.5, 0
-65,-58,-71,-61,-60,-60,-48,-53, 0.5, 0
-65,-58,-71,-61,-60,-60,-48,-53, 0.5, 0
-60,-58,-71,-61,-60,-60,-48,-53, 0.5, 0
-60,-58,-71,-61,-60,-60,-48,-53, 0.5, 0
-60,-58,-71,-61,-60,-60,-48,-53, 0.5, 0
-60,-58,-71,-61,-60,-60,-48,-53, 0.5, 0
-60,-58,-71,-61,-60,-60,-48,-53, 0.5, 0
-60,-58,-71,-61,-60,-60,-48,-53, 0.5, 0
-60,-58,-71,-61,-60,-60,-48,-53, 0.5, 0
-60,-58,-71,-61,-60,-60,-48,-53, 0.5, 0
-60,-58,-71,-61,-60,-60,-48,-53, 0.5, 0
-60,-58,-71,-61,-60,-60,-48,-53, 0.5, 0
-60,-58,-71,-61,-60,-60,-48,-53, 0.5, 0
-60,-58,-71,-61,-60,-60,-48,-53, 0.5, 0
-60,-58,-71,-61,-60,-60,-48,-53, 0.5, 0
-60,-58,-71,-61,-60,-60,-48,-53, 0.5, 0
-60,-58,-71,-61,-60,-60,-48,-53, 0.5, 0
-60,-58,-71,-61,-60,-60,-48,-53, 0.5, 0
-60,-58,-71,-61,-60,-60,-48,-53, 0.5, 0
-60,-58,-71,-61,-60,-60,-48,-53, 0.5, 0
-60,-58,-71,-61,-60,-60,-48,-53, 0.5, 0
-60,-58,-71,-61,-60,-60,-48,-53, 0.5, 0
-60,-58,-71,-61,-60,-60,-48,-53, 0.5, 0
-60,-58,-71,-61,-60,-60,-48,-53, 0.5, 0
-60,-58,-71,-61,-60,-60,-47,-53, 0.5, 0
-60,-58,-71,-61,-60,-60,-47,-53, 0.5, 0
-60,-58,-71,-61,-60,-60,-47,-53, 0.5, 0
-60,-58,-71,-61,-60,-60,-47,-53, 0.5, 0
-60,-58,-71,-61,-60,-60,-47,-53, 0.5, 0
-60,-58,-71,-61,-60,-60,-47,-53, 0.5, 0
-60,-58,-71,-61,-60,-60,-47,-53, 0.5, 0
-60,-58,-71,-61,-60,-60,-47,-53, 0.5, 0
-60,-58,-71,-61,-60,-60,-47,-53, 0.5, 0
-60,-58,-71,-61,-60,-60,-47,-53, 0.5, 0
-60,-58,-71,-61,-60,-60,-47,-53, 0.5, 0
-60,-58,-71,-61,-60,-60,-47,-53, 0.5, 0
-60,-58,-71,-61,-60,-60,-47,-53, 0.5, 0
-60,-58,-71,-61,-60,-60,-47,-53, 0.5, 0
-60,-58,-71,-61,-60,-60,-47,-53, 0.5, 0
-60,-58,-71,-61,-60,-60,-47,-53, 0.5, 0
-60,-58,-71,-61,-60,-60,-47,-53, 0.5, 0
-60,-58,-71,-61,-60,-60,-47,-53, 0.5, 0
-60,-58,-71,-61,-60,-60,-47,-53, 0.5, 0
-60,-58,-71,-61,-60,-60,-47,-53, 0.5, 0
-60,-58,-71,-61,-60,-60,-47,-53, 0.5, 0
-60,-58,-71,-61,-60,-60,-47,-53, 0.5, 0
-60,-58,-71,-61,-60,-60,-47,-53, 0.5, 0
-60,-58,-71,-61,-60,-60,-47,-53, 0.5, 0
-60,-58,-71,-61,-60,-60,-47,-53, 0.5, 0
-60,-58,-71,-61,-60,-60,-47,-53, 0.5, 0
-60,-58,-71,-61,-60,-60,-47,-53, 0.5, 0
-60,-58,-71,-61,-60,-60,-47,-53, 0.5, 0
-60,-58,-71,-61,-60,-60,-47,-53, 0.5, 0
-60,-58,-71,-61,-60,-60,-47,-53, 0.5, 0
-60,-58,-71,-61,-60,-60,-47,-53, 0.5, 0
-60,-58,-71,-61,-60,-60,-47,-53, 0.5, 0
-60,-58,-71,-61,-60,-60,-47,-53, 0.5, 0
-60,-58,-71,-61,-60,-60,-47,-53, 0.5, 0
-60,-58,-71,-61,-60,-60,-47,-53, 0.5, 0
-60,-58,-71,-61,-60,-60,-47,-53, 0.5, 0
-60,-58,-71,-61,-60,-60,-47,-53, 0.5, 0
-60,-58,-71,-61,-60,-60,-47,-53, 0.5, 0
-60,-58,-71,-61,-60,-60,-47,-53, 0.5, 0
-60,-58,-71,-61,-60,-60,-47,-53, 0.5, 0
-60,-58,-71,-61,-60,-60,-47,-53, 0.5, 0
-60,-58,-71,-61,-60,-60,-47,-53, 0.5, 0
-60,-58,-71,-61,-60,-60,-47,-53, 0.5, 0
-60,-58,-71,-61,-60,-60,-47,-53, 0.5, 0
-60,-58,-71,-61,-60,-60,-47,-53, 0.5, 0
-60,-58,-71,-61,-60,-60,-47,-53, 0.5, 0
-60,-58,-71,-61,-71,-60,-47,-53, 0.5, 0
-60,-58,-71,-61,-71,-60,-47,-53, 0.5, 0
-60,-58,-71,-61,-71,-60,-47,-53, 0.5, 0
-60,-58,-71,-61,-71,-60,-47,-53, 0.5, 0
-60,-58,-71,-61,-71,-60,-47,-53, 0.5, 0
-60,-58,-71,-61,-71,-60,-47,-53, 0.5, 0
-60,-58,-71,-61,-71,-60,-47,-53, 0.5, 0
-60,-58,-71,-61,-71,-60,-47,-53, 0.5, 0
-60,-58,-71,-61,-71,-60,-47,-53, 0.5, 0
-60,-58,-71,-61,-71,-60,-47,-53, 0.5, 0
-60,-58,-71,-61,-71,-60,-47,-53, 0.5, 0
-60,-58,-71,-61,-71,-60,-47,-53, 0.5, 0
-60,-58,-71,-61,-71,-60,-47,-53, 0.5, 0
-60,-58,-71,-61,-71,-60,-47,-53, 0.5, 0
-60,-58,-71,-61,-71,-60,-47,-53, 0.5, 0
-60,-58,-71,-61,-71,-60,-47,-53, 0.5, 0
-60,-58,-71,-61,-71,-60,-47,-53, 0.5, 0
-60,-58,-71,-61,-71,-60,-47,-53, 0.5, 0
-60,-58,-71,-61,-71,-60,-47,-53, 0.5, 0
-60,-58,-71,-61,-71,-60,-47,-53, 0.5, 0
-60,-58,-71,-61,-71,-60,-47,-53, 0.5, 0
-60,-58,-71,-61,-71,-60,-47,-53, 0.5, 0
-60,-58,-71,-61,-71,-60,-47,-53, 0.5, 0
-60,-58,-71,-61,-71,-60,-47,-53, 0.5, 0
-60,-58,-71,-61,-71,-60,-47,-53, 0.5, 0
-60,-58,-71,-61,-71,-60,-47,-53, 0.5, 0
-60,-58,-71,-61,-71,-60,-47,-53, 0.5, 0
-60,-58,-71,-61,-71,-60,-47,-53, 0.5, 0
-60,-58,-71,-61,-71,-60,-47,-53, 0.5, 0
-60,-58,-71,-61,-71,-60,-47,-53, 0.5, 0
-60,-58,-71,-61,-71,-60,-47,-53, 0.5, 0
-60,-58,-71,-61,-71,-60,-47,-53, 0.5, 0
-60,-58,-71,-61,-71,-60,-47,-53, 0.5, 0
-60,-58,-71,-61,-71,-60,-47,-53, 0.5, 0
-60,-58,-71,-61,-71,-60,-47,-53, 0.5, 0
-60,-58,-71,-61,-71,-60,-47,-53, 0.5, 0
-60,-58,-71,-61,-71,-60,-47,-53, 0.5, 0
-60,-58,-71,-61,-71,-60,-47,-53, 0.5, 0
-60,-58,-71,-61,-71,-60,-47,-53, 0.5, 0
-60,-58,-71,-61,-71,-60,-47,-53, 0.5, 0
-60,-58,-71,-61,-71,-60,-47,-53, 0.5, 0
-60,-58,-71,-61,-71,-60,-47,-53, 0.5, 0
-60,-58,-71,-61,-71,-60,-47,-53, 0.5, 0
-60,-58,-71,-61,-71,-60,-47,-53, 0.5, 0
-60,-58,-71,-61,-71,-60,-47,-53, 0.5, 0
-60,-58,-71,-61,-71,-60,-47,-53, 0.5, 0
-60,-58,-71,-61,-71,-60,-47,-53, 0.5, 0
-60,-58,-71,-61,-71,-60,-47,-53, 0.5, 0
-60,-58,-71,-61,-71,-60,-47,-53, 0.5, 0
-60,-58,-71,-61,-71,-60,-47,-53, 0.5, 0
-60,-58,-71,-61,-71,-60,-47,-53, 0.5, 0
-60,-58,-71,-61,-71,-60,-47,-53, 0.5, 0
-60,-58,-71,-61,-71,-60,-47,-53, 0.5, 0
-60,-58,-71,-61,-71,-60,-47,-53, 0.5, 0
-60,-58,-71,-61,-71,-60,-47,-53, 0.5, 0
-60,-58,-71,-61,-71,-60,-47,-53, 0.5, 0
-60,-58,-71,-61,-71,-60,-47,-53, 0.5, 0
-60,-58,-71,-61,-71,-60,-47,-53, 0.5, 0
-60,-58,-71,-61,-71,-60,-47,-53, 0.5, 0
-60,-58,-71,-61,-71,-60,-47,-53, 0.5, 0
-60,-58,-71,-61,-71,-60,-47,-53, 0.5, 0
-60,-58,-71,-61,-71,-60,-47,-53, 0.5, 0
-60,-58,-71,-61,-71,-60,-47,-53, 0.5, 0
-60,-58,-71,-61,-71,-60,-47,-53, 0.5, 0
-60,-58,-71,-61,-71,-60,-47,-53, 0.5, 0
-60,-58,-71,-61,-71,-60,-47,-53, 0.5, 0
-60,-58,-71,-61,-71,-60,-47,-53, 0.5, 0
-60,-58,-71,-61,-71,-60,-47,-53, 0.5, 0
-60,-58,-71,-61,-71,-60,-47,-53, 0.5, 0
-60,-58,-71,-61,-71,-60,-47,-53, 0.5, 0
-60,-58,-71,-61,-71,-60,-47,-53, 0.5, 0
-60,-58,-71,-61,-71,-60,-47,-53, 0.5, 0
-60,-58,-71,-61,-71,-60,-47,-53, 0.5, 0
-60,-58,-71,-61,-71,-60,-47,-53, 0.5, 0
-60,-58,-71,-61,-71,-60,-47,-53, 0.5, 0
-60,-58,-71,-61,-71,-60,-47,-53, 0.5, 0
-60,-58,-71,-61,-71,-60,-47,-53, 0.5, 0
-60,-58,-71,-61,-71,-60,-47,-53, 0.5, 0
-60,-58,-64,-61,-71,-60,-47,-53, 0.5, 0
-60,-58,-64,-61,-71,-60,-47,-53, 0.5, 0
-60,-58,-64,-61,-71,-60,-47,-53, 0.5, 0
-60,-58,-64,-61,-71,-60,-47,-53, 0.5, 0
-60,-58,-64,-61,-71,-60,-47,-53, 0.5, 0
-60,-58,-64,-61,-71,-60,-47,-53, 0.5, 0
-60,-58,-64,-61,-71,-60,-47,-53, 0.5, 0
-60,-58,-64,-61,-71,-60,-47,-53, 0.5, 0
-60,-58,-64,-61,-71,-60,-47,-53, 0.5, 0
-60,-58,-64,-61,-71,-60,-47,-53, 0.5, 0
-60,-58,-64,-61,-71,-60,-47,-53, 0.5, 0
-60,-58,-64,-61,-71,-60,-47,-53, 0.5, 0
-60,-58,-64,-61,-71,-60,-47,-53, 0.5, 0
-60,-58,-64,-61,-71,-60,-47,-53, 0.5, 0
-60,-58,-64,-61,-71,-60,-47,-53, 0.5, 0
-60,-58,-64,-61,-71,-60,-47,-53, 0.5, 0
-60,-58,-64,-61,-71,-60,-47,-53, 0.5, 0
-60,-58,-64,-61,-71,-60,-47,-53, 0.5, 0
-60,-58,-64,-61,-71,-60,-47,-53, 0.5, 0
-60,-58,-64,-61,-71,-60,-47,-53, 0.5, 0
-60,-58,-64,-61,-71,-60,-47,-53, 0.5, 0
-60,-58,-64,-61,-71,-60,-47,-53, 0.5, 0
-60,-58,-64,-61,-71,-60,-47,-53, 0.5, 0
-60,-58,-64,-61,-71,-60,-47,-53, 0.5, 0
-60,-58,-64,-61,-71,-60,-47,-53, 0.5, 0
-60,-58,-64,-61,-71,-60,-47,-53, 0.5, 0
-60,-58,-64,-61,-71,-60,-47,-53, 0.5, 0
-60,-58,-64,-61,-71,-60,-47,-53, 0.5, 0
-60,-58,-64,-61,-71,-60,-47,-53, 0.5, 0
-60,-58,-64,-61,-71,-60,-47,-53, 0.5, 0
-60,-58,-64,-61,-71,-60,-47,-53, 0.5, 0
-60,-58,-64,-61,-71,-60,-47,-53, 0.5, 0
-60,-58,-64,-61,-71,-60,-47,-53, 0.5, 0
-60,-58,-64,-61,-71,-60,-47,-53, 0.5, 0
-60,-58,-64,-61,-71,-60,-47,-53, 0.5, 0
-60,-58,-64,-61,-71,-60,-47,-53, 0.5, 0
-60,-58,-64,-61,-71,-60,-47,-53, 0.5, 0
-60,-58,-64,-61,-71,-60,-47,-53, 0.5, 0
-60,-58,-64,-61,-71,-60,-47,-53, 0.5, 0
-60,-58,-64,-61,-71,-60,-47,-53, 0.5, 0
-60,-58,-64,-61,-71,-60,-47,-53, 0.5, 0
-60,-58,-64,-61,-71,-60,-47,-53, 0.5, 0
-60,-58,-64,-61,-71,-60,-47,-53, 0.5, 0
-60,-58,-64,-61,-71,-60,-47,-53, 0.5, 0
-60,-58,-64,-61,-71,-60,-47,-53, 0.5, 0
-60,-58,-64,-61,-71,-60,-47,-53, 0.5, 0
-60,-58,-64,-61,-71,-60,-47,-53, 0.5, 0
-60,-58,-64,-61,-71,-60,-47,-53, 0.5, 0
-60,-58,-64,-61,-71,-60,-47,-53, 0.5, 0
-60,-58,-64,-61,-71,-60,-47,-53, 0.5, 0
-60,-58,-64,-61,-71,-60,-47,-53, 0.5, 0
-60,-58,-64,-61,-71,-60,-47,-53, 0.5, 0
-60,-58,-64,-61,-71,-60,-47,-53, 0.5, 0
-60,-58,-64,-61,-71,-60,-47,-53, 0.5, 0
-60,-58,-64,-61,-71,-60,-47,-53, 0.5, 0
-60,-58,-64,-61,-71,-60,-47,-53, 0.5, 0
-60,-58,-64,-61,-71,-60,-47,-53, 0.5, 0
-60,-58,-64,-61,-71,-60,-47,-53, 0.5, 0
-60,-58,-64,-61,-71,-60,-47,-53, 0.5, 0
-60,-58,-64,-61,-71,-60,-47,-53, 0.5, 0
-60,-58,-64,-61,-71,-60,-47,-53, 0.5, 0
-60,-58,-64,-61,-71,-60,-47,-60, 0.5, 0
-60,-58,-64,-61,-71,-60,-47,-60, 0.5, 0
-60,-58,-64,-61,-71,-60,-47,-60, 0.5, 0
-60,-58,-64,-61,-71,-60,-47,-60, 0.5, 0
-60,-58,-64,-61,-71,-60,-47,-60, 0.5, 0
-60,-58,-64,-61,-71,-60,-47,-60, 0.5, 0
-60,-58,-64,-61,-71,-60,-47,-60, 0.5, 0
-60,-58,-64,-61,-71,-60,-47,-60, 0.5, 0
-60,-58,-64,-61,-71,-60,-47,-60, 0.5, 0
-60,-58,-64,-61,-71,-60,-47,-60, 0.5, 0
-60,-58,-64,-61,-71,-60,-47,-60, 0.5, 0
-60,-58,-64,-61,-71,-60,-47,-60, 0.5, 0
-60,-58,-64,-61,-71,-60,-47,-60, 0.5, 0
-60,-58,-64,-61,-71,-60,-47,-60, 0.5, 0
-60,-58,-64,-61,-71,-60,-47,-60, 0.5, 0
-60,-58,-64,-61,-71,-60,-51,-60, 0.5, 0
-60,-58,-64,-61,-71,-60,-51,-60, 0.5, 0
-60,-58,-64,-61,-71,-60,-51,-60, 0.5, 0
-60,-58,-64,-61,-71,-60,-51,-60, 0.5, 0
-60,-58,-64,-61,-71,-60,-51,-60, 0.5, 0
-60,-58,-64,-61,-71,-60,-51,-60, 0.5, 0
-60,-58,-64,-61,-71,-60,-51,-60, 0.5, 0
-60,-58,-64,-61,-71,-60,-51,-60, 0.5, 0
-60,-58,-64,-61,-71,-60,-51,-60, 0.5, 0
-60,-58,-64,-61,-71,-60,-51,-60, 0.5, 0
-60,-58,-64,-61,-71,-60,-51,-60, 0.5, 0
-60,-58,-64,-61,-71,-60,-51,-60, 0.5, 0
-60,-58,-64,-61,-71,-60,-51,-60, 0.5, 0
-60,-58,-64,-61,-71,-60,-51,-60, 0.5, 0
-60,-58,-64,-61,-71,-60,-51,-60, 0.5, 0
-60,-58,-64,-61,-71,-60,-51,-60, 0.5, 0
-60,-58,-64,-61,-71,-60,-51,-60, 0.5, 0
-60,-58,-64,-61,-71,-60,-51,-60, 0.5, 0
-60,-58,-64,-61,-71,-60,-51,-60, 0.5, 0
-60,-58,-64,-61,-71,-60,-51,-60, 0.5, 0
-60,-58,-64,-61,-71,-60,-51,-60, 0.5, 0
-60,-58,-64,-61,-71,-60,-51,-60, 0.5, 0
-60,-58,-64,-61,-71,-60,-51,-60, 0.5, 0
-60,-58,-64,-61,-71,-60,-51,-60, 0.5, 0
-60,-58,-64,-61,-71,-60,-51,-60, 0.5, 0
-60,-58,-64,-61,-71,-60,-51,-60, 0.5, 0
-62,-58,-64,-61,-71,-60,-51,-60, 0.5, 0
-62,-58,-64,-61,-71,-60,-51,-60, 0.5, 0
-62,-58,-64,-61,-71,-60,-51,-60, 0.5, 0
-62,-58,-64,-61,-71,-60,-51,-60, 0.5, 0
-62,-58,-64,-61,-71,-60,-51,-60, 0.5, 0
-62,-58,-64,-61,-71,-60,-51,-60, 0.5, 0
-62,-58,-64,-61,-71,-60,-51,-60, 0.5, 0
-62,-58,-64,-61,-71,-60,-51,-60, 0.5, 0
-62,-58,-64,-61,-71,-60,-51,-60, 0.5, 0
-62,-58,-64,-61,-71,-60,-51,-60, 0.5, 0
-62,-58,-64,-61,-71,-60,-51,-60, 0.5, 0
-62,-58,-64,-61,-71,-60,-51,-60, 0.5, 0
-62,-58,-64,-61,-71,-60,-51,-60, 0.5, 0
-62,-58,-64,-61,-71,-60,-51,-60, 0.5, 0
-62,-58,-64,-61,-71,-60,-51,-60, 0.5, 0
-62,-58,-64,-61,-71,-60,-51,-60, 0.5, 0
-62,-58,-64,-61,-71,-60,-51,-60, 0.5, 0
-62,-58,-64,-61,-71,-60,-51,-60, 0.5, 0
-62,-58,-64,-61,-71,-60,-51,-60, 0.5, 0
-62,-58,-64,-61,-71,-60,-51,-60, 0.5, 0
-62,-58,-64,-61,-71,-60,-51,-60, 0.5, 0
-62,-58,-64,-61,-71,-60,-51,-60, 0.5, 0
-62,-58,-64,-61,-71,-60,-51,-60, 0.5, 0
-62,-58,-64,-61,-71,-60,-51,-60, 0.5, 0
-62,-58,-64,-61,-71,-60,-51,-60, 0.5, 0
-62,-58,-64,-61,-71,-60,-51,-60, 0.5, 0
-62,-58,-64,-61,-71,-60,-51,-60, 0.5, 0
-62,-58,-64,-61,-71,-60,-51,-60, 0.5, 0
-62,-58,-64,-61,-71,-60,-51,-60, 0.5, 0
-62,-58,-64,-61,-71,-62,-51,-60, 0.5, 0
-62,-58,-64,-61,-71,-62,-51,-60, 0.5, 0
-62,-58,-64,-61,-71,-62,-51,-60, 0.5, 0
-62,-58,-64,-61,-71,-62,-51,-60, 0.5, 0
-62,-58,-64,-61,-71,-62,-51,-60, 0.5, 0
-62,-58,-64,-61,-71,-62,-51,-60, 0.5, 0
-62,-58,-64,-61,-71,-62,-51,-60, 0.5, 0
-62,-58,-64,-61,-71,-62,-51,-60, 0.5, 0
-62,-58,-64,-61,-71,-62,-51,-60, 0.5, 0
-62,-58,-64,-61,-71,-62,-51,-60, 0.5, 0
-62,-58,-64,-61,-71,-62,-51,-60, 0.5, 0
-62,-58,-64,-61,-71,-62,-51,-60, 0.5, 0
-62,-58,-64,-61,-71,-62,-51,-60, 0.5, 0
-62,-58,-64,-61,-71,-62,-51,-60, 0.5, 0
-62,-58,-64,-61,-71,-62,-51,-60, 0.5, 0
-62,-58,-64,-61,-71,-62,-51,-60, 0.5, 0
-62,-58,-64,-61,-71,-62,-51,-60, 0.5, 0
-62,-58,-64,-61,-71,-62,-51,-60, 0.5, 0
-62,-58,-64,-61,-71,-62,-51,-60, 0.5, 0
-62,-58,-64,-61,-71,-62,-51,-60, 0.5, 0
-62,-58,-64,-61,-71,-62,-51,-60, 0.5, 0
-62,-58,-64,-61,-71,-62,-51,-60, 0.5, 0
-62,-58,-64,-61,-71,-62,-51,-60, 0.5, 0
-62,-58,-64,-61,-71,-62,-51,-60, 0.5, 0
-62,-58,-64,-61,-71,-62,-51,-60, 0.5, 0
-62,-58,-64,-61,-71,-62,-51,-60, 0.5, 0
-62,-58,-64,-61,-71,-62,-51,-60, 0.5, 0
-62,-58,-64,-61,-71,-62,-51,-60, 0.5, 0
-62,-58,-64,-61,-71,-62,-51,-60, 0.5, 0
-62,-58,-64,-61,-71,-62,-51,-60, 0.5, 0
-62,-58,-64,-61,-71,-62,-51,-60, 0.5, 0
-62,-58,-64,-61,-71,-62,-51,-60, 0.5, 0
-62,-58,-64,-61,-71,-62,-51,-60, 0.5, 0
-62,-58,-64,-61,-71,-62,-51,-60, 0.5, 0
-62,-58,-64,-61,-71,-62,-51,-60, 0.5, 0
-62,-58,-64,-61,-71,-62,-51,-60, 0.5, 0
-62,-58,-64,-61,-71,-62,-51,-60, 0.5, 0
-62,-58,-64,-61,-71,-62,-51,-60, 0.5, 0
-62,-58,-64,-61,-71,-62,-51,-60, 0.5, 0
-62,-58,-64,-61,-71,-62,-51,-60, 0.5, 0
-62,-58,-64,-61,-71,-62,-51,-60, 0.5, 0
-62,-58,-64,-61,-71,-62,-51,-60, 0.5, 0
-62,-58,-64,-61,-71,-62,-51,-60, 0.5, 0
-62,-58,-64,-61,-71,-62,-51,-60, 0.5, 0
-62,-58,-64,-61,-71,-62,-51,-60, 0.5, 0
-62,-58,-64,-61,-71,-62,-51,-60, 0.5, 0
-62,-58,-64,-61,-71,-62,-51,-60, 0.5, 0
-62,-58,-64,-61,-71,-62,-51,-60, 0.5, 0
-62,-58,-64,-61,-71,-62,-51,-60, 0.5, 0
-62,-58,-64,-61,-71,-62,-51,-60, 0.5, 0
-62,-58,-64,-61,-71,-62,-51,-60, 0.5, 0
-62,-58,-64,-61,-71,-62,-51,-60, 0.5, 0
-62,-58,-64,-61,-71,-62,-51,-60, 0.5, 0
-62,-58,-64,-61,-71,-62,-51,-60, 0.5, 0
-62,-58,-64,-61,-71,-62,-51,-60, 0.5, 0
-62,-58,-64,-61,-71,-62,-51,-60, 0.5, 0
-62,-58,-64,-61,-71,-62,-51,-60, 0.5, 0
-62,-58,-64,-61,-71,-62,-51,-60, 0.5, 0
-62,-58,-64,-61,-71,-62,-51,-60, 0.5, 0
-62,-58,-64,-61,-71,-62,-51,-60, 0.5, 0
-62,-58,-64,-61,-71,-62,-51,-60, 0.5, 0
-62,-58,-64,-61,-71,-62,-51,-60, 0.5, 0
-62,-58,-64,-61,-71,-62,-51,-60, 0.5, 0
-62,-58,-64,-61,-63,-62,-51,-60, 0.5, 0
-62,-58,-64,-61,-63,-62,-51,-60, 0.5, 0
-62,-58,-64,-61,-63,-62,-51,-60, 0.5, 0
-62,-58,-64,-61,-63,-62,-51,-60, 0.5, 0
-62,-58,-64,-61,-63,-62,-51,-60, 0.5, 0
-62,-58,-64,-61,-63,-62,-51,-60, 0.5, 0
-62,-58,-64,-61,-63,-62,-51,-60, 0.5, 0
-62,-58,-64,-61,-63,-62,-51,-60, 0.5, 0
-62,-58,-64,-61,-63,-62,-51,-60, 0.5, 0
-62,-58,-64,-61,-63,-62,-51,-60, 0.5, 0
-62,-58,-64,-61,-63,-62,-51,-60, 0.5, 0
-62,-58,-64,-61,-63,-62,-51,-60, 0.5, 0
-62,-58,-64,-61,-63,-62,-51,-60, 0.5, 0
-62,-58,-64,-61,-63,-62,-51,-60, 0.5, 0
-62,-58,-64,-61,-63,-62,-51,-60, 0.5, 0
-62,-58,-64,-61,-63,-62,-51,-60, 0.5, 0
-62,-58,-64,-61,-63,-62,-51,-60, 0.5, 0
-62,-58,-64,-61,-63,-62,-51,-60, 0.5, 0
-62,-58,-64,-61,-63,-62,-51,-60, 0.5, 0
-62,-58,-64,-61,-63,-62,-51,-60, 0.5, 0
-62,-58,-64,-61,-63,-62,-51,-60, 0.5, 0
-62,-58,-64,-61,-63,-62,-51,-60, 0.5, 0
-62,-58,-64,-61,-63,-62,-51,-60, 0.5, 0
-62,-58,-64,-61,-63,-62,-51,-60, 0.5, 0
-62,-58,-64,-61,-63,-62,-51,-60, 0.5, 0
-62,-58,-64,-61,-63,-62,-51,-60, 0.5, 0
-62,-58,-64,-61,-63,-62,-51,-60, 0.5, 0
-62,-58,-64,-61,-63,-62,-51,-60, 0.5, 0
-62,-58,-64,-61,-63,-62,-51,-60, 0.5, 0
-62,-58,-64,-61,-63,-62,-51,-60, 0.5, 0
-62,-58,-64,-61,-63,-62,-51,-60, 0.5, 0
-62,-58,-64,-61,-63,-62,-51,-60, 0.5, 0
-62,-58,-64,-61,-63,-62,-51,-60, 0.5, 0
-62,-58,-64,-61,-63,-62,-51,-60, 0.5, 0
-62,-58,-64,-61,-63,-62,-48,-60, 0.5, 0
-62,-58,-64,-61,-63,-62,-48,-60, 0.5, 0
-62,-58,-64,-61,-63,-62,-48,-60, 0.5, 0
-62,-58,-64,-61,-63,-62,-48,-60, 0.5, 0
-62,-58,-64,-61,-63,-62,-48,-60, 0.5, 0
-62,-58,-64,-61,-63,-62,-48,-60, 0.5, 0
-62,-58,-64,-61,-63,-62,-48,-60, 0.5, 0
-62,-58,-64,-61,-63,-62,-48,-60, 0.5, 0
-62,-58,-64,-61,-63,-62,-48,-60, 0.5, 0
-62,-58,-64,-61,-63,-62,-48,-60, 0.5, 0
-62,-58,-64,-61,-63,-62,-48,-60, 0.5, 0
-62,-58,-64,-61,-63,-62,-48,-60, 0.5, 0
-62,-58,-64,-61,-63,-62,-48,-60, 0.5, 0
-62,-58,-64,-61,-63,-62,-48,-60, 0.5, 0
-62,-58,-64,-61,-63,-62,-48,-60, 0.5, 0
-62,-58,-64,-61,-63,-62,-48,-60, 0.5, 0
-62,-58,-64,-61,-63,-62,-48,-60, 0.5, 0
-62,-58,-64,-61,-63,-62,-48,-60, 0.5, 0
-62,-58,-64,-61,-63,-62,-48,-60, 0.5, 0
-62,-58,-64,-61,-63,-62,-48,-60, 0.5, 0
-62,-58,-64,-61,-63,-62,-48,-60, 0.5, 0
-62,-58,-64,-61,-63,-62,-48,-60, 0.5, 0
-62,-58,-64,-61,-63,-62,-48,-60, 0.5, 0
-62,-58,-64,-61,-63,-62,-48,-60, 0.5, 0
-62,-58,-64,-61,-63,-62,-48,-60, 0.5, 0
-62,-58,-64,-61,-63,-62,-48,-60, 0.5, 0
-62,-58,-64,-61,-63,-62,-48,-60, 0.5, 0
-62,-58,-64,-61,-63,-62,-48,-60, 0.5, 0
-62,-58,-72,-61,-63,-62,-48,-60, 0.5, 0
-62,-58,-72,-61,-63,-62,-48,-60, 0.5, 0
-62,-58,-72,-61,-63,-62,-48,-60, 0.5, 0
-62,-58,-72,-61,-63,-62,-48,-60, 0.5, 0
-62,-58,-72,-61,-63,-62,-48,-60, 0.5, 0
-62,-58,-72,-61,-63,-62,-48,-60, 0.5, 0
-62,-58,-72,-61,-63,-62,-48,-60, 0.5, 0
-62,-58,-72,-61,-63,-62,-48,-60, 0.5, 0
-62,-58,-72,-61,-63,-62,-48,-60, 0.5, 0
-62,-58,-72,-61,-63,-62,-48,-60, 0.5, 0
-62,-58,-72,-61,-63,-62,-48,-60, 0.5, 0
-62,-58,-72,-61,-63,-62,-48,-60, 0.5, 0
-62,-58,-72,-61,-63,-62,-48,-60, 0.5, 0
-62,-58,-72,-61,-63,-62,-48,-60, 0.5, 0
-62,-58,-72,-61,-63,-62,-48,-60, 0.5, 0
-62,-58,-72,-61,-63,-62,-48,-60, 0.5, 0
-62,-58,-72,-61,-63,-62,-48,-60, 0.5, 0
-62,-58,-72,-61,-63,-62,-48,-60, 0.5, 0
-62,-58,-72,-61,-63,-62,-48,-60, 0.5, 0
-62,-58,-72,-61,-63,-62,-48,-60, 0.5, 0
-62,-58,-72,-61,-63,-62,-48,-60, 0.5, 0
-62,-58,-72,-61,-63,-62,-48,-54, 0.5, 0
-62,-58,-72,-61,-63,-62,-48,-54, 0.5, 0
-62,-58,-72,-61,-63,-62,-48,-54, 0.5, 0
-62,-58,-72,-61,-63,-62,-48,-54, 0.5, 0
-62,-58,-72,-61,-63,-62,-48,-54, 0.5, 0
-62,-58,-72,-61,-63,-62,-48,-54, 0.5, 0
-62,-58,-72,-61,-63,-62,-48,-54, 0.5, 0
-62,-58,-72,-61,-63,-62,-48,-54, 0.5, 0
-62,-58,-72,-61,-63,-62,-48,-54, 0.5, 0
-62,-58,-72,-61,-63,-62,-48,-54, 0.5, 0
-62,-58,-72,-61,-63,-62,-48,-54, 0.5, 0
-62,-58,-72,-61,-63,-62,-48,-54, 0.5, 0
-62,-58,-72,-61,-63,-62,-48,-54, 0.5, 0
-62,-58,-72,-61,-63,-62,-48,-54, 0.5, 0
-62,-58,-72,-61,-63,-62,-48,-54, 0.5, 0
-62,-58,-72,-61,-63,-62,-48,-54, 0.5, 0
-62,-58,-72,-61,-63,-62,-48,-54, 0.5, 0
-62,-58,-72,-61,-63,-62,-48,-54, 0.5, 0
-62,-58,-72,-61,-63,-62,-48,-54, 0.5, 0
-62,-58,-72,-61,-63,-62,-48,-54, 0.5, 0
-62,-58,-72,-61,-63,-62,-48,-54, 0.5, 0
-62,-58,-72,-61,-63,-62,-48,-54, 0.5, 0
-62,-58,-72,-61,-63,-62,-48,-54, 0.5, 0
-62,-58,-72,-61,-63,-62,-48,-54, 0.5, 0
-62,-58,-72,-61,-63,-62,-48,-54, 0.5, 0
-62,-58,-72,-61,-63,-62,-48,-54, 0.5, 0
-62,-58,-72,-61,-63,-62,-48,-54, 0.5, 0
-62,-58,-72,-61,-63,-62,-48,-54, 0.5, 0
-62,-58,-72,-66,-63,-62,-48,-54, 0.5, 0
-62,-58,-72,-66,-63,-62,-48,-54, 0.5, 0
-62,-58,-72,-66,-63,-62,-48,-54, 0.5, 0
-62,-58,-72,-66,-63,-62,-48,-54, 0.5, 0
-62,-58,-72,-66,-63,-62,-48,-54, 0.5, 0
-62,-58,-72,-66,-63,-62,-48,-54, 0.5, 0
-62,-58,-72,-66,-63,-62,-48,-54, 0.5, 0
-62,-58,-72,-66,-63,-62,-48,-54, 0.5, 0
-62,-58,-72,-66,-63,-62,-48,-54, 0.5, 0
-62,-58,-72,-66,-63,-62,-48,-54, 0.5, 0
-62,-58,-72,-66,-63,-62,-48,-54, 0.5, 0
-62,-58,-72,-66,-63,-62,-48,-54, 0.5, 0
-62,-58,-72,-66,-63,-62,-48,-54, 0.5, 0
-62,-58,-72,-66,-63,-62,-48,-54, 0.5, 0
-62,-58,-72,-66,-63,-62,-48,-54, 0.5, 0
-62,-58,-72,-66,-63,-62,-48,-54, 0.5, 0
-62,-58,-72,-66,-63,-62,-48,-54, 0.5, 0
-62,-58,-72,-66,-63,-62,-48,-54, 0.5, 0
-62,-58,-72,-66,-63,-62,-48,-54, 0.5, 0
-62,-58,-72,-66,-63,-62,-48,-54, 0.5, 0
-62,-58,-72,-66,-63,-62,-48,-54, 0.5, 0
-62,-58,-72,-66,-63,-62,-48,-54, 0.5, 0
-62,-58,-72,-66,-63,-62,-48,-54, 0.5, 0
-62,-58,-72,-66,-63,-62,-48,-54, 0.5, 0
-62,-58,-72,-66,-63,-62,-48,-54, 0.5, 0
-62,-58,-72,-66,-63,-62,-48,-54, 0.5, 0
-62,-58,-72,-66,-63,-62,-48,-54, 0.5, 0
-62,-58,-72,-66,-63,-62,-48,-54, 0.5, 0
-62,-58,-72,-66,-63,-62,-48,-54, 0.5, 0
-62,-58,-72,-66,-63,-62,-48,-54, 0.5, 0
-62,-58,-72,-66,-63,-62,-48,-54, 0.5, 0
-62,-58,-72,-66,-63,-62,-48,-54, 0.5, 0
-62,-58,-72,-66,-63,-62,-48,-54, 0.5, 0
-62,-58,-72,-66,-63,-62,-48,-54, 0.5, 0
-62,-58,-72,-66,-63,-62,-48,-54, 0.5, 0
-62,-58,-72,-66,-63,-62,-48,-54, 0.5, 0
-62,-58,-72,-66,-63,-62,-48,-54, 0.5, 0
-62,-58,-72,-66,-63,-62,-48,-54, 0.5, 0
-62,-58,-72,-66,-63,-62,-48,-54, 0.5, 0
-62,-58,-72,-66,-63,-62,-48,-54, 0.5, 0
-62,-58,-72,-66,-63,-62,-48,-54, 0.5, 0
-62,-58,-72,-66,-63,-62,-48,-54, 0.5, 0
-62,-58,-72,-66,-63,-62,-48,-54, 0.5, 0
-62,-58,-72,-66,-63,-62,-48,-54, 0.5, 0
-62,-58,-72,-66,-63,-62,-48,-54, 0.5, 0
-62,-58,-72,-66,-63,-62,-48,-54, 0.5, 0
-62,-58,-72,-66,-63,-62,-48,-54, 0.5, 0
-62,-58,-72,-66,-63,-62,-48,-54, 0.5, 0
-62,-58,-72,-66,-63,-62,-48,-54, 0.5, 0
-62,-58,-72,-66,-63,-62,-48,-54, 0.5, 0
-62,-58,-72,-66,-63,-62,-48,-54, 0.5, 0
-62,-58,-72,-66,-63,-62,-48,-54, 0.5, 0
-62,-58,-72,-66,-63,-62,-48,-54, 0.5, 0
-60,-58,-72,-66,-63,-62,-48,-54, 0.5, 0
-60,-58,-72,-66,-63,-62,-48,-54, 0.5, 0
-60,-58,-72,-66,-63,-62,-48,-54, 0.5, 0
-60,-58,-72,-66,-63,-62,-48,-54, 0.5, 0
-60,-58,-72,-66,-63,-62,-48,-54, 0.5, 0
-60,-58,-72,-66,-63,-62,-48,-54, 0.5, 0
-60,-58,-72,-66,-63,-62,-48,-54, 0.5, 0
-60,-58,-72,-66,-63,-62,-48,-54, 0.5, 0
-60,-58,-72,-66,-63,-62,-48,-54, 0.5, 0
-60,-58,-72,-66,-63,-62,-48,-54, 0.5, 0
-60,-58,-72,-66,-63,-62,-48,-54, 0.5, 0
-60,-58,-72,-66,-63,-62,-48,-54, 0.5, 0
-60,-58,-72,-66,-63,-62,-48,-54, 0.5, 0
-60,-58,-72,-66,-63,-62,-48,-54, 0.5, 0
-60,-58,-72,-66,-63,-62,-48,-54, 0.5, 0
-60,-58,-72,-66,-63,-62,-48,-54, 0.5, 0
-60,-58,-72,-66,-63,-62,-48,-54, 0.5, 0
-60,-58,-72,-66,-63,-62,-48,-54, 0.5, 0
-60,-58,-72,-66,-63,-62,-48,-54, 0.5, 0
-60,-58,-72,-66,-63,-62,-48,-54, 0.5, 0
-60,-58,-72,-66,-63,-62,-48,-54, 0.5, 0
-60,-58,-72,-66,-63,-62,-48,-54, 0.5, 0
-60,-58,-72,-66,-63,-62,-48,-54, 0.5, 0
-60,-58,-72,-66,-63,-62,-48,-54, 0.5, 0
-60,-58,-72,-66,-63,-62,-48,-54, 0.5, 0
-60,-58,-72,-66,-63,-62,-48,-54, 0.5, 0
-60,-58,-72,-66,-63,-62,-48,-54, 0.5, 0
-60,-58,-72,-66,-63,-62,-48,-54, 0.5, 0
-60,-58,-72,-66,-63,-62,-48,-54, 0.5, 0
-60,-58,-72,-66,-63,-62,-48,-54, 0.5, 0
-60,-58,-72,-66,-63,-62,-48,-54, 0.5, 0
-60,-58,-72,-66,-63,-62,-48,-54, 0.5, 0
-60,-58,-72,-66,-63,-62,-48,-54, 0.5, 0
-60,-58,-72,-66,-63,-62,-48,-54, 0.5, 0
-60,-58,-72,-66,-63,-62,-48,-54, 0.5, 0
-60,-58,-72,-66,-63,-62,-48,-54, 0.5, 0
-60,-58,-72,-66,-63,-62,-48,-54, 0.5, 0
-60,-58,-72,-66,-63,-62,-48,-54, 0.5, 0
-60,-58,-72,-66,-63,-62,-48,-54, 0.5, 0
-60,-58,-72,-66,-63,-62,-48,-54, 0.5, 0
-60,-58,-72,-66,-63,-62,-48,-54, 0.5, 0
-60,-58,-72,-66,-63,-62,-48,-54, 0.5, 0
-60,-58,-72,-66,-63,-62,-48,-54, 0.5, 0
-60,-58,-72,-66,-63,-62,-48,-54, 0.5, 0
-60,-58,-72,-66,-63,-62,-48,-54, 0.5, 0
-60,-58,-72,-66,-63,-62,-48,-54, 0.5, 0
-60,-58,-72,-66,-63,-62,-48,-54, 0.5, 0
-60,-58,-72,-66,-63,-62,-48,-54, 0.5, 0
-60,-58,-72,-66,-63,-62,-48,-54, 0.5, 0
-60,-58,-72,-66,-63,-62,-48,-54, 0.5, 0
-60,-58,-72,-66,-63,-62,-48,-54, 0.5, 0
-60,-58,-72,-66,-63,-62,-48,-54, 0.5, 0
-60,-58,-72,-66,-63,-62,-48,-54, 0.5, 0
-60,-58,-72,-66,-63,-62,-48,-54, 0.5, 0
-60,-58,-72,-66,-63,-62,-49,-54, 0.5, 0
-60,-58,-72,-66,-63,-62,-49,-54, 0.5, 0
-60,-58,-72,-66,-63,-62,-49,-54, 0.5, 0
-60,-58,-72,-66,-63,-62,-49,-54, 0.5, 0
-60,-58,-72,-66,-63,-62,-49,-54, 0.5, 0
-60,-58,-72,-66,-63,-62,-49,-54, 0.5, 0
-60,-58,-72,-66,-63,-62,-49,-54, 0.5, 0
-60,-58,-72,-66,-63,-62,-49,-54, 0.5, 0
-60,-58,-72,-66,-63,-62,-49,-54, 0.5, 0
-60,-58,-72,-66,-63,-62,-49,-54, 0.5, 0
-60,-58,-72,-66,-63,-62,-49,-54, 0.5, 0
-60,-58,-72,-66,-63,-62,-49,-54, 0.5, 0
-60,-58,-72,-66,-63,-62,-49,-54, 0.5, 0
-60,-58,-72,-66,-63,-62,-49,-54, 0.5, 0
-60,-58,-72,-66,-63,-62,-49,-54, 0.5, 0
-60,-58,-72,-66,-63,-62,-49,-54, 0.5, 0
-60,-58,-72,-66,-63,-62,-49,-54, 0.5, 0
-60,-58,-72,-66,-63,-62,-49,-54, 0.5, 0
-60,-58,-72,-66,-63,-62,-49,-54, 0.5, 0
-60,-58,-72,-66,-63,-62,-49,-54, 0.5, 0
-60,-58,-72,-66,-63,-62,-49,-54, 0.5, 0
-60,-58,-72,-66,-63,-62,-49,-54, 0.5, 0
-60,-58,-72,-66,-63,-62,-49,-54, 0.5, 0
-60,-58,-72,-66,-63,-62,-49,-54, 0.5, 0
-60,-58,-72,-66,-63,-62,-49,-54, 0.5, 0
-60,-58,-72,-66,-63,-62,-49,-54, 0.5, 0
-60,-58,-72,-66,-63,-62,-49,-54, 0.5, 0
-60,-58,-72,-66,-63,-62,-49,-54, 0.5, 0
-60,-58,-72,-66,-63,-62,-49,-54, 0.5, 0
-60,-58,-72,-66,-63,-62,-49,-54, 0.5, 0
-60,-58,-72,-66,-63,-62,-49,-54, 0.5, 0
-60,-58,-72,-66,-63,-62,-49,-54, 0.5, 0
-60,-58,-72,-66,-63,-62,-49,-54, 0.5, 0
-60,-58,-72,-66,-63,-62,-49,-54, 0.5, 0
-60,-58,-72,-66,-63,-62,-49,-54, 0.5, 0
-60,-58,-72,-66,-63,-62,-49,-54, 0.5, 0
-60,-58,-72,-66,-63,-62,-49,-54, 0.5, 0
-60,-58,-72,-66,-63,-62,-49,-54, 0.5, 0
-60,-58,-72,-66,-63,-62,-49,-54, 0.5, 0
-60,-58,-72,-66,-63,-62,-49,-54, 0.5, 0
-60,-58,-72,-66,-63,-62,-49,-54, 0.5, 0
-60,-58,-72,-66,-63,-62,-49,-54, 0.5, 0
-60,-58,-72,-66,-63,-62,-49,-54, 0.5, 0
-60,-58,-72,-66,-63,-62,-49,-54, 0.5, 0
-60,-58,-72,-66,-63,-62,-49,-54, 0.5, 0
-60,-58,-72,-66,-63,-62,-49,-54, 0.5, 0
-60,-58,-72,-66,-63,-62,-49,-54, 0.5, 0
-60,-58,-72,-66,-63,-63,-49,-54, 0.5, 0
-60,-58,-72,-66,-63,-63,-49,-54, 0.5, 0
-60,-58,-72,-66,-63,-63,-49,-54, 0.5, 0
-60,-58,-72,-66,-63,-63,-49,-54, 0.5, 0
-60,-58,-72,-66,-63,-63,-49,-54, 0.5, 0
-60,-58,-72,-66,-63,-63,-49,-54, 0.5, 0
-60,-58,-72,-66,-63,-63,-49,-54, 0.5, 0
-60,-58,-72,-66,-63,-63,-49,-54, 0.5, 0
-60,-58,-72,-66,-63,-63,-49,-54, 0.5, 0
-60,-58,-72,-66,-63,-63,-49,-54, 0.5, 0
-60,-58,-72,-66,-63,-63,-49,-54, 0.5, 0
-60,-58,-72,-66,-63,-63,-49,-54, 0.5, 0
-60,-58,-72,-66,-63,-63,-49,-54, 0.5, 0
-60,-58,-72,-66,-63,-63,-49,-54, 0.5, 0
-60,-58,-72,-66,-63,-63,-49,-54, 0.5, 0
-60,-58,-72,-66,-63,-63,-49,-54, 0.5, 0
-60,-58,-72,-66,-63,-63,-49,-54, 0.5, 0
-60,-58,-72,-66,-63,-63,-49,-54, 0.5, 0
-60,-58,-72,-66,-63,-63,-49,-54, 0.5, 0
-60,-58,-72,-66,-63,-63,-49,-54, 0.5, 0
-60,-58,-72,-66,-63,-63,-49,-54, 0.5, 0
-60,-58,-72,-66,-63,-63,-49,-54, 0.5, 0
-60,-58,-72,-66,-63,-63,-49,-54, 0.5, 0
-60,-58,-72,-66,-65,-63,-49,-54, 0.5, 0
-60,-58,-72,-66,-65,-63,-49,-54, 0.5, 0
-60,-58,-72,-66,-65,-63,-49,-54, 0.5, 0
-60,-58,-72,-66,-65,-63,-49,-54, 0.5, 0
-60,-58,-72,-66,-65,-63,-49,-54, 0.5, 0
-60,-58,-72,-66,-65,-63,-49,-54, 0.5, 0
-60,-58,-72,-66,-65,-63,-49,-54, 0.5, 0
-60,-58,-72,-66,-65,-63,-49,-54, 0.5, 0
-60,-58,-72,-66,-65,-63,-49,-54, 0.5, 0
-60,-58,-72,-66,-65,-63,-49,-54, 0.5, 0
-60,-58,-72,-66,-65,-63,-49,-54, 0.5, 0
-60,-58,-72,-66,-65,-63,-49,-54, 0.5, 0
-60,-58,-72,-66,-65,-63,-49,-54, 0.5, 0
-60,-58,-72,-66,-65,-63,-49,-54, 0.5, 0
-60,-58,-72,-66,-65,-63,-49,-54, 0.5, 0
-60,-58,-72,-66,-65,-63,-49,-54, 0.5, 0
-60,-58,-72,-66,-65,-63,-49,-54, 0.5, 0
-60,-58,-72,-66,-65,-63,-49,-54, 0.5, 0
-60,-58,-72,-66,-65,-63,-49,-54, 0.5, 0
-60,-58,-72,-66,-65,-63,-49,-54, 0.5, 0
-60,-58,-72,-66,-65,-63,-49,-54, 0.5, 0
-60,-58,-72,-66,-65,-63,-49,-54, 0.5, 0
-60,-58,-72,-66,-65,-63,-49,-54, 0.5, 0
-60,-58,-72,-66,-65,-63,-49,-54, 0.5, 0
-60,-58,-72,-66,-65,-63,-49,-54, 0.5, 0
-60,-58,-72,-66,-65,-63,-49,-54, 0.5, 0
-60,-58,-72,-66,-65,-63,-49,-54, 0.5, 0
-60,-58,-72,-66,-65,-63,-49,-54, 0.5, 0
-60,-58,-72,-66,-65,-63,-49,-54, 0.5, 0
-60,-58,-72,-66,-65,-63,-49,-54, 0.5, 0
-60,-58,-72,-66,-65,-63,-49,-54, 0.5, 0
-60,-58,-72,-66,-65,-63,-49,-54, 0.5, 0
-60,-58,-72,-66,-65,-63,-49,-54, 0.5, 0
-60,-58,-72,-66,-65,-63,-49,-54, 0.5, 0
-60,-58,-72,-66,-65,-63,-49,-54, 0.5, 0
-60,-58,-72,-66,-65,-63,-49,-54, 0.5, 0
-60,-58,-72,-66,-65,-63,-49,-54, 0.5, 0
-60,-58,-72,-66,-65,-63,-49,-54, 0.5, 0
-60,-58,-72,-66,-65,-63,-49,-54, 0.5, 0
-60,-58,-72,-66,-65,-63,-49,-54, 0.5, 0
-60,-58,-72,-66,-65,-63,-49,-54, 0.5, 0
-60,-58,-72,-66,-65,-63,-49,-54, 0.5, 0
-60,-58,-72,-66,-65,-63,-49,-54, 0.5, 0
-60,-58,-72,-66,-65,-63,-49,-54, 0.5, 0
-60,-58,-72,-66,-65,-63,-49,-54, 0.5, 0
-60,-58,-72,-66,-65,-63,-49,-54, 0.5, 0
-60,-58,-72,-66,-65,-63,-49,-54, 0.5, 0
-60,-58,-72,-66,-65,-63,-49,-54, 0.5, 0
-60,-58,-72,-66,-65,-63,-49,-54, 0.5, 0
-60,-58,-72,-66,-65,-63,-49,-54, 0.5, 0
-60,-58,-72,-66,-65,-63,-49,-54, 0.5, 0
-60,-58,-72,-66,-65,-63,-49,-54, 0.5, 0
-60,-58,-72,-66,-65,-63,-49,-54, 0.5, 0
-60,-58,-72,-66,-65,-63,-49,-54, 0.5, 0
-60,-58,-72,-66,-65,-63,-49,-54, 0.5, 0
-60,-58,-72,-66,-65,-63,-49,-54, 0.5, 0
-60,-58,-72,-66,-65,-63,-49,-54, 0.5, 0
-60,-58,-72,-66,-65,-63,-49,-54, 0.5, 0
-60,-58,-72,-66,-65,-63,-49,-54, 0.5, 0
-60,-58,-72,-66,-65,-63,-49,-54, 0.5, 0
-60,-58,-72,-66,-65,-63,-49,-54, 0.5, 0
-60,-58,-72,-66,-65,-63,-49,-54, 0.5, 0
-60,-58,-67,-66,-65,-63,-49,-54, 0.5, 0
-60,-58,-67,-66,-65,-63,-49,-54, 0.5, 0
-60,-58,-67,-66,-65,-63,-49,-54, 0.5, 0
-60,-58,-67,-66,-65,-63,-49,-54, 0.5, 0
-60,-58,-67,-66,-65,-63,-49,-54, 0.5, 0
-60,-58,-67,-66,-65,-63,-49,-54, 0.5, 0
-60,-58,-67,-66,-65,-63,-49,-54, 0.5, 0
-60,-58,-67,-66,-65,-63,-49,-54, 0.5, 0
-60,-58,-67,-66,-65,-63,-49,-54, 0.5, 0
-60,-58,-67,-66,-65,-63,-49,-54, 0.5, 0
-60,-58,-67,-66,-65,-63,-49,-54, 0.5, 0
-60,-58,-67,-66,-65,-63,-49,-54, 0.5, 0
-60,-58,-67,-66,-65,-63,-49,-54, 0.5, 0
-60,-58,-67,-66,-65,-63,-49,-60, 0.5, 0
-60,-58,-67,-66,-65,-63,-49,-60, 0.5, 0
-60,-58,-67,-66,-65,-63,-49,-60, 0.5, 0
-60,-58,-67,-66,-65,-63,-49,-60, 0.5, 0
-60,-58,-67,-66,-65,-63,-49,-60, 0.5, 0
-60,-58,-67,-66,-65,-63,-49,-60, 0.5, 0
-60,-58,-67,-66,-65,-63,-49,-60, 0.5, 0
-60,-58,-67,-66,-65,-63,-49,-60, 0.5, 0
-60,-58,-67,-66,-65,-63,-49,-60, 0.5, 0
-60,-58,-67,-66,-65,-63,-49,-60, 0.5, 0
-60,-58,-67,-66,-65,-63,-49,-60, 0.5, 0
-60,-58,-67,-66,-65,-63,-49,-60, 0.5, 0
-60,-58,-67,-66,-65,-63,-49,-60, 0.5, 0
-60,-58,-67,-66,-65,-63,-49,-60, 0.5, 0
-60,-58,-67,-66,-65,-63,-49,-60, 0.5, 0
-60,-58,-67,-66,-65,-63,-49,-60, 0.5, 0
-60,-58,-67,-66,-65,-63,-49,-60, 0.5, 0
-60,-58,-67,-66,-65,-63,-49,-60, 0.5, 0
-60,-58,-67,-66,-65,-63,-49,-60, 0.5, 0
-60,-58,-67,-66,-65,-63,-49,-60, 0.5, 0
-60,-58,-67,-68,-65,-63,-49,-60, 0.5, 0
-60,-58,-67,-68,-65,-63,-49,-60, 0.5, 0
-60,-58,-67,-68,-65,-63,-49,-60, 0.5, 0
-60,-58,-67,-68,-65,-63,-49,-60, 0.5, 0
-60,-58,-67,-68,-65,-63,-49,-60, 0.5, 0
-60,-58,-67,-68,-65,-63,-49,-60, 0.5, 0
-60,-58,-67,-68,-65,-63,-49,-60, 0.5, 0
-60,-58,-67,-68,-65,-63,-49,-60, 0.5, 0
-60,-58,-67,-68,-65,-63,-49,-60, 0.5, 0
-60,-58,-67,-68,-65,-63,-49,-60, 0.5, 0
-60,-58,-67,-68,-65,-63,-49,-60, 0.5, 0
-60,-58,-67,-68,-65,-63,-49,-60, 0.5, 0
-60,-58,-67,-68,-65,-63,-49,-60, 0.5, 0
-60,-58,-67,-68,-65,-63,-49,-60, 0.5, 0
-60,-58,-67,-68,-65,-63,-49,-60, 0.5, 0
-60,-58,-67,-68,-65,-63,-49,-60, 0.5, 0
-60,-58,-67,-68,-65,-63,-49,-60, 0.5, 0
-60,-58,-67,-68,-65,-63,-49,-60, 0.5, 0
-60,-58,-67,-68,-65,-63,-49,-60, 0.5, 0
-60,-58,-67,-68,-65,-63,-49,-60, 0.5, 0
-60,-58,-67,-68,-65,-63,-49,-60, 0.5, 0
-60,-58,-67,-68,-65,-63,-49,-60, 0.5, 0
-60,-58,-67,-68,-65,-63,-49,-60, 0.5, 0
-60,-58,-67,-68,-65,-63,-49,-60, 0.5, 0
-60,-58,-67,-68,-65,-63,-49,-60, 0.5, 0
-60,-58,-67,-68,-65,-63,-49,-60, 0.5, 0
-60,-58,-67,-68,-65,-63,-49,-60, 0.5, 0
-60,-58,-67,-68,-65,-63,-49,-60, 0.5, 0
-60,-58,-67,-68,-65,-63,-49,-60, 0.5, 0
-60,-58,-67,-68,-65,-63,-49,-60, 0.5, 0
-60,-58,-67,-68,-65,-63,-49,-60, 0.5, 0
-60,-58,-67,-68,-65,-63,-49,-60, 0.5, 0
-60,-58,-67,-68,-65,-63,-49,-60, 0.5, 0
-60,-58,-67,-68,-65,-63,-49,-60, 0.5, 0
-60,-58,-67,-68,-65,-63,-49,-60, 0.5, 0
-60,-58,-67,-68,-65,-63,-49,-60, 0.5, 0
-60,-58,-67,-68,-65,-63,-49,-60, 0.5, 0
-60,-58,-67,-68,-65,-63,-49,-60, 0.5, 0
-60,-68,-67,-68,-65,-63,-49,-60, 0.5, 0
-60,-68,-67,-68,-65,-63,-49,-60, 0.5, 0
-60,-68,-67,-68,-65,-63,-49,-60, 0.5, 0
-60,-68,-67,-68,-65,-63,-49,-60, 0.5, 0
-60,-68,-67,-68,-65,-63,-49,-60, 0.5, 0
-60,-68,-67,-68,-65,-63,-49,-60, 0.5, 0
-60,-68,-67,-68,-65,-63,-49,-60, 0.5, 0
-60,-68,-67,-68,-65,-63,-49,-60, 0.5, 0
-60,-68,-67,-68,-65,-63,-49,-60, 0.5, 0
-60,-68,-67,-68,-65,-63,-49,-60, 0.5, 0
-60,-68,-67,-68,-65,-63,-49,-60, 0.5, 0
-60,-68,-67,-68,-65,-63,-49,-60, 0.5, 0
-60,-68,-67,-68,-65,-63,-49,-60, 0.5, 0
-60,-68,-67,-68,-65,-63,-49,-60, 0.5, 0
-60,-68,-67,-68,-65,-63,-49,-60, 0.5, 0
-60,-68,-67,-68,-65,-63,-49,-60, 0.5, 0
-60,-68,-67,-68,-65,-63,-49,-60, 0.5, 0
-60,-68,-67,-68,-65,-63,-49,-60, 0.5, 0
-60,-68,-67,-68,-65,-63,-49,-60, 0.5, 0
-60,-68,-67,-68,-65,-63,-49,-60, 0.5, 0
-60,-68,-67,-68,-65,-60,-49,-60, 0.5, 0
-60,-68,-67,-68,-65,-60,-49,-60, 0.5, 0
-60,-68,-67,-68,-65,-60,-49,-60, 0.5, 0
-60,-68,-67,-68,-65,-60,-49,-60, 0.5, 0
-60,-68,-67,-68,-65,-60,-49,-60, 0.5, 0
-60,-68,-67,-68,-65,-60,-49,-60, 0.5, 0
-60,-68,-67,-68,-65,-60,-49,-60, 0.5, 0
-60,-68,-67,-68,-65,-60,-49,-60, 0.5, 0
-60,-68,-67,-68,-65,-60,-49,-60, 0.5, 0
-60,-68,-67,-68,-65,-60,-49,-60, 0.5, 0
-60,-68,-67,-68,-65,-60,-49,-60, 0.5, 0
-60,-68,-67,-68,-65,-60,-49,-60, 0.5, 0
-60,-68,-67,-68,-65,-60,-49,-60, 0.5, 0
-60,-68,-67,-68,-65,-60,-49,-60, 0.5, 0
-60,-68,-67,-68,-65,-60,-49,-60, 0.5, 0
-60,-68,-67,-68,-65,-60,-49,-60, 0.5, 0
-60,-68,-67,-68,-65,-60,-49,-60, 0.5, 0
-60,-68,-67,-68,-65,-60,-49,-60, 0.5, 0
-60,-68,-67,-68,-65,-60,-49,-60, 0.5, 0
-60,-68,-67,-68,-65,-60,-49,-60, 0.5, 0
-60,-68,-67,-68,-65,-60,-49,-60, 0.5, 0
-60,-68,-67,-68,-65,-60,-49,-60, 0.5, 0
-60,-68,-67,-68,-65,-60,-49,-60, 0.5, 0
-60,-68,-67,-68,-65,-60,-49,-60, 0.5, 0
-60,-68,-67,-68,-65,-60,-49,-60, 0.5, 0
-60,-68,-67,-68,-65,-60,-49,-60, 0.5, 0
-60,-68,-67,-68,-65,-60,-49,-60, 0.5, 0
-60,-68,-67,-68,-65,-60,-49,-60, 0.5, 0
-60,-68,-67,-68,-65,-60,-49,-60, 0.5, 0
-60,-68,-67,-68,-65,-60,-49,-60, 0.5, 0
-60,-68,-67,-68,-65,-60,-49,-60, 0.5, 0
-60,-68,-67,-68,-65,-60,-49,-60, 0.5, 0
-60,-68,-67,-68,-65,-60,-49,-60, 0.5, 0
-60,-68,-67,-68,-65,-60,-49,-60, 0.5, 0
-60,-68,-67,-68,-65,-60,-49,-60, 0.5, 0
-60,-68,-67,-68,-65,-60,-49,-60, 0.5, 0
-60,-68,-67,-68,-65,-60,-49,-60, 0.5, 0
-60,-68,-67,-68,-65,-60,-49,-60, 0.5, 0
-60,-68,-67,-68,-65,-60,-49,-60, 0.5, 0
-60,-68,-67,-68,-65,-60,-49,-60, 0.5, 0
-60,-68,-67,-68,-65,-60,-49,-60, 0.5, 0
-60,-68,-67,-68,-65,-60,-47,-60, 0.5, 0
-60,-68,-67,-68,-65,-60,-47,-60, 0.5, 0
-60,-68,-67,-68,-65,-60,-47,-60, 0.5, 0
-60,-68,-67,-68,-65,-60,-47,-60, 0.5, 0
-60,-68,-67,-68,-65,-60,-47,-60, 0.5, 0
-60,-68,-67,-68,-65,-60,-47,-60, 0.5, 0
-60,-68,-67,-68,-65,-60,-47,-60, 0.5, 0
-60,-68,-67,-68,-65,-60,-47,-60, 0.5, 0
-60,-68,-67,-68,-65,-60,-47,-60, 0.5, 0
-60,-68,-67,-68,-65,-60,-47,-60, 0.5, 0
-60,-68,-67,-68,-65,-60,-47,-60, 0.5, 0
-60,-68,-67,-68,-65,-60,-47,-60, 0.5, 0
-60,-68,-67,-68,-65,-60,-47,-60, 0.5, 0
-60,-68,-67,-68,-65,-60,-47,-60, 0.5, 0
-60,-68,-67,-68,-65,-60,-47,-60, 0.5, 0
-60,-68,-67,-68,-65,-60,-47,-60, 0.5, 0
-60,-68,-67,-68,-65,-60,-47,-60, 0.5, 0
-60,-68,-67,-68,-65,-60,-47,-60, 0.5, 0
-60,-68,-67,-68,-65,-60,-47,-60, 0.5, 0
-60,-68,-67,-68,-65,-60,-47,-60, 0.5, 0
-60,-68,-67,-68,-65,-60,-47,-60, 0.5, 0
-60,-68,-67,-68,-65,-60,-47,-60, 0.5, 0
-60,-68,-67,-68,-73,-60,-47,-60, 0.5, 0
-60,-68,-67,-68,-73,-60,-47,-60, 0.5, 0
-60,-68,-67,-68,-73,-60,-47,-60, 0.5, 0
-60,-68,-67,-68,-73,-60,-47,-60, 0.5, 0
-60,-68,-67,-68,-73,-60,-47,-60, 0.5, 0
-60,-68,-67,-68,-73,-60,-47,-60, 0.5, 0
-60,-68,-67,-68,-73,-60,-47,-60, 0.5, 0
-60,-68,-67,-68,-73,-60,-47,-60, 0.5, 0
-60,-68,-67,-68,-73,-60,-47,-60, 0.5, 0
-60,-68,-67,-68,-73,-60,-47,-60, 0.5, 0
-60,-68,-67,-68,-73,-60,-47,-60, 0.5, 0
-60,-68,-67,-68,-73,-60,-47,-60, 0.5, 0
-60,-68,-67,-68,-73,-60,-47,-60, 0.5, 0
-60,-68,-67,-68,-73,-60,-47,-60, 0.5, 0
-60,-68,-67,-68,-73,-60,-47,-60, 0.5, 0
-60,-68,-67,-68,-73,-60,-47,-60, 0.5, 0
-60,-68,-67,-68,-73,-60,-47,-60, 0.5, 0
-60,-68,-67,-68,-73,-60,-47,-60, 0.5, 0
-60,-68,-67,-68,-73,-60,-47,-60, 0.5, 0
-60,-68,-67,-68,-73,-60,-47,-60, 0.5, 0
-60,-68,-67,-68,-73,-60,-47,-60, 0.5, 0
-60,-68,-67,-68,-73,-60,-47,-60, 0.5, 0
-60,-68,-67,-68,-73,-60,-47,-60, 0.5, 0
-60,-68,-67,-68,-73,-60,-47,-60, 0.5, 0
-60,-68,-67,-68,-73,-60,-47,-60, 0.5, 0
-60,-68,-67,-68,-73,-60,-47,-60, 0.5, 0
-60,-68,-67,-68,-73,-60,-47,-60, 0.5, 0
-60,-68,-67,-68,-73,-60,-47,-60, 0.5, 0
-60,-68,-67,-68,-73,-60,-47,-60, 0.5, 0
-60,-68,-67,-68,-73,-60,-47,-60, 0.5, 0
-60,-68,-67,-68,-73,-60,-47,-60, 0.5, 0
-60,-68,-67,-68,-73,-60,-47,-60, 0.5, 0
-60,-68,-67,-68,-73,-60,-47,-60, 0.5, 0
-60,-68,-67,-68,-73,-60,-47,-60, 0.5, 0
-60,-68,-67,-68,-73,-60,-47,-60, 0.5, 0
-60,-68,-67,-68,-73,-60,-47,-60, 0.5, 0
-60,-68,-67,-68,-73,-60,-47,-60, 0.5, 0
-60,-68,-67,-68,-73,-60,-47,-60, 0.5, 0
-60,-68,-67,-68,-73,-60,-47,-60, 0.5, 0
-60,-68,-67,-68,-73,-60,-47,-60, 0.5, 0
-60,-68,-67,-68,-73,-60,-47,-60, 0.5, 0
-60,-68,-67,-68,-73,-60,-47,-60, 0.5, 0
-60,-68,-67,-68,-73,-60,-47,-60, 0.5, 0
-60,-68,-67,-68,-73,-60,-47,-60, 0.5, 0
-60,-68,-67,-68,-73,-60,-47,-60, 0.5, 0
-60,-68,-67,-68,-73,-60,-47,-60, 0.5, 0
-60,-68,-67,-68,-73,-60,-47,-60, 0.5, 0
-60,-68,-67,-68,-73,-60,-47,-60, 0.5, 0
-60,-68,-67,-68,-73,-60,-47,-60, 0.5, 0
-60,-68,-67,-68,-73,-60,-47,-60, 0.5, 0
-60,-68,-67,-68,-73,-60,-47,-60, 0.5, 0
-60,-68,-67,-68,-73,-60,-47,-60, 0.5, 0
-60,-68,-67,-68,-73,-60,-47,-60, 0.5, 0
-60,-68,-67,-68,-73,-60,-47,-60, 0.5, 0
-60,-68,-67,-68,-73,-60,-47,-60, 0.5, 0
-60,-68,-67,-68,-73,-60,-47,-60, 0.5, 0
-60,-68,-67,-68,-73,-60,-47,-60, 0.5, 0
-60,-68,-67,-68,-73,-60,-47,-60, 0.5, 0
-60,-68,-67,-68,-73,-60,-47,-60, 0.5, 0
-60,-68,-67,-68,-73,-60,-47,-60, 0.5, 0
-60,-68,-67,-68,-73,-60,-47,-60, 0.5, 0
-60,-68,-67,-68,-73,-60,-47,-60, 0.5, 0
-60,-68,-67,-68,-73,-60,-47,-60, 0.5, 0
-60,-68,-67,-68,-73,-60,-47,-60, 0.5, 0
-60,-68,-67,-68,-73,-60,-47,-60, 0.5, 0
-60,-68,-67,-68,-73,-60,-47,-60, 0.5, 0
-60,-68,-67,-68,-73,-60,-47,-60, 0.5, 0
-60,-68,-67,-68,-73,-60,-47,-60, 0.5, 0
-60,-68,-67,-68,-73,-60,-47,-60, 0.5, 0
-60,-68,-67,-68,-73,-60,-47,-60, 0.5, 0
-60,-68,-67,-68,-73,-60,-47,-60, 0.5, 0
-60,-68,-67,-68,-73,-60,-47,-60, 0.5, 0
-60,-68,-67,-68,-73,-60,-47,-60, 0.5, 0
-60,-68,-67,-68,-73,-60,-47,-60, 0.5, 0
-60,-68,-67,-68,-73,-60,-47,-60, 0.5, 0
-60,-68,-67,-68,-73,-60,-47,-60, 0.5, 0
-60,-68,-67,-68,-73,-60,-47,-60, 0.5, 0
-60,-68,-67,-68,-73,-60,-47,-60, 0.5, 0
-60,-68,-67,-68,-73,-60,-47,-60, 0.5, 0
-60,-68,-67,-68,-73,-60,-47,-60, 0.5, 0
-60,-68,-67,-68,-73,-60,-47,-60, 0.5, 0
-60,-68,-67,-68,-73,-60,-47,-60, 0.5, 0
-60,-68,-67,-68,-73,-60,-47,-60, 0.5, 0
-60,-68,-67,-68,-73,-60,-47,-60, 0.5, 0
-60,-68,-67,-68,-73,-60,-47,-60, 0.5, 0
-60,-68,-67,-68,-73,-60,-47,-60, 0.5, 0
-60,-68,-67,-68,-73,-60,-47,-60, 0.5, 0
-60,-68,-67,-68,-73,-60,-47,-60, 0.5, 0
-60,-68,-67,-68,-73,-60,-47,-60, 0.5, 0
-60,-68,-67,-68,-73,-60,-47,-60, 0.5, 0
-60,-68,-67,-68,-73,-60,-47,-60, 0.5, 0
-60,-68,-67,-68,-73,-60,-47,-60, 0.5, 0
-60,-68,-67,-68,-73,-60,-47,-60, 0.5, 0
-60,-68,-67,-68,-73,-60,-47,-60, 0.5, 0
-60,-68,-67,-68,-73,-60,-47,-60, 0.5, 0
-60,-68,-67,-68,-73,-60,-47,-60, 0.5, 0
-60,-68,-67,-68,-73,-60,-47,-60, 0.5, 0
-60,-68,-67,-68,-73,-60,-47,-60, 0.5, 0
-60,-68,-67,-68,-73,-60,-47,-60, 0.5, 0
-60,-68,-67,-68,-73,-60,-47,-60, 0.5, 0
-60,-68,-67,-68,-73,-60,-47,-60, 0.5, 0
-60,-68,-67,-68,-73,-60,-47,-60, 0.5, 0
-60,-68,-67,-68,-73,-60,-47,-60, 0.5, 0
-60,-68,-67,-68,-73,-60,-47,-60, 0.5, 0
-60,-68,-67,-68,-73,-60,-47,-60, 0.5, 0
-60,-68,-67,-68,-73,-60,-47,-60, 0.5, 0
-60,-68,-67,-68,-73,-60,-47,-60, 0.5, 0
-60,-68,-67,-68,-73,-60,-47,-60, 0.5, 0
-60,-68,-67,-68,-73,-60,-47,-60, 0.5, 0
-60,-68,-67,-68,-73,-60,-47,-60, 0.5, 0
-60,-68,-67,-68,-73,-60,-47,-60, 0.5, 0
-60,-68,-67,-68,-73,-60,-47,-60, 0.5, 0
-60,-68,-67,-68,-73,-60,-47,-60, 0.5, 0
-60,-68,-67,-68,-73,-64,-47,-60, 0.5, 0
-60,-68,-67,-68,-73,-64,-47,-60, 0.5, 0
-60,-68,-67,-68,-73,-64,-47,-60, 0.5, 0
-62,-68,-67,-68,-73,-64,-47,-60, 0.5, 0
-62,-68,-67,-68,-73,-64,-47,-60, 0.5, 0
-62,-68,-67,-68,-73,-64,-47,-60, 0.5, 0
-62,-68,-67,-68,-73,-64,-47,-60, 0.5, 0
-62,-68,-67,-68,-73,-64,-47,-60, 0.5, 0
-62,-68,-67,-68,-73,-64,-47,-60, 0.5, 0
-62,-68,-67,-68,-73,-64,-47,-60, 0.5, 0
-62,-68,-67,-68,-73,-64,-47,-60, 0.5, 0
-62,-68,-67,-68,-73,-64,-47,-60, 0.5, 0
-62,-68,-67,-68,-73,-64,-47,-60, 0.5, 0
-62,-68,-67,-68,-73,-64,-47,-60, 0.5, 0
-62,-68,-67,-68,-73,-64,-47,-60, 0.5, 0
-62,-68,-67,-68,-73,-64,-47,-60, 0.5, 0
-62,-68,-67,-68,-73,-64,-47,-60, 0.5, 0
-62,-68,-67,-68,-73,-64,-47,-60, 0.5, 0
-62,-68,-67,-68,-73,-64,-47,-60, 0.5, 0
-62,-68,-67,-68,-73,-64,-47,-60, 0.5, 0
-62,-68,-67,-68,-73,-64,-47,-60, 0.5, 0
-62,-68,-67,-68,-73,-64,-47,-60, 0.5, 0
-62,-68,-67,-68,-73,-64,-47,-60, 0.5, 0
-62,-68,-67,-68,-73,-64,-47,-60, 0.5, 0
-62,-68,-67,-68,-73,-64,-47,-60, 0.5, 0
-62,-68,-67,-68,-73,-64,-47,-60, 0.5, 0
-62,-68,-67,-68,-73,-64,-47,-60, 0.5, 0
-62,-68,-67,-68,-73,-64,-47,-60, 0.5, 0
-62,-68,-67,-68,-73,-64,-47,-60, 0.5, 0
-62,-68,-67,-68,-73,-64,-47,-60, 0.5, 0
-62,-68,-67,-68,-73,-64,-47,-60, 0.5, 0
-62,-68,-67,-68,-73,-64,-47,-60, 0.5, 0
-62,-68,-67,-68,-73,-64,-47,-60, 0.5, 0
-62,-68,-67,-68,-73,-64,-47,-60, 0.5, 0
-62,-68,-67,-68,-73,-64,-47,-60, 0.5, 0
-62,-68,-67,-68,-73,-64,-47,-60, 0.5, 0
-62,-68,-67,-68,-73,-64,-47,-60, 0.5, 0
-62,-68,-67,-68,-73,-64,-47,-60, 0.5, 0
-62,-68,-67,-68,-73,-64,-47,-60, 0.5, 0
-62,-68,-67,-68,-73,-64,-47,-60, 0.5, 0
-62,-68,-67,-68,-73,-64,-47,-60, 0.5, 0
-62,-68,-67,-68,-73,-64,-47,-60, 0.5, 0
-62,-68,-67,-68,-73,-64,-47,-60, 0.5, 0
-62,-68,-67,-68,-73,-64,-47,-60, 0.5, 0
-62,-68,-67,-68,-73,-64,-47,-60, 0.5, 0
-62,-68,-67,-68,-73,-64,-47,-60, 0.5, 0
-62,-68,-67,-68,-73,-64,-47,-60, 0.5, 0
-62,-68,-67,-68,-73,-64,-47,-60, 0.5, 0
-62,-68,-67,-68,-73,-64,-47,-60, 0.5, 0
-62,-68,-67,-68,-73,-64,-47,-60, 0.5, 0
-62,-68,-67,-68,-73,-64,-47,-64, 0.5, 0
-62,-68,-67,-68,-73,-64,-47,-64, 0.5, 0
-62,-68,-67,-68,-73,-64,-47,-64, 0.5, 0
-62,-68,-67,-68,-73,-64,-47,-64, 0.5, 0
-62,-68,-67,-68,-73,-64,-47,-64, 0.5, 0
-62,-68,-67,-68,-73,-64,-47,-64, 0.5, 0
-62,-68,-67,-68,-73,-64,-47,-64, 0.5, 0
-62,-68,-67,-68,-73,-64,-47,-64, 0.5, 0
-62,-68,-67,-68,-73,-64,-47,-64, 0.5, 0
-62,-68,-67,-68,-73,-64,-47,-64, 0.5, 0
-62,-68,-67,-68,-73,-64,-47,-64, 0.5, 0
-62,-68,-67,-68,-73,-64,-47,-64, 0.5, 0
-62,-68,-67,-68,-73,-64,-47,-64, 0.5, 0
-62,-68,-67,-68,-73,-64,-47,-64, 0.5, 0
-62,-68,-67,-68,-73,-64,-47,-64, 0.5, 0
-62,-68,-67,-68,-73,-64,-47,-64, 0.5, 0
-62,-68,-67,-68,-73,-64,-47,-64, 0.5, 0
-62,-68,-67,-68,-73,-64,-47,-64, 0.5, 0
-62,-68,-67,-68,-73,-64,-47,-64, 0.5, 0
-62,-68,-67,-68,-73,-64,-47,-64, 0.5, 0
-62,-68,-67,-68,-73,-64,-47,-64, 0.5, 0
-62,-68,-67,-68,-73,-64,-47,-64, 0.5, 0
-62,-68,-67,-68,-73,-64,-47,-64, 0.5, 0
-62,-68,-67,-68,-73,-64,-47,-64, 0.5, 0
-62,-68,-67,-68,-73,-64,-47,-64, 0.5, 0
-62,-68,-67,-68,-73,-64,-47,-64, 0.5, 0
-62,-68,-67,-68,-73,-64,-47,-64, 0.5, 0
-62,-68,-67,-68,-73,-64,-47,-64, 0.5, 0
-62,-68,-67,-68,-73,-64,-47,-64, 0.5, 0
-62,-68,-67,-68,-73,-64,-47,-64, 0.5, 0
-62,-68,-67,-68,-73,-64,-47,-64, 0.5, 0
-62,-68,-67,-68,-73,-64,-47,-64, 0.5, 0
-62,-68,-67,-68,-73,-64,-47,-64, 0.5, 0
-62,-68,-67,-68,-73,-64,-47,-64, 0.5, 0
-62,-68,-67,-68,-73,-64,-47,-64, 0.5, 0
-62,-68,-67,-68,-73,-64,-47,-64, 0.5, 0
-62,-68,-67,-68,-73,-64,-47,-64, 0.5, 0
-62,-68,-67,-68,-73,-64,-47,-64, 0.5, 0
-62,-68,-67,-68,-73,-64,-47,-64, 0.5, 0
-62,-68,-67,-68,-73,-64,-47,-64, 0.5, 0
-62,-68,-67,-68,-73,-64,-47,-64, 0.5, 0
-62,-68,-67,-68,-73,-64,-47,-64, 0.5, 0
-62,-68,-67,-68,-73,-64,-47,-64, 0.5, 0
-62,-68,-67,-68,-73,-64,-47,-64, 0.5, 0
-62,-68,-67,-62,-73,-64,-47,-64, 0.5, 0
-62,-68,-67,-62,-73,-64,-47,-64, 0.5, 0
-62,-68,-67,-62,-73,-64,-47,-64, 0.5, 0
-62,-68,-67,-62,-73,-64,-47,-64, 0.5, 0
-62,-68,-67,-62,-73,-64,-47,-64, 0.5, 0
-62,-68,-67,-62,-73,-64,-47,-64, 0.5, 0
-62,-70,-67,-62,-73,-64,-47,-64, 0.5, 0
-62,-70,-67,-62,-73,-64,-47,-64, 0.5, 0
-62,-70,-67,-62,-73,-64,-47,-64, 0.5, 0
-62,-70,-67,-62,-73,-64,-47,-64, 0.5, 0
-62,-70,-67,-62,-73,-64,-47,-64, 0.5, 0
-62,-70,-67,-62,-73,-64,-47,-64, 0.5, 0
-62,-70,-67,-62,-73,-64,-47,-64, 0.5, 0
-62,-70,-67,-62,-73,-64,-47,-64, 0.5, 0
-62,-70,-67,-62,-73,-64,-47,-64, 0.5, 0
-62,-70,-67,-62,-73,-64,-47,-64, 0.5, 0
-62,-70,-67,-62,-73,-64,-47,-64, 0.5, 0
-62,-70,-67,-62,-73,-64,-47,-64, 0.5, 0
-62,-70,-67,-62,-73,-64,-47,-64, 0.5, 0
-62,-70,-67,-62,-73,-64,-47,-64, 0.5, 0
-62,-70,-67,-62,-73,-64,-47,-64, 0.5, 0
-62,-70,-67,-62,-73,-64,-47,-64, 0.5, 0
-62,-70,-67,-62,-73,-64,-47,-64, 0.5, 0
-62,-70,-67,-62,-73,-64,-47,-64, 0.5, 0
-62,-70,-67,-62,-73,-64,-47,-64, 0.5, 0
-62,-70,-67,-62,-73,-64,-47,-64, 0.5, 0
-62,-70,-67,-62,-73,-64,-47,-64, 0.5, 0
-62,-70,-67,-62,-73,-64,-47,-64, 0.5, 0
-62,-70,-67,-62,-73,-64,-47,-64, 0.5, 0
-62,-70,-67,-62,-73,-64,-47,-64, 0.5, 0
-62,-70,-67,-62,-73,-64,-47,-64, 0.5, 0
-62,-70,-67,-62,-73,-64,-47,-64, 0.5, 0
-62,-70,-67,-62,-73,-64,-47,-64, 0.5, 0
-62,-70,-67,-62,-73,-64,-47,-64, 0.5, 0
-62,-70,-67,-62,-73,-64,-47,-64, 0.5, 0
-62,-70,-67,-62,-73,-64,-47,-64, 0.5, 0
-62,-70,-67,-62,-73,-64,-47,-64, 0.5, 0
-62,-70,-67,-62,-73,-64,-47,-64, 0.5, 0
-62,-70,-67,-62,-73,-64,-47,-64, 0.5, 0
-62,-70,-67,-62,-73,-64,-47,-64, 0.5, 0
-62,-70,-67,-62,-73,-64,-47,-64, 0.5, 0
-62,-70,-67,-62,-73,-64,-47,-64, 0.5, 0
-62,-70,-67,-62,-73,-64,-47,-64, 0.5, 0
-62,-70,-67,-62,-73,-64,-47,-64, 0.5, 0
-62,-70,-67,-62,-73,-64,-47,-64, 0.5, 0
-62,-70,-67,-62,-73,-64,-47,-64, 0.5, 0
-62,-70,-67,-62,-73,-64,-47,-64, 0.5, 0
-62,-70,-67,-62,-73,-64,-47,-64, 0.5, 0
-62,-70,-67,-62,-73,-64,-47,-64, 0.5, 0
-62,-70,-67,-62,-73,-64,-47,-64, 0.5, 0
-62,-70,-67,-62,-73,-64,-47,-64, 0.5, 0
-62,-70,-67,-62,-73,-64,-47,-64, 0.5, 0
-62,-70,-67,-62,-73,-64,-47,-64, 0.5, 0
-62,-70,-67,-62,-73,-64,-47,-64, 0.5, 0
-62,-70,-67,-62,-73,-64,-47,-64, 0.5, 0
-62,-70,-67,-62,-73,-64,-47,-64, 0.5, 0
-62,-70,-67,-62,-73,-64,-47,-64, 0.5, 0
-62,-70,-67,-62,-73,-64,-47,-64, 0.5, 0
-62,-70,-67,-62,-73,-64,-47,-64, 0.5, 0
-62,-70,-67,-62,-73,-64,-47,-64, 0.5, 0
-62,-70,-67,-62,-73,-64,-47,-64, 0.5, 0
-62,-70,-67,-62,-73,-64,-47,-64, 0.5, 0
-62,-70,-67,-62,-73,-64,-47,-64, 0.5, 0
-62,-70,-67,-62,-73,-64,-47,-64, 0.5, 0
-62,-70,-67,-62,-73,-64,-47,-64, 0.5, 0
-62,-70,-67,-62,-73,-64,-47,-64, 0.5, 0
-62,-70,-67,-62,-73,-64,-47,-64, 0.5, 0
-62,-70,-67,-62,-73,-64,-47,-64, 0.5, 0
-62,-70,-67,-62,-73,-64,-47,-64, 0.5, 0
-62,-70,-67,-62,-73,-64,-47,-64, 0.5, 0
-62,-70,-67,-62,-73,-64,-47,-64, 0.5, 0
-62,-70,-67,-62,-73,-64,-47,-64, 0.5, 0
-62,-70,-67,-62,-73,-64,-47,-64, 0.5, 0
-62,-70,-67,-62,-73,-64,-47,-64, 0.5, 0
-62,-70,-67,-62,-73,-64,-47,-64, 0.5, 0
-62,-70,-67,-62,-73,-64,-47,-64, 0.5, 0
-62,-70,-67,-62,-73,-64,-47,-64, 0.5, 0
-62,-70,-67,-62,-73,-64,-47,-64, 0.5, 0
-62,-70,-67,-62,-73,-64,-47,-64, 0.5, 0
-62,-70,-67,-62,-73,-64,-47,-64, 0.5, 0
-62,-70,-67,-62,-73,-64,-47,-64, 0.5, 0
-62,-70,-67,-62,-73,-64,-47,-64, 0.5, 0
-62,-70,-67,-62,-73,-64,-47,-64, 0.5, 0
-62,-70,-67,-62,-73,-64,-47,-64, 0.5, 0
-62,-70,-67,-62,-73,-64,-47,-64, 0.5, 0
-62,-70,-67,-62,-73,-64,-47,-64, 0.5, 0
-62,-70,-67,-62,-73,-64,-47,-64, 0.5, 0
-62,-70,-67,-62,-73,-64,-47,-64, 0.5, 0
-62,-70,-67,-62,-73,-64,-47,-64, 0.5, 0
-62,-70,-67,-62,-73,-64,-47,-64, 0.5, 0
-62,-70,-67,-62,-73,-64,-47,-64, 0.5, 0
-62,-70,-67,-62,-73,-64,-47,-64, 0.5, 0
-62,-70,-67,-62,-73,-64,-47,-64, 0.5, 0
-62,-70,-67,-62,-73,-64,-47,-64, 0.5, 0
-62,-70,-67,-62,-73,-64,-47,-64, 0.5, 0
-62,-70,-67,-62,-73,-64,-47,-64, 0.5, 0
-62,-70,-67,-62,-73,-64,-47,-64, 0.5, 0
-62,-70,-67,-62,-73,-64,-47,-64, 0.5, 0
-62,-70,-67,-62,-73,-64,-47,-64, 0.5, 0
-62,-70,-67,-62,-73,-64,-47,-64, 0.5, 0
-62,-70,-67,-62,-73,-64,-47,-64, 0.5, 0
-62,-70,-67,-62,-73,-64,-47,-64, 0.5, 0
-62,-70,-67,-62,-73,-64,-47,-64, 0.5, 0
-62,-70,-67,-62,-73,-64,-47,-64, 0.5, 0
-62,-70,-67,-62,-73,-64,-47,-64, 0.5, 0
-62,-70,-67,-62,-73,-64,-47,-64, 0.5, 0
-62,-70,-67,-62,-73,-64,-47,-64, 0.5, 0
-62,-70,-67,-62,-73,-64,-47,-64, 0.5, 0
-62,-70,-67,-62,-73,-64,-47,-64, 0.5, 0
-62,-70,-67,-62,-73,-64,-47,-64, 0.5, 0
-62,-70,-67,-62,-73,-64,-47,-64, 0.5, 0
-62,-70,-67,-62,-73,-64,-47,-64, 0.5, 0
-62,-70,-67,-62,-73,-64,-47,-64, 0.5, 0
-62,-70,-67,-62,-73,-64,-47,-64, 0.5, 0
-62,-70,-67,-62,-73,-64,-47,-64, 0.5, 0
-62,-70,-67,-62,-73,-64,-47,-64, 0.5, 0
-62,-70,-67,-62,-73,-64,-47,-64, 0.5, 0
-62,-70,-67,-62,-73,-64,-47,-64, 0.5, 0
-62,-70,-67,-62,-73,-64,-47,-64, 0.5, 0
-62,-70,-67,-62,-73,-64,-47,-64, 0.5, 0
-62,-70,-67,-62,-73,-64,-47,-64, 0.5, 0
-62,-70,-67,-62,-73,-64,-47,-64, 0.5, 0
-62,-70,-67,-62,-73,-64,-47,-64, 0.5, 0
-62,-70,-67,-62,-73,-64,-47,-64, 0.5, 0
-62,-70,-67,-62,-73,-64,-47,-64, 0.5, 0
-62,-70,-67,-62,-73,-64,-47,-64, 0.5, 0
-62,-70,-67,-62,-73,-64,-47,-64, 0.5, 0
-62,-70,-67,-62,-73,-64,-47,-64, 0.5, 0
-62,-70,-67,-62,-73,-64,-47,-64, 0.5, 0
-62,-70,-67,-62,-63,-64,-47,-64, 0.5, 0
-62,-70,-67,-62,-63,-64,-47,-64, 0.5, 0
-62,-70,-67,-62,-63,-64,-47,-64, 0.5, 0
-62,-70,-67,-62,-63,-64,-47,-64, 0.5, 0
-62,-70,-67,-62,-63,-64,-47,-64, 0.5, 0
-62,-70,-67,-62,-63,-64,-47,-64, 0.5, 0
-62,-70,-67,-62,-63,-64,-47,-64, 0.5, 0
-62,-70,-67,-62,-63,-64,-47,-64, 0.5, 0
-62,-70,-67,-62,-63,-64,-47,-64, 0.5, 0
-62,-70,-67,-62,-63,-64,-47,-64, 0.5, 0
-62,-70,-67,-62,-63,-64,-47,-64, 0.5, 0
-62,-70,-67,-62,-63,-64,-47,-64, 0.5, 0
-62,-70,-67,-62,-63,-64,-47,-64, 0.5, 0
-62,-70,-67,-62,-63,-64,-47,-64, 0.5, 0
-62,-70,-67,-62,-63,-64,-47,-64, 0.5, 0
-62,-70,-67,-62,-63,-64,-47,-64, 0.5, 0
-62,-70,-67,-62,-63,-64,-47,-64, 0.5, 0
-62,-70,-67,-62,-63,-64,-47,-64, 0.5, 0
-62,-70,-67,-62,-63,-64,-47,-64, 0.5, 0
-62,-70,-67,-62,-63,-64,-47,-64, 0.5, 0
-62,-70,-67,-62,-63,-64,-47,-64, 0.5, 0
-62,-70,-67,-62,-63,-64,-47,-64, 0.5, 0
-62,-70,-67,-62,-63,-64,-47,-64, 0.5, 0
-62,-70,-67,-62,-63,-64,-47,-64, 0.5, 0
-62,-70,-67,-62,-63,-64,-47,-64, 0.5, 0
-62,-70,-67,-62,-63,-64,-47,-64, 0.5, 0
-62,-70,-67,-62,-63,-64,-47,-64, 0.5, 0
-62,-70,-67,-62,-63,-64,-47,-64, 0.5, 0
-57,-70,-67,-62,-63,-64,-47,-64, 0.5, 0
-57,-70,-67,-62,-63,-64,-47,-64, 0.5, 0
-57,-70,-67,-62,-63,-64,-47,-64, 0.5, 0
-57,-70,-67,-62,-63,-64,-47,-64, 0.5, 0
-57,-70,-67,-62,-63,-64,-47,-64, 0.5, 0
-57,-70,-67,-62,-63,-64,-47,-64, 0.5, 0
-57,-70,-67,-62,-63,-64,-47,-64, 0.5, 0
-57,-70,-67,-62,-63,-64,-47,-64, 0.5, 0
-57,-70,-67,-62,-63,-64,-47,-64, 0.5, 0
-57,-70,-67,-62,-63,-64,-47,-64, 0.5, 0
-57,-70,-67,-62,-63,-64,-47,-64, 0.5, 0
-57,-70,-67,-62,-63,-64,-47,-64, 0.5, 0
-57,-70,-67,-62,-63,-64,-47,-64, 0.5, 0
-57,-70,-67,-62,-63,-58,-47,-64, 0.5, 0
-57,-70,-67,-62,-63,-58,-47,-64, 0.5, 0
-57,-70,-67,-62,-63,-58,-47,-64, 0.5, 0
-57,-70,-67,-62,-63,-58,-47,-64, 0.5, 0
-57,-70,-67,-62,-63,-58,-47,-64, 0.5, 0
-57,-70,-67,-62,-63,-58,-47,-64, 0.5, 0
-57,-70,-67,-62,-63,-58,-47,-64, 0.5, 0
-57,-70,-67,-62,-63,-58,-47,-64, 0.5, 0
-57,-70,-67,-62,-63,-58,-47,-64, 0.5, 0
-57,-70,-67,-62,-63,-58,-47,-64, 0.5, 0
-57,-70,-67,-62,-63,-58,-47,-64, 0.5, 0
-57,-70,-67,-62,-63,-58,-47,-64, 0.5, 0
-57,-70,-67,-62,-63,-58,-47,-64, 0.5, 0
-57,-70,-67,-62,-63,-58,-47,-64, 0.5, 0
-57,-70,-67,-62,-63,-58,-47,-64, 0.5, 0
-57,-70,-67,-62,-63,-58,-47,-64, 0.5, 0
-57,-70,-67,-62,-63,-58,-47,-64, 0.5, 0
-57,-70,-67,-62,-63,-58,-47,-64, 0.5, 0
-57,-70,-67,-62,-63,-58,-47,-64, 0.5, 0
-57,-70,-67,-62,-63,-58,-47,-64, 0.5, 0
-57,-70,-67,-62,-63,-58,-47,-64, 0.5, 0
-57,-70,-67,-62,-63,-58,-47,-64, 0.5, 0
-57,-70,-67,-62,-63,-58,-47,-64, 0.5, 0
-57,-70,-67,-62,-63,-58,-47,-64, 0.5, 0
-57,-70,-67,-62,-63,-58,-47,-64, 0.5, 0
-57,-70,-67,-62,-63,-58,-47,-64, 0.5, 0
-57,-70,-67,-62,-63,-58,-47,-64, 0.5, 0
-57,-70,-67,-62,-63,-58,-47,-64, 0.5, 0
-57,-70,-67,-62,-63,-58,-47,-64, 0.5, 0
-57,-70,-67,-62,-63,-58,-47,-64, 0.5, 0
-57,-70,-67,-62,-63,-58,-47,-64, 0.5, 0
-57,-70,-67,-62,-63,-58,-47,-64, 0.5, 0
-57,-70,-67,-62,-63,-58,-47,-64, 0.5, 0
-57,-70,-67,-62,-63,-58,-47,-64, 0.5, 0
-57,-70,-67,-62,-63,-58,-47,-64, 0.5, 0
-57,-70,-67,-62,-63,-58,-47,-64, 0.5, 0
-57,-70,-67,-62,-63,-58,-47,-64, 0.5, 0
-57,-70,-67,-62,-63,-58,-47,-64, 0.5, 0
-57,-70,-67,-62,-63,-58,-47,-64, 0.5, 0
-57,-70,-67,-62,-63,-58,-47,-64, 0.5, 0
-57,-70,-67,-62,-63,-58,-47,-64, 0.5, 0
-57,-70,-67,-62,-63,-58,-47,-64, 0.5, 0
-57,-70,-67,-62,-63,-58,-47,-64, 0.5, 0
-57,-70,-67,-62,-63,-58,-47,-64, 0.5, 0
-57,-70,-67,-62,-63,-58,-47,-64, 0.5, 0
-57,-70,-67,-62,-63,-58,-47,-64, 0.5, 0
-57,-70,-67,-62,-63,-58,-47,-64, 0.5, 0
-57,-70,-67,-62,-63,-58,-47,-64, 0.5, 0
-57,-70,-67,-62,-63,-58,-47,-64, 0.5, 0
-57,-70,-67,-62,-63,-58,-47,-64, 0.5, 0
-57,-70,-67,-62,-63,-58,-47,-64, 0.5, 0
-57,-70,-67,-62,-63,-58,-47,-64, 0.5, 0
-57,-70,-67,-62,-63,-58,-47,-64, 0.5, 0
-57,-70,-67,-62,-63,-58,-47,-64, 0.5, 0
-57,-70,-67,-62,-63,-58,-47,-64, 0.5, 0
-57,-70,-67,-62,-63,-58,-47,-64, 0.5, 0
-57,-70,-67,-62,-63,-58,-47,-64, 0.5, 0
-57,-70,-67,-62,-63,-58,-47,-64, 0.5, 0
-57,-70,-67,-62,-63,-58,-47,-64, 0.5, 0
-57,-70,-67,-62,-63,-58,-47,-64, 0.5, 0
-57,-70,-67,-62,-63,-58,-47,-64, 0.5, 0
-57,-70,-67,-62,-63,-58,-47,-64, 0.5, 0
-57,-70,-67,-62,-63,-58,-47,-64, 0.5, 0
-57,-70,-67,-62,-63,-58,-47,-64, 0.5, 0
-57,-70,-67,-62,-63,-58,-47,-64, 0.5, 0
-57,-70,-67,-62,-63,-58,-47,-64, 0.5, 0
-57,-70,-67,-62,-63,-58,-47,-64, 0.5, 0
-57,-70,-67,-62,-63,-58,-47,-64, 0.5, 0
-57,-70,-67,-62,-63,-58,-47,-64, 0.5, 0
-57,-70,-67,-62,-63,-58,-47,-64, 0.5, 0
-57,-70,-67,-62,-63,-58,-47,-64, 0.5, 0
-57,-70,-67,-62,-63,-58,-47,-64, 0.5, 0
-57,-70,-67,-62,-63,-58,-47,-64, 0.5, 0
-57,-70,-67,-62,-63,-58,-47,-64, 0.5, 0
-57,-70,-67,-62,-63,-58,-47,-64, 0.5, 0
-57,-70,-67,-62,-63,-58,-47,-64, 0.5, 0
-57,-70,-67,-62,-63,-58,-47,-64, 0.5, 0
-57,-70,-67,-62,-63,-58,-47,-64, 0.5, 0
-57,-70,-67,-62,-63,-58,-47,-64, 0.5, 0
-57,-70,-67,-62,-63,-58,-47,-64, 0.5, 0
-57,-70,-67,-62,-63,-58,-47,-64, 0.5, 0
-57,-70,-67,-62,-63,-58,-47,-64, 0.5, 0
-57,-70,-67,-62,-63,-58,-47,-54, 0.5, 0
-57,-70,-67,-62,-63,-58,-47,-54, 0.5, 0
-57,-70,-67,-62,-63,-58,-47,-54, 0.5, 0
-57,-70,-72,-62,-63,-58,-47,-54, 0.5, 0
-57,-70,-72,-62,-63,-58,-47,-54, 0.5, 0
-57,-70,-72,-62,-63,-58,-47,-54, 0.5, 0
-57,-70,-72,-62,-63,-58,-47,-54, 0.5, 0
-57,-70,-72,-62,-63,-58,-47,-54, 0.5, 0
-57,-70,-72,-62,-63,-58,-47,-54, 0.5, 0
-57,-70,-72,-62,-63,-58,-47,-54, 0.5, 0
-57,-70,-72,-62,-63,-58,-47,-54, 0.5, 0
-57,-70,-72,-62,-63,-58,-47,-54, 0.5, 0
-57,-70,-72,-62,-63,-58,-47,-54, 0.5, 0
-57,-70,-72,-62,-63,-58,-47,-54, 0.5, 0
-57,-70,-72,-62,-63,-58,-47,-54, 0.5, 0
-57,-70,-72,-62,-63,-58,-47,-54, 0.5, 0
-57,-70,-72,-62,-63,-58,-47,-54, 0.5, 0
-57,-70,-72,-62,-63,-58,-47,-54, 0.5, 0
-57,-70,-72,-62,-63,-58,-47,-54, 0.5, 0
-57,-70,-72,-62,-63,-58,-47,-54, 0.5, 0
-57,-70,-72,-62,-63,-58,-47,-54, 0.5, 0
-57,-70,-72,-62,-63,-58,-47,-54, 0.5, 0
-57,-70,-72,-62,-63,-58,-47,-54, 0.5, 0
-57,-70,-72,-62,-63,-58,-47,-54, 0.5, 0
-57,-70,-72,-62,-63,-58,-47,-54, 0.5, 0
-57,-70,-72,-62,-63,-58,-47,-54, 0.5, 0
-57,-70,-72,-62,-63,-58,-47,-54, 0.5, 0
-57,-70,-72,-62,-63,-58,-47,-54, 0.5, 0
-57,-70,-72,-63,-63,-58,-47,-54, 0.5, 0
-57,-70,-72,-63,-63,-58,-47,-54, 0.5, 0
-57,-70,-72,-63,-63,-58,-47,-54, 0.5, 0
-57,-70,-72,-63,-63,-58,-47,-54, 0.5, 0
-57,-70,-72,-63,-63,-58,-47,-54, 0.5, 0
-57,-70,-72,-63,-63,-58,-47,-54, 0.5, 0
-57,-67,-72,-63,-63,-58,-47,-54, 0.5, 0
-57,-67,-72,-63,-63,-58,-47,-54, 0.5, 0
-57,-67,-72,-63,-63,-58,-47,-54, 0.5, 0
-57,-67,-72,-63,-63,-58,-47,-54, 0.5, 0
-57,-67,-72,-63,-63,-58,-47,-54, 0.5, 0
-57,-67,-72,-63,-63,-58,-47,-54, 0.5, 0
-57,-67,-72,-63,-63,-58,-47,-54, 0.5, 0
-57,-67,-72,-63,-63,-58,-47,-54, 0.5, 0
-57,-67,-72,-63,-63,-58,-47,-54, 0.5, 0
-57,-67,-72,-63,-63,-58,-47,-54, 0.5, 0
-57,-67,-72,-63,-63,-58,-47,-54, 0.5, 0
-57,-67,-72,-63,-63,-58,-47,-54, 0.5, 0
-57,-67,-72,-63,-63,-58,-47,-54, 0.5, 0
-57,-67,-72,-63,-63,-58,-47,-54, 0.5, 0
-57,-67,-72,-63,-63,-58,-47,-54, 0.5, 0
-57,-67,-72,-63,-63,-58,-47,-54, 0.5, 0
-57,-67,-72,-63,-63,-58,-47,-54, 0.5, 0
-57,-67,-72,-63,-63,-58,-47,-54, 0.5, 0
-57,-67,-72,-63,-63,-58,-47,-54, 0.5, 0
-57,-67,-72,-63,-63,-58,-47,-54, 0.5, 0
-57,-67,-72,-63,-63,-58,-47,-54, 0.5, 0
-57,-67,-72,-63,-63,-58,-47,-54, 0.5, 0
-57,-67,-72,-63,-63,-58,-47,-54, 0.5, 0
-57,-67,-72,-63,-63,-58,-47,-54, 0.5, 0
-57,-67,-72,-63,-63,-58,-47,-54, 0.5, 0
-57,-67,-72,-63,-63,-58,-47,-54, 0.5, 0
-57,-67,-72,-63,-63,-58,-47,-54, 0.5, 0
-57,-67,-72,-63,-63,-58,-47,-54, 0.5, 0
-57,-67,-72,-63,-63,-58,-47,-54, 0.5, 0
-57,-67,-72,-63,-63,-58,-47,-54, 0.5, 0
-57,-67,-72,-63,-63,-58,-47,-54, 0.5, 0
-57,-67,-72,-63,-63,-58,-47,-54, 0.5, 0
-57,-67,-72,-63,-63,-58,-47,-54, 0.5, 0
-57,-67,-72,-63,-63,-58,-47,-54, 0.5, 0
-57,-67,-72,-63,-63,-58,-47,-54, 0.5, 0
-57,-67,-72,-63,-63,-58,-47,-54, 0.5, 0
-57,-67,-72,-63,-63,-58,-47,-54, 0.5, 0
-57,-67,-72,-63,-63,-58,-47,-54, 0.5, 0
-57,-67,-72,-63,-63,-58,-47,-54, 0.5, 0
-57,-67,-72,-63,-63,-58,-47,-54, 0.5, 0
-57,-67,-72,-63,-63,-58,-47,-54, 0.5, 0
-57,-67,-72,-63,-63,-58,-47,-54, 0.5, 0
-57,-67,-72,-63,-63,-58,-47,-54, 0.5, 0
-57,-67,-72,-63,-63,-58,-47,-54, 0.5, 0
-57,-67,-72,-63,-63,-58,-47,-54, 0.5, 0
-57,-67,-72,-63,-63,-58,-47,-54, 0.5, 0
-57,-67,-72,-63,-63,-58,-47,-54, 0.5, 0
-57,-67,-72,-63,-63,-58,-47,-54, 0.5, 0
-57,-67,-72,-63,-63,-58,-47,-54, 0.5, 0
-57,-67,-72,-63,-63,-58,-47,-54, 0.5, 0
-57,-67,-72,-63,-63,-58,-47,-54, 0.5, 0
-57,-67,-72,-63,-63,-58,-47,-54, 0.5, 0
-57,-67,-72,-63,-63,-58,-47,-54, 0.5, 0
-57,-67,-72,-63,-63,-58,-47,-54, 0.5, 0
-57,-67,-72,-63,-63,-58,-47,-54, 0.5, 0
-57,-67,-72,-63,-63,-58,-47,-54, 0.5, 0
-57,-67,-72,-63,-63,-58,-47,-54, 0.5, 0
-57,-67,-72,-63,-63,-58,-47,-54, 0.5, 0
-57,-67,-72,-63,-63,-58,-47,-54, 0.5, 0
-57,-67,-72,-63,-63,-58,-47,-54, 0.5, 0
-57,-67,-72,-63,-63,-58,-47,-54, 0.5, 0
-57,-67,-72,-63,-63,-58,-48,-54, 0.5, 0
-57,-67,-72,-63,-63,-58,-48,-54, 0.5, 0
-57,-67,-72,-63,-63,-58,-48,-54, 0.5, 0
-57,-67,-72,-63,-63,-58,-48,-54, 0.5, 0
-57,-67,-72,-63,-63,-58,-48,-54, 0.5, 0
-57,-67,-72,-63,-63,-58,-48,-54, 0.5, 0
-57,-67,-72,-63,-63,-58,-48,-54, 0.5, 0
-57,-67,-72,-63,-63,-58,-48,-54, 0.5, 0
-57,-67,-72,-63,-63,-58,-48,-54, 0.5, 0
-57,-67,-72,-63,-63,-58,-48,-54, 0.5, 0
-57,-67,-72,-63,-63,-58,-48,-54, 0.5, 0
-57,-67,-72,-63,-63,-58,-48,-54, 0.5, 0
-57,-67,-72,-63,-63,-58,-48,-54, 0.5, 0
-57,-67,-72,-63,-63,-58,-48,-54, 0.5, 0
-57,-67,-72,-63,-63,-58,-48,-54, 0.5, 0
-57,-67,-72,-63,-63,-58,-48,-54, 0.5, 0
-57,-67,-72,-63,-63,-58,-48,-54, 0.5, 0
-57,-67,-72,-63,-63,-58,-48,-54, 0.5, 0
-57,-67,-72,-63,-63,-58,-48,-54, 0.5, 0
-57,-67,-72,-63,-63,-58,-48,-54, 0.5, 0
-57,-67,-72,-63,-63,-58,-48,-54, 0.5, 0
-57,-67,-72,-63,-63,-58,-48,-54, 0.5, 0
-57,-67,-72,-63,-63,-58,-48,-54, 0.5, 0
-57,-67,-72,-63,-63,-58,-48,-54, 0.5, 0
-57,-67,-72,-63,-63,-58,-48,-54, 0.5, 0
-57,-67,-72,-63,-63,-58,-48,-54, 0.5, 0
-57,-67,-72,-63,-63,-58,-48,-54, 0.5, 0
-57,-67,-72,-63,-63,-58,-48,-54, 0.5, 0
-57,-67,-72,-63,-63,-58,-48,-54, 0.5, 0
-57,-67,-72,-63,-63,-58,-48,-54, 0.5, 0
-57,-67,-72,-63,-63,-58,-48,-54, 0.5, 0
-57,-67,-72,-63,-63,-58,-48,-54, 0.5, 0
-57,-67,-72,-63,-63,-58,-48,-54, 0.5, 0
-57,-67,-72,-63,-63,-58,-48,-54, 0.5, 0
-57,-67,-72,-63,-63,-58,-48,-54, 0.5, 0
-57,-67,-72,-63,-63,-58,-48,-54, 0.5, 0
-57,-67,-72,-63,-63,-58,-48,-54, 0.5, 0
-57,-67,-72,-63,-63,-58,-48,-54, 0.5, 0
-57,-67,-72,-63,-63,-58,-48,-54, 0.5, 0
-57,-67,-72,-63,-63,-58,-48,-54, 0.5, 0
-57,-67,-72,-63,-63,-58,-48,-54, 0.5, 0
-57,-67,-72,-63,-63,-58,-48,-54, 0.5, 0
-57,-67,-72,-63,-63,-58,-48,-54, 0.5, 0
-57,-67,-72,-63,-63,-58,-48,-54, 0.5, 0
-57,-67,-72,-63,-63,-58,-48,-54, 0.5, 0
-57,-67,-72,-63,-63,-58,-48,-54, 0.5, 0
-57,-67,-72,-63,-63,-58,-48,-54, 0.5, 0
-57,-67,-72,-63,-63,-58,-48,-54, 0.5, 0
-57,-67,-72,-63,-63,-58,-48,-54, 0.5, 0
-57,-67,-72,-63,-63,-58,-48,-54, 0.5, 0
-57,-67,-72,-63,-63,-58,-48,-54, 0.5, 0
-57,-67,-72,-63,-63,-58,-48,-54, 0.5, 0
-57,-67,-72,-63,-63,-58,-48,-54, 0.5, 0
-57,-67,-72,-63,-63,-58,-48,-54, 0.5, 0
-57,-67,-72,-63,-63,-58,-48,-54, 0.5, 0
-57,-67,-72,-63,-63,-58,-48,-54, 0.5, 0
-57,-67,-72,-63,-63,-58,-48,-54, 0.5, 0
-57,-67,-72,-63,-63,-58,-48,-54, 0.5, 0
-57,-67,-72,-63,-63,-58,-48,-54, 0.5, 0
-57,-67,-72,-63,-63,-58,-48,-54, 0.5, 0
-57,-67,-72,-63,-63,-58,-48,-54, 0.5, 0
-57,-67,-72,-63,-63,-58,-48,-54, 0.5, 0
-57,-67,-72,-63,-63,-58,-48,-54, 0.5, 0
-57,-67,-72,-63,-63,-58,-48,-54, 0.5, 0
-57,-67,-72,-63,-63,-58,-48,-54, 0.5, 0
-57,-67,-72,-63,-63,-58,-48,-54, 0.5, 0
-57,-67,-72,-63,-63,-58,-48,-54, 0.5, 0
-57,-67,-72,-63,-63,-58,-48,-54, 0.5, 0
-57,-67,-72,-63,-63,-58,-48,-54, 0.5, 0
-57,-67,-72,-63,-63,-58,-48,-54, 0.5, 0
-57,-67,-72,-63,-63,-58,-48,-54, 0.5, 0
-57,-67,-72,-63,-63,-58,-48,-54, 0.5, 0
-57,-67,-72,-63,-63,-58,-48,-54, 0.5, 0
-57,-67,-72,-63,-63,-58,-48,-54, 0.5, 0
-57,-67,-72,-63,-63,-58,-48,-54, 0.5, 0
-57,-67,-72,-63,-63,-58,-48,-54, 0.5, 0
-57,-67,-72,-63,-63,-58,-48,-54, 0.5, 0
-57,-67,-72,-63,-63,-58,-48,-54, 0.5, 0
-57,-67,-72,-63,-63,-58,-48,-54, 0.5, 0
-57,-67,-72,-63,-63,-58,-48,-54, 0.5, 0
-57,-67,-72,-63,-63,-58,-48,-54, 0.5, 0
-57,-67,-72,-63,-63,-58,-48,-54, 0.5, 0
-57,-67,-72,-63,-63,-58,-48,-54, 0.5, 0
-57,-67,-72,-63,-63,-58,-48,-54, 0.5, 0
-57,-67,-72,-63,-63,-58,-48,-54, 0.5, 0
-57,-67,-72,-63,-63,-58,-48,-54, 0.5, 0
-57,-67,-72,-63,-63,-58,-48,-54, 0.5, 0
-57,-67,-72,-63,-63,-58,-48,-54, 0.5, 0
-57,-67,-72,-63,-63,-58,-48,-54, 0.5, 0
-57,-67,-72,-63,-63,-58,-48,-54, 0.5, 0
-57,-67,-72,-63,-63,-58,-48,-54, 0.5, 0
-57,-67,-72,-63,-63,-58,-48,-54, 0.5, 0
-57,-67,-72,-63,-63,-58,-48,-54, 0.5, 0
-57,-67,-72,-63,-63,-58,-48,-54, 0.5, 0
-57,-67,-72,-63,-63,-58,-48,-54, 0.5, 0
-57,-67,-72,-63,-63,-58,-48,-54, 0.5, 0
-57,-67,-72,-63,-63,-58,-48,-54, 0.5, 0
-57,-67,-72,-63,-63,-58,-48,-54, 0.5, 0
-57,-67,-72,-63,-63,-58,-48,-54, 0.5, 0
-57,-67,-72,-63,-63,-58,-48,-54, 0.5, 0
-57,-67,-72,-63,-63,-58,-48,-54, 0.5, 0
-57,-67,-72,-63,-63,-58,-48,-54, 0.5, 0
-57,-67,-72,-63,-63,-58,-48,-54, 0.5, 0
-57,-67,-72,-63,-63,-58,-48,-54, 0.5, 0
-57,-67,-72,-63,-63,-58,-48,-54, 0.5, 0
-57,-67,-72,-63,-63,-58,-48,-54, 0.5, 0
-57,-67,-72,-63,-63,-58,-48,-54, 0.5, 0
-57,-67,-72,-63,-63,-58,-48,-54, 0.5, 0
-57,-67,-72,-63,-63,-58,-48,-54, 0.5, 0
-57,-67,-72,-63,-63,-58,-48,-54, 0.5, 0
-57,-67,-72,-63,-63,-58,-48,-54, 0.5, 0
-57,-67,-72,-63,-63,-58,-48,-54, 0.5, 0
-57,-67,-72,-63,-63,-58,-48,-54, 0.5, 0
-57,-67,-72,-63,-63,-58,-48,-54, 0.5, 0
-57,-67,-72,-63,-63,-58,-48,-54, 0.5, 0
-57,-67,-72,-63,-63,-58,-48,-54, 0.5, 0
-57,-67,-72,-63,-63,-58,-48,-54, 0.5, 0
-57,-67,-72,-63,-63,-58,-48,-54, 0.5, 0
-57,-67,-72,-63,-58,-58,-48,-54, 0.5, 0
-57,-67,-72,-63,-58,-58,-48,-54, 0.5, 0
-57,-67,-72,-63,-58,-58,-48,-54, 0.5, 0
-57,-67,-72,-63,-58,-58,-48,-54, 0.5, 0
-57,-67,-72,-63,-58,-58,-48,-54, 0.5, 0
-57,-67,-72,-63,-58,-58,-48,-54, 0.5, 0
-57,-67,-72,-63,-58,-58,-48,-54, 0.5, 0
-57,-67,-72,-63,-58,-58,-48,-54, 0.5, 0
-57,-67,-72,-63,-58,-58,-48,-54, 0.5, 0
-57,-67,-72,-63,-58,-58,-48,-54, 0.5, 0
-57,-67,-72,-63,-58,-58,-48,-54, 0.5, 0
-57,-67,-72,-63,-58,-58,-48,-54, 0.5, 0
-57,-67,-72,-63,-58,-58,-48,-54, 0.5, 0
-57,-67,-72,-63,-58,-58,-48,-54, 0.5, 0
-57,-67,-72,-63,-58,-58,-48,-54, 0.5, 0
-57,-67,-72,-63,-58,-58,-48,-54, 0.5, 0
-57,-67,-72,-63,-58,-58,-48,-54, 0.5, 0
-57,-67,-72,-63,-58,-58,-48,-54, 0.5, 0
-57,-67,-72,-63,-58,-58,-48,-54, 0.5, 0
-57,-67,-72,-63,-58,-58,-48,-54, 0.5, 0
-57,-67,-72,-63,-58,-58,-48,-54, 0.5, 0
-57,-67,-72,-63,-58,-58,-48,-54, 0.5, 0
-57,-67,-72,-63,-58,-58,-48,-54, 0.5, 0
-57,-67,-72,-63,-58,-58,-48,-54, 0.5, 0
-57,-67,-72,-63,-58,-58,-48,-54, 0.5, 0
-57,-67,-72,-63,-58,-58,-48,-54, 0.5, 0
-57,-67,-72,-63,-58,-58,-48,-54, 0.5, 0
-57,-67,-72,-63,-58,-58,-48,-54, 0.5, 0
-57,-67,-72,-63,-58,-58,-48,-54, 0.5, 0
-57,-67,-72,-63,-58,-58,-48,-54, 0.5, 0
-57,-67,-72,-63,-58,-58,-48,-54, 0.5, 0
-57,-67,-72,-63,-58,-58,-48,-54, 0.5, 0
-57,-67,-72,-63,-58,-58,-48,-54, 0.5, 0
-57,-67,-72,-63,-58,-58,-48,-54, 0.5, 0
-57,-67,-72,-63,-58,-58,-48,-54, 0.5, 0
-57,-67,-72,-63,-58,-58,-48,-54, 0.5, 0
-57,-67,-72,-63,-58,-58,-48,-54, 0.5, 0
-57,-67,-72,-63,-58,-58,-48,-54, 0.5, 0
-57,-67,-72,-63,-58,-58,-48,-54, 0.5, 0
-57,-67,-72,-63,-58,-58,-48,-54, 0.5, 0
-57,-67,-72,-63,-58,-58,-48,-54, 0.5, 0
-57,-67,-72,-63,-58,-58,-48,-54, 0.5, 0
-57,-67,-72,-63,-58,-58,-48,-54, 0.5, 0
-57,-67,-72,-63,-58,-58,-48,-54, 0.5, 0
-57,-67,-72,-63,-58,-58,-48,-54, 0.5, 0
-57,-67,-72,-63,-58,-58,-48,-54, 0.5, 0
-57,-67,-72,-63,-58,-58,-48,-54, 0.5, 0
-57,-67,-72,-63,-58,-58,-48,-54, 0.5, 0
-57,-67,-72,-63,-58,-58,-48,-54, 0.5, 0
-57,-67,-72,-63,-58,-58,-48,-54, 0.5, 0
-57,-67,-72,-63,-58,-58,-48,-54, 0.5, 0
-57,-67,-72,-63,-58,-58,-48,-54, 0.5, 0
-57,-67,-72,-63,-58,-58,-48,-54, 0.5, 0
-57,-67,-72,-63,-58,-58,-48,-54, 0.5, 0
-57,-67,-72,-63,-58,-58,-48,-54, 0.5, 0
-57,-67,-72,-63,-58,-58,-48,-54, 0.5, 0
-57,-67,-72,-63,-58,-58,-48,-54, 0.5, 0
-57,-67,-72,-63,-58,-58,-48,-54, 0.5, 0
-57,-67,-72,-63,-58,-58,-48,-54, 0.5, 0
-57,-67,-72,-63,-58,-58,-48,-54, 0.5, 0
-57,-67,-72,-63,-58,-58,-48,-54, 0.5, 0
-57,-67,-72,-63,-58,-58,-48,-54, 0.5, 0
-57,-67,-72,-63,-58,-58,-48,-54, 0.5, 0
-57,-67,-72,-63,-58,-58,-48,-54, 0.5, 0
-57,-67,-72,-63,-58,-58,-48,-54, 0.5, 0
-57,-67,-72,-63,-58,-58,-48,-54, 0.5, 0
-57,-67,-72,-63,-58,-58,-48,-54, 0.5, 0
-57,-67,-72,-63,-58,-58,-48,-54, 0.5, 0
-57,-67,-72,-63,-58,-58,-48,-54, 0.5, 0
-57,-67,-72,-63,-58,-58,-48,-54, 0.5, 0
-57,-67,-72,-63,-58,-58,-48,-54, 0.5, 0
-57,-67,-72,-63,-58,-58,-48,-54, 0.5, 0
-57,-67,-72,-63,-58,-58,-48,-54, 0.5, 0
-57,-67,-72,-63,-58,-58,-48,-54, 0.5, 0
-57,-67,-72,-63,-58,-58,-48,-54, 0.5, 0
-57,-67,-72,-63,-58,-58,-48,-54, 0.5, 0
-57,-67,-72,-63,-58,-58,-48,-54, 0.5, 0
-57,-67,-72,-63,-58,-58,-48,-54, 0.5, 0
-57,-67,-72,-63,-58,-58,-48,-54, 0.5, 0
-57,-67,-72,-63,-58,-58,-48,-54, 0.5, 0
-57,-67,-72,-63,-58,-58,-48,-54, 0.5, 0
-57,-67,-72,-63,-58,-58,-48,-54, 0.5, 0
-57,-67,-72,-63,-58,-58,-48,-54, 0.5, 0
-57,-67,-72,-63,-58,-58,-48,-54, 0.5, 0
-57,-67,-72,-63,-58,-58,-48,-54, 0.5, 0
-57,-67,-72,-63,-58,-58,-48,-54, 0.5, 0
-57,-67,-72,-63,-58,-58,-48,-54, 0.5, 0
-57,-67,-72,-63,-58,-58,-48,-54, 0.5, 0
-57,-67,-72,-63,-58,-58,-48,-54, 0.5, 0
-57,-67,-72,-63,-58,-58,-48,-54, 0.5, 0
-57,-67,-72,-63,-58,-58,-48,-54, 0.5, 0
-57,-67,-72,-63,-58,-58,-48,-54, 0.5, 0
-57,-67,-72,-63,-58,-58,-48,-54, 0.5, 0
-57,-67,-72,-63,-58,-58,-48,-54, 0.5, 0
-57,-67,-72,-63,-58,-58,-48,-54, 0.5, 0
-57,-67,-72,-63,-58,-58,-48,-54, 0.5, 0
-57,-67,-72,-63,-58,-58,-48,-54, 0.5, 0
-57,-67,-72,-63,-58,-58,-48,-54, 0.5, 0
-57,-67,-72,-63,-58,-58,-48,-54, 0.5, 0
-57,-67,-72,-63,-58,-58,-48,-54, 0.5, 0
-57,-67,-72,-63,-58,-58,-48,-54, 0.5, 0
-57,-67,-72,-63,-58,-58,-48,-54, 0.5, 0
-57,-67,-72,-63,-58,-58,-48,-54, 0.5, 0
-57,-67,-72,-63,-58,-58,-48,-54, 0.5, 0
-57,-67,-72,-63,-58,-58,-48,-54, 0.5, 0
-57,-67,-72,-63,-58,-58,-48,-54, 0.5, 0
-57,-67,-72,-63,-58,-58,-48,-54, 0.5, 0
-57,-67,-72,-63,-58,-58,-48,-54, 0.5, 0
-57,-67,-72,-63,-58,-58,-48,-54, 0.5, 0
-57,-67,-72,-63,-58,-58,-48,-54, 0.5, 0
-57,-67,-72,-63,-58,-58,-48,-54, 0.5, 0
-57,-67,-72,-63,-58,-58,-48,-54, 0.5, 0
-57,-67,-72,-63,-58,-58,-48,-54, 0.5, 0
-57,-67,-72,-63,-58,-58,-48,-54, 0.5, 0
-57,-67,-72,-63,-58,-58,-48,-54, 0.5, 0
-57,-67,-72,-63,-58,-58,-48,-54, 0.5, 0
-57,-67,-72,-63,-58,-58,-48,-54, 0.5, 0
-57,-67,-72,-63,-58,-58,-48,-54, 0.5, 0
-57,-67,-72,-63,-58,-58,-48,-54, 0.5, 0
-57,-67,-72,-63,-58,-58,-48,-54, 0.5, 0
-57,-67,-72,-63,-58,-58,-48,-54, 0.5, 0
-57,-67,-72,-63,-58,-58,-48,-54, 0.5, 0
-57,-67,-72,-63,-58,-58,-48,-54, 0.5, 0
-57,-67,-72,-63,-58,-58,-48,-54, 0.5, 0
-57,-67,-72,-63,-58,-58,-48,-54, 0.5, 0
-57,-67,-72,-63,-58,-58,-48,-54, 0.5, 0
-57,-67,-72,-63,-58,-58,-48,-54, 0.5, 0
-57,-67,-72,-63,-58,-58,-48,-54, 0.5, 0
-57,-67,-72,-63,-58,-58,-48,-54, 0.5, 0
-57,-67,-72,-63,-58,-58,-48,-54, 0.5, 0
-57,-67,-72,-63,-58,-58,-48,-54, 0.5, 0
-57,-67,-72,-63,-58,-58,-48,-54, 0.5, 0
-57,-67,-72,-63,-58,-58,-48,-54, 0.5, 0
-57,-67,-72,-63,-58,-58,-48,-54, 0.5, 0
-57,-67,-72,-63,-58,-58,-48,-54, 0.5, 0
-57,-67,-72,-63,-58,-58,-48,-54, 0.5, 0
-57,-67,-72,-63,-58,-58,-48,-54, 0.5, 0
-57,-67,-72,-63,-58,-58,-48,-54, 0.5, 0
-57,-67,-72,-63,-58,-58,-48,-54, 0.5, 0
-57,-67,-72,-63,-58,-58,-48,-54, 0.5, 0
-57,-67,-72,-63,-58,-58,-48,-54, 0.5, 0
-57,-67,-72,-63,-58,-58,-48,-54, 0.5, 0
-57,-67,-72,-63,-58,-58,-48,-54, 0.5, 0
-57,-67,-72,-63,-58,-58,-48,-54, 0.5, 0
-57,-67,-72,-63,-58,-58,-48,-54, 0.5, 0
-57,-67,-72,-63,-58,-58,-48,-54, 0.5, 0
-57,-67,-72,-63,-58,-58,-48,-54, 0.5, 0
-57,-67,-72,-63,-58,-58,-48,-54, 0.5, 0
-57,-67,-72,-63,-58,-58,-48,-54, 0.5, 0
-57,-67,-72,-63,-58,-58,-48,-54, 0.5, 0
-57,-67,-72,-63,-58,-58,-48,-54, 0.5, 0
-57,-67,-72,-63,-58,-58,-48,-54, 0.5, 0
-57,-67,-72,-63,-58,-58,-48,-54, 0.5, 0
-57,-67,-72,-63,-58,-58,-48,-54, 0.5, 0
-57,-67,-72,-63,-58,-58,-48,-54, 0.5, 0
-57,-67,-72,-63,-58,-58,-48,-54, 0.5, 0
-57,-67,-72,-63,-58,-58,-48,-54, 0.5, 0
-57,-67,-72,-63,-58,-58,-48,-54, 0.5, 0
-57,-67,-72,-63,-58,-58,-48,-54, 0.5, 0
-57,-67,-72,-63,-58,-58,-48,-54, 0.5, 0
-57,-67,-72,-63,-58,-58,-48,-54, 0.5, 0
-57,-67,-72,-63,-58,-58,-48,-54, 0.5, 0
-57,-67,-72,-63,-58,-58,-48,-54, 0.5, 0
-57,-67,-72,-63,-58,-58,-48,-54, 0.5, 0
-57,-67,-72,-63,-58,-58,-48,-54, 0.5, 0
-57,-58,-72,-63,-58,-58,-48,-54, 0.5, 0
-57,-58,-72,-63,-58,-58,-48,-54, 0.5, 0
-57,-58,-72,-63,-58,-58,-48,-54, 0.5, 0
-57,-58,-72,-63,-58,-58,-48,-54, 0.5, 0
-57,-58,-72,-63,-58,-58,-48,-54, 0.5, 0
-57,-58,-72,-63,-58,-58,-48,-54, 0.5, 0
-57,-58,-72,-63,-58,-58,-48,-54, 0.5, 0
-57,-58,-72,-63,-58,-58,-48,-54, 0.5, 0
-57,-58,-72,-63,-58,-58,-48,-54, 0.5, 0
-57,-58,-72,-63,-58,-58,-48,-54, 0.5, 0
-57,-58,-72,-63,-58,-58,-48,-54, 0.5, 0
-57,-58,-72,-63,-58,-58,-48,-54, 0.5, 0
-57,-58,-72,-63,-58,-58,-48,-54, 0.5, 0
-57,-58,-72,-63,-58,-58,-48,-54, 0.5, 0
-57,-58,-72,-63,-58,-58,-48,-54, 0.5, 0
-57,-58,-72,-63,-58,-58,-48,-54, 0.5, 0
-57,-58,-72,-63,-58,-58,-48,-54, 0.5, 0
-57,-58,-72,-63,-58,-58,-48,-54, 0.5, 0
-57,-58,-72,-63,-58,-58,-48,-54, 0.5, 0
-57,-58,-72,-63,-58,-58,-48,-54, 0.5, 0
-57,-58,-72,-63,-58,-58,-48,-54, 0.5, 0
-57,-58,-72,-63,-58,-58,-48,-54, 0.5, 0
-57,-58,-72,-63,-58,-58,-48,-54, 0.5, 0
-57,-58,-72,-63,-58,-58,-48,-54, 0.5, 0
-57,-58,-72,-63,-58,-58,-48,-54, 0.5, 0
-57,-58,-72,-63,-58,-58,-48,-54, 0.5, 0
-57,-58,-72,-63,-58,-58,-48,-54, 0.5, 0
-57,-58,-72,-63,-58,-58,-48,-54, 0.5, 0
-57,-58,-72,-63,-58,-58,-48,-54, 0.5, 0
-57,-58,-72,-63,-58,-58,-48,-54, 0.5, 0
-57,-58,-72,-63,-58,-58,-48,-54, 0.5, 0
-57,-58,-72,-63,-58,-58,-48,-54, 0.5, 0
-57,-58,-72,-63,-58,-58,-48,-54, 0.5, 0
-57,-58,-72,-63,-58,-58,-48,-54, 0.5, 0
-57,-58,-72,-63,-58,-58,-48,-54, 0.5, 0
-57,-58,-72,-63,-58,-58,-48,-54, 0.5, 0
-57,-58,-72,-63,-58,-58,-48,-54, 0.5, 0
-57,-58,-72,-63,-58,-58,-48,-54, 0.5, 0
-57,-58,-72,-63,-58,-58,-48,-54, 0.5, 0
-57,-58,-72,-63,-58,-58,-48,-54, 0.5, 0
-57,-58,-72,-63,-58,-58,-48,-54, 0.5, 0
-57,-58,-72,-63,-58,-58,-48,-54, 0.5, 0
-57,-58,-72,-63,-58,-58,-48,-54, 0.5, 0
-57,-58,-72,-63,-58,-58,-48,-54, 0.5, 0
-57,-58,-72,-63,-58,-58,-48,-54, 0.5, 0
-57,-58,-72,-63,-58,-58,-48,-54, 0.5, 0
-57,-58,-72,-63,-58,-58,-48,-54, 0.5, 0
-57,-58,-72,-63,-58,-58,-48,-54, 0.5, 0
-57,-58,-72,-63,-58,-58,-48,-54, 0.5, 0
-57,-58,-72,-63,-58,-58,-48,-54, 0.5, 0
-57,-58,-72,-63,-58,-58,-48,-54, 0.5, 0
-57,-58,-72,-63,-58,-58,-48,-54, 0.5, 0
-57,-58,-72,-63,-58,-58,-48,-54, 0.5, 0
-57,-58,-72,-63,-58,-58,-48,-54, 0.5, 0
-57,-58,-72,-63,-58,-58,-48,-54, 0.5, 0
-57,-58,-72,-63,-58,-58,-48,-54, 0.5, 0
-57,-58,-72,-63,-58,-58,-48,-54, 0.5, 0
-57,-58,-72,-63,-58,-58,-48,-54, 0.5, 0
-57,-58,-72,-63,-58,-58,-48,-54, 0.5, 0
-57,-58,-72,-63,-58,-58,-48,-54, 0.5, 0
-57,-58,-72,-63,-58,-58,-48,-54, 0.5, 0
-57,-58,-72,-63,-58,-58,-48,-54, 0.5, 0
-57,-58,-72,-63,-58,-58,-48,-54, 0.5, 0
-57,-58,-72,-63,-58,-58,-48,-54, 0.5, 0
-57,-58,-72,-63,-58,-58,-48,-54, 0.5, 0
-57,-58,-72,-63,-58,-58,-48,-54, 0.5, 0
-57,-58,-72,-63,-58,-58,-48,-54, 0.5, 0
-57,-58,-72,-63,-58,-58,-48,-54, 0.5, 0
-57,-58,-72,-63,-58,-58,-48,-54, 0.5, 0
-57,-58,-72,-63,-58,-58,-50,-54, 0.5, 0
-57,-58,-72,-63,-58,-58,-50,-54, 0.5, 0
-57,-58,-72,-63,-58,-58,-50,-54, 0.5, 0
-57,-58,-72,-63,-58,-58,-50,-54, 0.5, 0
-57,-58,-72,-63,-58,-58,-50,-54, 0.5, 0
-57,-58,-72,-63,-58,-58,-50,-54, 0.5, 0
-57,-58,-72,-63,-58,-58,-50,-54, 0.5, 0
-57,-58,-72,-63,-58,-58,-50,-54, 0.5, 0
-57,-58,-72,-63,-58,-58,-50,-54, 0.5, 0
-57,-58,-72,-63,-58,-58,-50,-54, 0.5, 0
-56,-58,-72,-63,-58,-58,-50,-54, 0.5, 0