-60,-62,-64,-67,-58,-58,-47,-66, 1, 0
-67,-62,-64,-67,-58,-58,-47,-66, 1, 0
-67,-62,-64,-67,-58,-58,-47,-66, 1, 0
-67,-62,-64,-67,-58,-58,-47,-66, 1, 0
-67,-62,-64,-67,-58,-58,-47,-66, 1, 0
-67,-62,-64,-67,-58,-58,-47,-66, 1, 0
-67,-62,-64,-67,-58,-58,-47,-66, 1, 0
-67,-62,-64,-67,-58,-58,-47,-66, 1, 0
-67,-62,-64,-67,-58,-58,-47,-66, 1, 0
-67,-62,-64,-67,-58,-58,-47,-66, 1, 0
-67,-62,-64,-67,-58,-58,-47,-66, 1, 0
-67,-62,-64,-67,-58,-58,-47,-66, 1, 0
-67,-62,-64,-67,-58,-58,-47,-66, 1, 0
-67,-62,-64,-67,-58,-58,-47,-66, 1, 0
-67,-62,-64,-67,-58,-58,-47,-66, 1, 0
-67,-62,-64,-67,-58,-58,-47,-66, 1, 0
-67,-62,-64,-67,-58,-58,-47,-66, 1, 0
-67,-62,-64,-67,-58,-58,-47,-66, 1, 0
-67,-62,-64,-67,-58,-58,-47,-66, 1, 0
-67,-62,-64,-67,-58,-58,-47,-66, 1, 0
-67,-62,-64,-67,-58,-58,-47,-66, 1, 0
-67,-62,-64,-67,-58,-58,-47,-66, 1, 0
-67,-62,-64,-67,-58,-58,-47,-66, 1, 0
-67,-62,-64,-67,-58,-58,-47,-66, 1, 0
-67,-62,-64,-67,-58,-58,-47,-66, 1, 0
-67,-62,-64,-67,-58,-58,-47,-66, 1, 0
-67,-62,-64,-67,-58,-58,-47,-66, 1, 0
-67,-62,-64,-67,-58,-58,-47,-66, 1, 0
-67,-62,-64,-67,-58,-58,-47,-66, 1, 0
-67,-62,-64,-67,-58,-58,-47,-66, 1, 0
-67,-62,-64,-67,-58,-58,-47,-66, 1, 0
-67,-62,-64,-67,-58,-58,-47,-66, 1, 0
-67,-62,-64,-67,-58,-58,-47,-66, 1, 0
-67,-62,-64,-67,-58,-58,-47,-66, 1, 0
-67,-62,-64,-67,-58,-58,-47,-66, 1, 0
-67,-62,-64,-67,-58,-58,-47,-66, 1, 0
-67,-62,-64,-67,-58,-58,-47,-66, 1, 0
-67,-62,-64,-67,-58,-58,-47,-66, 1, 0
-67,-62,-64,-67,-58,-58,-47,-66, 1, 0
-67,-62,-64,-67,-58,-58,-47,-66, 1, 0
-67,-62,-64,-67,-58,-58,-47,-66, 1, 0
-67,-62,-64,-67,-58,-58,-47,-66, 1, 0
-67,-62,-64,-67,-58,-58,-47,-66, 1, 0
-67,-62,-64,-67,-58,-58,-47,-66, 1, 0
-67,-62,-64,-67,-58,-58,-47,-66, 1, 0
-67,-62,-64,-67,-58,-58,-47,-66, 1, 0
-67,-62,-64,-67,-58,-58,-47,-66, 1, 0
-67,-62,-64,-67,-58,-58,-47,-66, 1, 0
-67,-62,-64,-67,-58,-58,-47,-66, 1, 0
-67,-62,-64,-67,-58,-58,-47,-66, 1, 0
-67,-57,-64,-67,-58,-58,-47,-66, 1, 0
-67,-57,-64,-67,-58,-58,-47,-66, 1, 0
-67,-57,-64,-67,-58,-58,-47,-66, 1, 0
-67,-57,-64,-67,-58,-58,-47,-66, 1, 0
-67,-57,-64,-67,-58,-58,-47,-66, 1, 0
-67,-57,-64,-67,-58,-58,-47,-66, 1, 0
-67,-57,-64,-67,-58,-58,-47,-66, 1, 0
-67,-57,-64,-67,-58,-58,-47,-66, 1, 0
-67,-57,-64,-67,-58,-58,-47,-66, 1, 0
-67,-57,-64,-67,-58,-58,-47,-66, 1, 0
-67,-57,-64,-67,-58,-58,-47,-66, 1, 0
-67,-57,-64,-67,-58,-58,-47,-66, 1, 0
-67,-57,-64,-67,-58,-58,-47,-66, 1, 0
-67,-57,-64,-67,-58,-58,-47,-66, 1, 0
-67,-57,-64,-67,-58,-58,-47,-66, 1, 0
-67,-57,-64,-67,-58,-58,-47,-66, 1, 0
-67,-57,-64,-67,-58,-58,-47,-66, 1, 0
-67,-57,-64,-67,-58,-58,-47,-66, 1, 0
-67,-57,-64,-67,-58,-58,-47,-66, 1, 0
-67,-57,-64,-67,-58,-58,-47,-66, 1, 0
-67,-57,-64,-67,-58,-58,-47,-66, 1, 0
-67,-57,-64,-67,-58,-58,-47,-66, 1, 0
-67,-57,-64,-67,-58,-58,-47,-66, 1, 0
-67,-57,-64,-67,-58,-58,-47,-66, 1, 0
-67,-57,-64,-67,-58,-58,-47,-66, 1, 0
-67,-57,-64,-67,-58,-58,-47,-66, 1, 0
-67,-57,-64,-67,-58,-58,-47,-66, 1, 0
-67,-57,-64,-67,-58,-58,-47,-66, 1, 0
-67,-57,-64,-67,-58,-58,-47,-66, 1, 0
-67,-57,-64,-67,-58,-58,-47,-66, 1, 0
-67,-57,-64,-67,-58,-58,-47,-66, 1, 0
-67,-57,-64,-67,-58,-58,-47,-66, 1, 0
-67,-57,-64,-67,-58,-58,-47,-66, 1, 0
-67,-57,-64,-67,-58,-58,-47,-66, 1, 0
-67,-57,-64,-67,-58,-58,-47,-66, 1, 0
-67,-57,-64,-67,-58,-58,-47,-66, 1, 0
-67,-57,-64,-67,-58,-58,-47,-66, 1, 0
-67,-57,-64,-67,-58,-58,-47,-66, 1, 0
-67,-57,-64,-67,-58,-58,-47,-66, 1, 0
-67,-57,-64,-67,-58,-58,-47,-66, 1, 0
-67,-57,-64,-67,-58,-58,-47,-66, 1, 0
-67,-57,-64,-67,-58,-58,-47,-66, 1, 0
-67,-57,-64,-65,-58,-58,-47,-66, 1, 0
-67,-57,-64,-65,-58,-58,-47,-66, 1, 0
-67,-57,-64,-65,-58,-58,-47,-66, 1, 0
-67,-57,-64,-65,-58,-58,-47,-66, 1, 0
-67,-57,-64,-65,-58,-58,-47,-66, 1, 0
-67,-57,-64,-65,-58,-58,-47,-66, 1, 0
-67,-57,-64,-65,-58,-58,-47,-66, 1, 0
-67,-57,-64,-65,-58,-58,-47,-66, 1, 0
-67,-57,-64,-65,-58,-58,-47,-66, 1, 0
-67,-57,-64,-65,-58,-58,-47,-66, 1, 0
-67,-57,-64,-65,-58,-58,-47,-66, 1, 0
-67,-57,-64,-65,-58,-58,-47,-66, 1, 0
-67,-57,-64,-65,-58,-58,-47,-66, 1, 0
-67,-57,-64,-65,-58,-58,-47,-66, 1, 0
-67,-57,-64,-65,-58,-58,-47,-66, 1, 0
-67,-57,-64,-65,-58,-58,-47,-66, 1, 0
-67,-57,-64,-65,-58,-58,-47,-66, 1, 0
-67,-57,-64,-65,-58,-58,-47,-66, 1, 0
-67,-57,-64,-65,-58,-58,-47,-66, 1, 0
-67,-57,-64,-65,-58,-58,-47,-66, 1, 0
-67,-57,-64,-65,-58,-58,-47,-66, 1, 0
-67,-57,-64,-65,-58,-58,-47,-66, 1, 0
-67,-57,-64,-65,-58,-58,-47,-66, 1, 0
-67,-57,-64,-65,-58,-58,-47,-66, 1, 0
-67,-57,-64,-65,-58,-58,-47,-66, 1, 0
-67,-57,-64,-65,-58,-58,-47,-66, 1, 0
-67,-57,-64,-65,-58,-58,-47,-66, 1, 0
-67,-57,-64,-65,-58,-58,-47,-66, 1, 0
-67,-57,-64,-65,-58,-58,-47,-66, 1, 0
-67,-57,-64,-65,-58,-58,-47,-66, 1, 0
-67,-57,-64,-65,-58,-58,-47,-66, 1, 0
-67,-57,-64,-65,-58,-58,-47,-66, 1, 0
-67,-57,-64,-65,-58,-58,-47,-66, 1, 0
-67,-57,-64,-65,-58,-58,-47,-66, 1, 0
-67,-57,-64,-65,-58,-58,-47,-66, 1, 0
-67,-57,-64,-65,-58,-58,-55,-66, 1, 0
-67,-57,-64,-65,-58,-58,-55,-66, 1, 0
-67,-57,-64,-65,-58,-58,-55,-66, 1, 0
-67,-57,-64,-65,-58,-58,-55,-66, 1, 0
-67,-57,-64,-65,-58,-58,-55,-66, 1, 0
-67,-57,-64,-65,-58,-58,-55,-66, 1, 0
-67,-57,-64,-65,-69,-58,-55,-66, 1, 0
-67,-57,-64,-65,-69,-58,-55,-66, 1, 0
-67,-57,-64,-65,-69,-58,-55,-66, 1, 0
-67,-57,-64,-65,-69,-58,-55,-66, 1, 0
-67,-57,-64,-65,-69,-58,-55,-66, 1, 0
-67,-57,-64,-65,-69,-58,-55,-66, 1, 0
-67,-57,-64,-65,-69,-58,-55,-66, 1, 0
-67,-57,-64,-65,-69,-58,-55,-66, 1, 0
-67,-57,-64,-65,-69,-58,-55,-66, 1, 0
-67,-57,-64,-65,-69,-58,-55,-66, 1, 0
-67,-57,-64,-65,-69,-58,-55,-66, 1, 0
-67,-57,-64,-65,-69,-58,-55,-66, 1, 0
-67,-57,-64,-65,-69,-58,-55,-66, 1, 0
-67,-57,-64,-65,-69,-58,-55,-66, 1, 0
-67,-57,-64,-65,-69,-58,-55,-66, 1, 0
-67,-57,-64,-65,-69,-58,-55,-66, 1, 0
-67,-57,-64,-65,-69,-58,-55,-66, 1, 0
-67,-57,-64,-65,-69,-58,-55,-66, 1, 0
-67,-57,-64,-65,-69,-58,-55,-66, 1, 0
-67,-57,-64,-65,-69,-58,-55,-66, 1, 0
-67,-57,-64,-65,-69,-58,-55,-66, 1, 0
-67,-57,-64,-65,-69,-58,-55,-66, 1, 0
-67,-57,-64,-65,-69,-58,-55,-66, 1, 0
-67,-57,-64,-65,-69,-58,-55,-66, 1, 0
-67,-57,-64,-65,-69,-58,-55,-66, 1, 0
-67,-57,-64,-65,-69,-50,-55,-66, 1, 0
-67,-57,-64,-65,-69,-50,-55,-66, 1, 0
-67,-57,-64,-65,-69,-50,-55,-66, 1, 0
-67,-57,-64,-65,-69,-50,-55,-66, 1, 0
-67,-57,-64,-65,-69,-50,-55,-66, 1, 0
-67,-57,-64,-65,-69,-50,-55,-66, 1, 0
-67,-57,-64,-65,-69,-50,-55,-66, 1, 0
-67,-57,-64,-65,-69,-50,-55,-66, 1, 0
-67,-57,-64,-65,-69,-50,-55,-66, 1, 0
-67,-57,-64,-65,-69,-50,-55,-66, 1, 0
-67,-57,-64,-65,-69,-50,-55,-66, 1, 0
-67,-57,-64,-65,-69,-50,-55,-66, 1, 0
-67,-57,-64,-65,-69,-50,-55,-66, 1, 0
-67,-57,-64,-65,-69,-50,-55,-66, 1, 0
-67,-57,-64,-65,-69,-50,-55,-66, 1, 0
-67,-57,-64,-65,-69,-50,-55,-66, 1, 0
-67,-57,-64,-65,-69,-50,-55,-66, 1, 0
-67,-57,-64,-65,-69,-50,-55,-66, 1, 0
-67,-57,-64,-65,-69,-50,-55,-66, 1, 0
-67,-57,-64,-65,-69,-50,-55,-66, 1, 0
-67,-57,-64,-65,-69,-50,-55,-66, 1, 0
-67,-57,-64,-65,-69,-50,-55,-66, 1, 0
-67,-57,-64,-65,-69,-50,-55,-66, 1, 0
-67,-57,-64,-65,-69,-50,-55,-66, 1, 0
-67,-57,-64,-65,-69,-50,-55,-66, 1, 0
-67,-57,-64,-65,-69,-50,-55,-66, 1, 0
-67,-57,-64,-65,-69,-50,-55,-66, 1, 0
-67,-57,-64,-65,-69,-50,-55,-66, 1, 0
-67,-57,-64,-65,-69,-50,-55,-66, 1, 0
-67,-57,-64,-65,-69,-50,-55,-66, 1, 0
-67,-57,-64,-65,-69,-50,-55,-66, 1, 0
-67,-57,-64,-65,-69,-50,-55,-66, 1, 0
-67,-57,-64,-65,-69,-50,-55,-66, 1, 0
-67,-57,-64,-65,-69,-50,-55,-66, 1, 0
-67,-57,-64,-65,-69,-50,-55,-66, 1, 0
-67,-57,-64,-65,-69,-50,-55,-66, 1, 0
-67,-57,-64,-65,-69,-50,-55,-66, 1, 0
-67,-57,-64,-65,-69,-50,-55,-66, 1, 0
-67,-57,-64,-65,-69,-50,-55,-66, 1, 0
-67,-57,-64,-65,-69,-50,-55,-66, 1, 0
-67,-57,-64,-65,-69,-50,-55,-66, 1, 0
-67,-57,-64,-65,-69,-50,-55,-66, 1, 0
-67,-57,-64,-65,-69,-50,-55,-66, 1, 0
-67,-57,-64,-65,-69,-50,-55,-66, 1, 0
-67,-57,-64,-65,-69,-50,-55,-66, 1, 0
-67,-57,-62,-65,-69,-50,-55,-66, 1, 0
-67,-57,-62,-65,-69,-50,-55,-66, 1, 0
-67,-57,-62,-65,-69,-50,-55,-66, 1, 0
-67,-57,-62,-65,-69,-50,-55,-66, 1, 0
-67,-57,-62,-65,-69,-50,-55,-66, 1, 0
-67,-57,-62,-65,-69,-50,-55,-66, 1, 0
-67,-57,-62,-65,-69,-50,-55,-66, 1, 0
-67,-57,-62,-65,-69,-50,-55,-66, 1, 0
-67,-57,-62,-65,-69,-50,-55,-66, 1, 0
-67,-57,-62,-65,-69,-50,-55,-66, 1, 0
-67,-57,-62,-65,-69,-50,-55,-66, 1, 0
-67,-57,-62,-65,-69,-50,-55,-66, 1, 0
-67,-57,-62,-65,-69,-50,-55,-66, 1, 0
-67,-57,-62,-65,-69,-50,-55,-66, 1, 0
-67,-57,-62,-65,-69,-50,-55,-66, 1, 0
-67,-57,-62,-65,-69,-50,-55,-66, 1, 0
-67,-57,-62,-65,-69,-50,-55,-66, 1, 0
-67,-57,-62,-65,-69,-50,-55,-66, 1, 0
-67,-57,-62,-65,-69,-50,-55,-66, 1, 0
-67,-57,-62,-65,-69,-50,-55,-66, 1, 0
-67,-57,-62,-65,-69,-50,-55,-66, 1, 0
-67,-57,-62,-65,-69,-50,-55,-66, 1, 0
-67,-57,-62,-65,-69,-50,-55,-66, 1, 0
-67,-57,-62,-65,-69,-50,-55,-66, 1, 0
-67,-57,-62,-65,-69,-50,-55,-66, 1, 0
-67,-57,-62,-65,-69,-50,-55,-66, 1, 0
-67,-57,-62,-65,-69,-50,-55,-66, 1, 0
-67,-57,-62,-65,-69,-50,-55,-66, 1, 0
-67,-57,-62,-65,-69,-50,-55,-66, 1, 0
-67,-57,-62,-65,-69,-50,-55,-63, 1, 0
-67,-57,-62,-65,-69,-50,-55,-63, 1, 0
-67,-57,-62,-65,-69,-50,-55,-63, 1, 0
-67,-57,-62,-65,-69,-50,-55,-63, 1, 0
-67,-57,-62,-65,-69,-50,-55,-63, 1, 0
-67,-57,-62,-65,-69,-50,-55,-63, 1, 0
-67,-57,-62,-65,-69,-50,-55,-63, 1, 0
-67,-57,-62,-65,-69,-50,-55,-63, 1, 0
-67,-57,-62,-65,-69,-50,-55,-63, 1, 0
-67,-57,-62,-65,-69,-50,-55,-63, 1, 0
-67,-57,-62,-65,-69,-50,-55,-63, 1, 0
-67,-57,-62,-65,-69,-50,-55,-63, 1, 0
-67,-57,-62,-65,-69,-50,-55,-63, 1, 0
-67,-57,-62,-65,-69,-50,-55,-63, 1, 0
-67,-57,-62,-65,-69,-50,-55,-63, 1, 0
-67,-57,-62,-65,-69,-50,-55,-63, 1, 0
-67,-57,-62,-65,-69,-50,-55,-63, 1, 0
-67,-57,-62,-65,-69,-50,-55,-63, 1, 0
-67,-57,-62,-65,-69,-50,-55,-63, 1, 0
-67,-57,-62,-65,-69,-50,-55,-63, 1, 0
-67,-57,-62,-65,-69,-50,-55,-63, 1, 0
-67,-57,-62,-65,-69,-50,-55,-63, 1, 0
-67,-57,-62,-65,-69,-50,-55,-63, 1, 0
-67,-57,-62,-65,-69,-50,-55,-63, 1, 0
-67,-57,-62,-65,-69,-50,-55,-63, 1, 0
-58,-57,-62,-65,-69,-50,-55,-63, 1, 0
-58,-57,-62,-65,-69,-50,-55,-63, 1, 0
-58,-57,-62,-65,-69,-50,-55,-63, 1, 0
-58,-57,-62,-65,-69,-50,-55,-63, 1, 0
-58,-57,-62,-65,-69,-50,-55,-63, 1, 0
-58,-57,-62,-65,-69,-50,-55,-63, 1, 0
-58,-57,-62,-65,-69,-50,-55,-63, 1, 0
-58,-57,-62,-65,-69,-50,-55,-63, 1, 0
-58,-57,-62,-65,-69,-50,-55,-63, 1, 0
-58,-57,-62,-65,-69,-50,-55,-63, 1, 0
-58,-57,-62,-65,-69,-50,-55,-63, 1, 0
-58,-57,-62,-65,-69,-50,-55,-63, 1, 0
-58,-57,-62,-65,-69,-50,-55,-63, 1, 0
-58,-57,-62,-65,-69,-50,-55,-63, 1, 0
-58,-57,-62,-65,-69,-50,-55,-63, 1, 0
-58,-57,-62,-65,-69,-50,-55,-63, 1, 0
-58,-57,-62,-65,-69,-50,-55,-63, 1, 0
-58,-57,-62,-65,-69,-50,-55,-63, 1, 0
-58,-57,-62,-65,-69,-50,-55,-63, 1, 0
-58,-57,-62,-65,-69,-50,-55,-63, 1, 0
-58,-57,-62,-65,-69,-50,-55,-63, 1, 0
-58,-57,-62,-65,-69,-50,-55,-63, 1, 0
-58,-57,-62,-65,-69,-50,-55,-63, 1, 0
-58,-57,-62,-65,-69,-50,-55,-63, 1, 0
-58,-57,-62,-65,-69,-50,-55,-63, 1, 0
-58,-57,-62,-65,-69,-50,-55,-63, 1, 0
-58,-57,-62,-65,-69,-50,-55,-63, 1, 0
-58,-57,-62,-65,-69,-50,-55,-63, 1, 0
-58,-57,-62,-65,-69,-50,-55,-63, 1, 0
-58,-57,-62,-65,-69,-50,-55,-63, 1, 0
-58,-57,-62,-65,-69,-50,-55,-63, 1, 0
-58,-57,-62,-65,-69,-50,-55,-63, 1, 0
-58,-57,-62,-65,-69,-50,-55,-63, 1, 0
-58,-57,-62,-65,-69,-50,-55,-63, 1, 0
-58,-57,-62,-65,-69,-50,-55,-63, 1, 0
-58,-57,-62,-65,-69,-50,-55,-63, 1, 0
-58,-57,-62,-65,-69,-50,-55,-63, 1, 0
-58,-57,-62,-65,-69,-50,-55,-63, 1, 0
-58,-57,-62,-65,-69,-50,-55,-63, 1, 0
-58,-57,-62,-65,-69,-50,-55,-63, 1, 0
-58,-57,-62,-65,-69,-50,-55,-63, 1, 0
-58,-57,-62,-65,-69,-50,-55,-63, 1, 0
-58,-57,-62,-65,-69,-50,-55,-63, 1, 0
-58,-57,-62,-65,-69,-50,-55,-63, 1, 0
-58,-57,-62,-65,-69,-50,-55,-63, 1, 0
-58,-57,-62,-65,-69,-50,-55,-63, 1, 0
-58,-57,-62,-65,-69,-50,-55,-63, 1, 0
-58,-57,-62,-65,-69,-50,-55,-63, 1, 0
-58,-57,-62,-65,-69,-50,-55,-63, 1, 0
-58,-57,-62,-65,-69,-50,-55,-63, 1, 0
-58,-57,-62,-65,-69,-50,-55,-63, 1, 0
-58,-57,-62,-65,-69,-50,-55,-63, 1, 0
-58,-57,-62,-65,-69,-50,-55,-63, 1, 0
-58,-57,-62,-65,-69,-50,-55,-63, 1, 0
-58,-57,-62,-65,-69,-50,-55,-63, 1, 0
-58,-57,-62,-65,-69,-50,-55,-63, 1, 0
-58,-57,-62,-65,-69,-50,-55,-63, 1, 0
-58,-57,-62,-65,-69,-50,-55,-63, 1, 0
-58,-57,-62,-65,-69,-50,-55,-63, 1, 0
-58,-57,-62,-65,-69,-50,-55,-63, 1, 0
-58,-57,-62,-65,-69,-50,-55,-63, 1, 0
-58,-57,-62,-65,-69,-50,-55,-63, 1, 0
-58,-57,-62,-65,-69,-50,-55,-63, 1, 0
-58,-57,-62,-65,-69,-50,-55,-63, 1, 0
-58,-57,-62,-65,-69,-50,-55,-63, 1, 0
-58,-57,-62,-65,-69,-50,-55,-63, 1, 0
-58,-57,-62,-65,-69,-50,-55,-63, 1, 0
-58,-57,-62,-65,-69,-50,-55,-63, 1, 0
-58,-57,-62,-65,-69,-50,-55,-63, 1, 0
-58,-57,-62,-65,-69,-50,-55,-63, 1, 0
-58,-57,-62,-65,-69,-50,-55,-63, 1, 0
-58,-57,-62,-65,-69,-50,-55,-63, 1, 0
-58,-57,-62,-65,-69,-50,-55,-63, 1, 0
-58,-57,-62,-65,-69,-50,-55,-63, 1, 0
-58,-57,-62,-65,-69,-50,-55,-63, 1, 0
-58,-57,-62,-66,-69,-50,-55,-63, 1, 0
-58,-57,-62,-66,-69,-50,-55,-63, 1, 0
-58,-57,-62,-66,-69,-50,-55,-63, 1, 0
-58,-57,-62,-66,-69,-50,-55,-63, 1, 0
-58,-57,-62,-66,-69,-50,-55,-63, 1, 0
-58,-57,-62,-66,-69,-50,-55,-63, 1, 0
-58,-57,-62,-66,-69,-50,-55,-63, 1, 0
-58,-57,-62,-66,-69,-50,-55,-63, 1, 0
-58,-57,-62,-66,-69,-50,-55,-63, 1, 0
-58,-57,-62,-66,-69,-50,-55,-63, 1, 0
-58,-57,-62,-66,-69,-50,-55,-63, 1, 0
-58,-57,-62,-66,-69,-50,-55,-63, 1, 0
-58,-57,-62,-66,-69,-50,-55,-63, 1, 0
-58,-57,-62,-66,-69,-50,-55,-63, 1, 0
-58,-57,-62,-66,-69,-50,-55,-63, 1, 0
-58,-57,-62,-66,-69,-50,-55,-63, 1, 0
-58,-57,-62,-66,-69,-50,-55,-63, 1, 0
-58,-57,-62,-66,-69,-50,-55,-63, 1, 0
-58,-57,-62,-66,-69,-50,-55,-63, 1, 0
-58,-57,-62,-66,-69,-50,-55,-63, 1, 0
-58,-57,-62,-66,-69,-50,-55,-63, 1, 0
-58,-57,-62,-66,-69,-50,-55,-63, 1, 0
-58,-57,-62,-66,-69,-50,-55,-63, 1, 0
-58,-57,-62,-66,-69,-50,-55,-63, 1, 0
-58,-57,-62,-66,-69,-50,-55,-63, 1, 0
-58,-57,-62,-66,-69,-50,-55,-63, 1, 0
-58,-57,-62,-66,-69,-50,-55,-63, 1, 0
-58,-57,-62,-66,-69,-50,-55,-63, 1, 0
-58,-57,-62,-66,-69,-50,-55,-63, 1, 0
-58,-57,-62,-66,-69,-50,-55,-63, 1, 0
-58,-57,-62,-66,-69,-50,-55,-63, 1, 0
-58,-57,-62,-66,-69,-50,-55,-63, 1, 0
-58,-57,-62,-66,-69,-50,-55,-63, 1, 0
-58,-57,-62,-66,-69,-50,-55,-63, 1, 0
-58,-57,-62,-66,-69,-50,-55,-63, 1, 0
-58,-57,-62,-66,-69,-50,-55,-63, 1, 0
-58,-57,-62,-66,-69,-50,-55,-63, 1, 0
-58,-57,-62,-66,-69,-50,-55,-63, 1, 0
-58,-57,-62,-66,-69,-50,-55,-63, 1, 0
-58,-57,-62,-66,-69,-50,-55,-63, 1, 0
-58,-57,-62,-66,-69,-50,-55,-63, 1, 0
-58,-57,-62,-66,-69,-50,-55,-63, 1, 0
-58,-57,-62,-66,-69,-50,-55,-63, 1, 0
-58,-57,-62,-66,-69,-50,-48,-63, 1, 0
-58,-57,-62,-66,-69,-50,-48,-63, 1, 0
-58,-57,-62,-66,-69,-50,-48,-63, 1, 0
-58,-57,-62,-66,-69,-50,-48,-63, 1, 0
-58,-57,-62,-66,-69,-50,-48,-63, 1, 0
-58,-57,-62,-66,-69,-50,-48,-63, 1, 0
-58,-57,-62,-66,-69,-50,-48,-63, 1, 0
-58,-57,-62,-66,-69,-50,-48,-63, 1, 0
-58,-57,-62,-66,-69,-50,-48,-63, 1, 0
-58,-57,-62,-66,-69,-50,-48,-63, 1, 0
-58,-57,-62,-66,-69,-50,-48,-63, 1, 0
-58,-57,-62,-66,-69,-50,-48,-63, 1, 0
-58,-57,-62,-66,-69,-50,-48,-63, 1, 0
-58,-57,-62,-66,-69,-50,-48,-63, 1, 0
-58,-57,-62,-66,-57,-50,-48,-63, 1, 0
-58,-57,-62,-66,-57,-50,-48,-63, 1, 0
-58,-57,-62,-66,-57,-50,-48,-63, 1, 0
-58,-57,-62,-66,-57,-50,-48,-63, 1, 0
-58,-57,-62,-66,-57,-50,-48,-63, 1, 0
-58,-57,-62,-66,-57,-50,-48,-63, 1, 0
-58,-57,-62,-66,-57,-50,-48,-63, 1, 0
-58,-57,-62,-66,-57,-50,-48,-63, 1, 0
-58,-57,-62,-66,-57,-50,-48,-63, 1, 0
-58,-57,-62,-66,-57,-50,-48,-63, 1, 0
-58,-57,-62,-66,-57,-50,-48,-63, 1, 0
-58,-57,-62,-66,-57,-50,-48,-63, 1, 0
-58,-57,-62,-66,-57,-50,-48,-63, 1, 0
-58,-57,-62,-66,-57,-50,-48,-63, 1, 0
-58,-57,-62,-66,-57,-50,-48,-63, 1, 0
-58,-57,-62,-66,-57,-50,-48,-63, 1, 0
-58,-57,-62,-66,-57,-50,-48,-63, 1, 0
-58,-57,-62,-66,-57,-50,-48,-63, 1, 0
-58,-57,-62,-66,-57,-50,-48,-63, 1, 0
-58,-57,-62,-66,-57,-50,-48,-63, 1, 0
-58,-57,-62,-66,-57,-50,-48,-63, 1, 0
-58,-57,-62,-66,-57,-50,-48,-63, 1, 0
-58,-57,-62,-66,-57,-50,-48,-63, 1, 0
-58,-57,-62,-66,-57,-50,-48,-63, 1, 0
-58,-57,-62,-66,-57,-50,-48,-63, 1, 0
-58,-57,-62,-66,-57,-55,-48,-63, 1, 0
-58,-57,-62,-66,-57,-55,-48,-63, 1, 0
-58,-57,-62,-66,-57,-55,-48,-63, 1, 0
-58,-57,-62,-66,-57,-55,-48,-63, 1, 0
-58,-57,-62,-66,-57,-55,-48,-63, 1, 0
-58,-57,-62,-66,-57,-55,-48,-63, 1, 0
-58,-57,-62,-66,-57,-55,-48,-63, 1, 0
-58,-57,-62,-66,-57,-55,-48,-63, 1, 0
-58,-57,-62,-66,-57,-55,-48,-63, 1, 0
-58,-57,-62,-66,-57,-55,-48,-63, 1, 0
-58,-57,-62,-66,-57,-55,-48,-63, 1, 0
-58,-57,-62,-66,-57,-55,-48,-63, 1, 0
-58,-57,-62,-66,-57,-55,-48,-63, 1, 0
-58,-57,-62,-66,-57,-55,-48,-63, 1, 0
-58,-57,-62,-66,-57,-55,-48,-63, 1, 0
-58,-57,-62,-66,-57,-55,-48,-63, 1, 0
-58,-57,-62,-66,-57,-55,-48,-63, 1, 0
-58,-57,-62,-66,-57,-55,-48,-63, 1, 0
-58,-57,-62,-66,-57,-55,-48,-63, 1, 0
-58,-57,-62,-66,-57,-55,-48,-63, 1, 0
-58,-57,-62,-66,-57,-55,-48,-63, 1, 0
-58,-57,-70,-66,-57,-55,-48,-63, 1, 0
-58,-57,-70,-66,-57,-55,-48,-63, 1, 0
-58,-57,-70,-66,-57,-55,-48,-63, 1, 0
-58,-57,-70,-66,-57,-55,-48,-63, 1, 0
-58,-57,-70,-66,-57,-55,-48,-63, 1, 0
-58,-57,-70,-66,-57,-55,-48,-63, 1, 0
-58,-57,-70,-66,-57,-55,-48,-63, 1, 0
-58,-57,-70,-66,-57,-55,-48,-63, 1, 0
-58,-57,-70,-66,-57,-55,-48,-63, 1, 0
-58,-57,-70,-66,-57,-55,-48,-63, 1, 0
-58,-57,-70,-66,-57,-55,-48,-63, 1, 0
-58,-57,-70,-66,-57,-55,-48,-63, 1, 0
-58,-57,-70,-66,-57,-55,-48,-63, 1, 0
-58,-57,-70,-66,-57,-55,-48,-63, 1, 0
-58,-57,-70,-66,-57,-55,-48,-63, 1, 0
-58,-57,-70,-66,-57,-55,-48,-63, 1, 0
-58,-57,-70,-66,-57,-55,-48,-63, 1, 0
-58,-57,-70,-66,-57,-55,-48,-63, 1, 0
-58,-57,-70,-66,-57,-55,-48,-63, 1, 0
-58,-57,-70,-66,-57,-55,-48,-63, 1, 0
-58,-57,-70,-66,-57,-55,-48,-63, 1, 0
-58,-57,-70,-66,-57,-55,-48,-63, 1, 0
-58,-57,-70,-66,-57,-55,-48,-63, 1, 0
-58,-57,-70,-66,-57,-55,-48,-63, 1, 0
-58,-57,-70,-66,-57,-55,-48,-63, 1, 0
-58,-57,-70,-66,-57,-55,-48,-63, 1, 0
-58,-57,-70,-66,-57,-55,-48,-63, 1, 0
-58,-57,-70,-66,-57,-55,-48,-63, 1, 0
-58,-57,-70,-66,-57,-55,-48,-63, 1, 0
-58,-57,-70,-66,-57,-55,-48,-63, 1, 0
-58,-57,-70,-66,-57,-55,-48,-63, 1, 0
-58,-57,-70,-66,-57,-55,-48,-63, 1, 0
-58,-57,-70,-66,-57,-55,-48,-63, 1, 0
-58,-57,-70,-66,-57,-55,-48,-63, 1, 0
-58,-57,-70,-66,-57,-55,-48,-63, 1, 0
-58,-57,-70,-66,-57,-55,-48,-63, 1, 0
-58,-57,-70,-66,-57,-55,-48,-63, 1, 0
-58,-57,-70,-66,-57,-55,-48,-63, 1, 0
-58,-57,-70,-66,-57,-55,-48,-63, 1, 0
-58,-57,-70,-66,-57,-55,-48,-63, 1, 0
-58,-57,-70,-66,-57,-55,-48,-63, 1, 0
-58,-57,-70,-66,-57,-55,-48,-63, 1, 0
-58,-57,-70,-66,-57,-55,-48,-63, 1, 0
-58,-57,-70,-66,-57,-55,-48,-63, 1, 0
-58,-57,-70,-66,-57,-55,-48,-63, 1, 0
-58,-57,-70,-66,-57,-55,-48,-63, 1, 0
-58,-57,-70,-66,-57,-55,-48,-63, 1, 0
-58,-57,-70,-66,-57,-55,-48,-63, 1, 0
-58,-57,-70,-66,-57,-55,-48,-63, 1, 0
-58,-57,-70,-66,-57,-55,-48,-63, 1, 0
-58,-57,-70,-66,-57,-55,-48,-63, 1, 0
-58,-57,-70,-66,-57,-55,-48,-63, 1, 0
-58,-57,-70,-66,-57,-55,-48,-63, 1, 0
-58,-57,-70,-66,-57,-55,-48,-63, 1, 0
-58,-57,-70,-66,-57,-55,-48,-63, 1, 0
-58,-57,-70,-66,-57,-55,-48,-63, 1, 0
-58,-57,-70,-66,-57,-55,-48,-63, 1, 0
-58,-57,-70,-66,-57,-55,-48,-63, 1, 0
-58,-57,-70,-66,-57,-55,-48,-63, 1, 0
-58,-57,-70,-66,-57,-55,-48,-63, 1, 0
-58,-57,-70,-66,-57,-55,-48,-63, 1, 0
-58,-57,-70,-66,-57,-55,-48,-63, 1, 0
-58,-57,-70,-66,-57,-55,-48,-63, 1, 0
-58,-57,-70,-66,-57,-55,-48,-63, 1, 0
-58,-57,-70,-66,-57,-55,-48,-63, 1, 0
-58,-57,-70,-66,-57,-55,-48,-63, 1, 0
-58,-57,-70,-66,-57,-55,-48,-63, 1, 0
-58,-57,-70,-66,-57,-55,-48,-63, 1, 0
-58,-57,-70,-66,-57,-55,-48,-63, 1, 0
-58,-57,-70,-66,-57,-55,-48,-58, 1, 0
-58,-57,-70,-66,-57,-55,-48,-58, 1, 0
-58,-57,-70,-66,-57,-55,-48,-58, 1, 0
-58,-57,-70,-66,-57,-55,-48,-58, 1, 0
-58,-57,-70,-66,-57,-55,-48,-58, 1, 0
-58,-57,-70,-66,-57,-55,-48,-58, 1, 0
-58,-57,-70,-66,-57,-55,-48,-58, 1, 0
-58,-57,-70,-66,-57,-55,-48,-58, 1, 0
-58,-57,-70,-66,-57,-55,-48,-58, 1, 0
-58,-57,-70,-66,-57,-55,-48,-58, 1, 0
-58,-57,-70,-66,-57,-55,-48,-58, 1, 0
-58,-57,-70,-66,-57,-55,-48,-58, 1, 0
-58,-57,-70,-66,-57,-55,-48,-58, 1, 0
-58,-57,-70,-66,-57,-55,-48,-58, 1, 0
-58,-57,-70,-66,-57,-55,-48,-58, 1, 0
-58,-57,-70,-66,-57,-55,-48,-58, 1, 0
-58,-57,-70,-66,-57,-55,-48,-58, 1, 0
-61,-57,-70,-66,-57,-55,-48,-58, 1, 0
-61,-57,-70,-66,-57,-55,-48,-58, 1, 0
-61,-57,-70,-66,-57,-55,-48,-58, 1, 0
-61,-57,-70,-66,-57,-55,-48,-58, 1, 0
-61,-57,-70,-66,-57,-55,-48,-58, 1, 0
-61,-57,-70,-66,-57,-55,-48,-58, 1, 0
-61,-57,-70,-66,-57,-55,-48,-58, 1, 0
-61,-57,-70,-66,-57,-55,-48,-58, 1, 0
-61,-57,-70,-66,-57,-55,-48,-58, 1, 0
-61,-57,-70,-66,-57,-55,-48,-58, 1, 0
-61,-57,-70,-66,-57,-55,-48,-58, 1, 0
-61,-57,-70,-66,-57,-55,-48,-58, 1, 0
-61,-57,-70,-66,-57,-55,-48,-58, 1, 0
-61,-57,-70,-66,-57,-55,-48,-58, 1, 0
-61,-57,-70,-66,-57,-55,-48,-58, 1, 0
-61,-57,-70,-66,-57,-55,-48,-58, 1, 0
-61,-57,-70,-66,-57,-55,-48,-58, 1, 0
-61,-57,-70,-66,-57,-55,-48,-58, 1, 0
-61,-57,-70,-66,-57,-55,-48,-58, 1, 0
-61,-57,-70,-66,-57,-55,-48,-58, 1, 0
-61,-57,-70,-66,-57,-55,-48,-58, 1, 0
-61,-57,-70,-66,-57,-55,-48,-58, 1, 0
-61,-57,-70,-66,-57,-55,-48,-58, 1, 0
-61,-57,-70,-66,-57,-55,-48,-58, 1, 0
-61,-57,-70,-66,-57,-55,-48,-58, 1, 0
-61,-57,-70,-66,-57,-55,-48,-58, 1, 0
-61,-57,-70,-66,-57,-55,-48,-58, 1, 0
-61,-57,-70,-66,-57,-55,-48,-58, 1, 0
-61,-57,-70,-66,-57,-55,-48,-58, 1, 0
-61,-57,-70,-66,-57,-55,-48,-58, 1, 0
-61,-57,-70,-66,-57,-55,-48,-58, 1, 0
-61,-57,-70,-66,-57,-55,-48,-58, 1, 0
-61,-57,-70,-66,-57,-55,-48,-58, 1, 0
-61,-57,-70,-66,-57,-55,-48,-58, 1, 0
-61,-57,-70,-66,-57,-55,-48,-58, 1, 0
-61,-57,-70,-66,-57,-55,-48,-58, 1, 0
-61,-57,-70,-66,-57,-55,-48,-58, 1, 0
-61,-57,-70,-66,-57,-55,-48,-58, 1, 0
-61,-57,-70,-66,-57,-55,-48,-58, 1, 0
-61,-57,-70,-66,-57,-55,-48,-58, 1, 0
-61,-57,-70,-66,-57,-55,-48,-58, 1, 0
-61,-65,-70,-66,-57,-55,-48,-58, 1, 0
-61,-65,-70,-66,-57,-55,-48,-58, 1, 0
-61,-65,-70,-66,-57,-55,-48,-58, 1, 0
-61,-65,-70,-66,-57,-55,-48,-58, 1, 0
-61,-65,-70,-66,-57,-55,-48,-58, 1, 0
-61,-65,-70,-66,-57,-55,-48,-58, 1, 0
-61,-65,-70,-66,-57,-55,-48,-58, 1, 0
-61,-65,-70,-66,-57,-55,-48,-58, 1, 0
-61,-65,-70,-66,-57,-55,-48,-58, 1, 0
-61,-65,-70,-66,-57,-55,-48,-58, 1, 0
-61,-65,-70,-66,-57,-55,-48,-58, 1, 0
-61,-65,-70,-66,-57,-55,-48,-58, 1, 0
-61,-65,-70,-66,-57,-55,-48,-58, 1, 0
-61,-65,-70,-66,-57,-55,-48,-58, 1, 0
-61,-65,-70,-66,-57,-55,-48,-58, 1, 0
-61,-65,-70,-66,-57,-55,-48,-58, 1, 0
-61,-65,-70,-66,-57,-55,-48,-58, 1, 0
-61,-65,-70,-66,-57,-55,-48,-58, 1, 0
-61,-65,-70,-66,-57,-55,-48,-58, 1, 0
-61,-65,-70,-66,-57,-55,-48,-58, 1, 0
-61,-65,-70,-66,-57,-55,-48,-58, 1, 0
-61,-65,-70,-66,-57,-55,-48,-58, 1, 0
-61,-65,-70,-66,-57,-55,-48,-58, 1, 0
-61,-65,-70,-66,-57,-55,-48,-58, 1, 0
-61,-65,-70,-66,-57,-55,-48,-58, 1, 0
-61,-65,-70,-66,-57,-55,-48,-58, 1, 0
-61,-65,-70,-66,-57,-55,-48,-58, 1, 0
-61,-65,-70,-66,-57,-55,-48,-58, 1, 0
-61,-65,-70,-66,-57,-55,-48,-58, 1, 0
-61,-65,-70,-66,-57,-55,-48,-58, 1, 0
-61,-65,-70,-66,-57,-55,-48,-58, 1, 0
-61,-65,-70,-66,-57,-55,-48,-58, 1, 0
-61,-65,-70,-66,-57,-55,-48,-58, 1, 0
-61,-65,-70,-66,-57,-55,-48,-58, 1, 0
-61,-65,-70,-66,-57,-55,-48,-58, 1, 0
-61,-65,-70,-66,-57,-55,-48,-58, 1, 0
-61,-65,-70,-66,-57,-55,-48,-58, 1, 0
-61,-65,-70,-66,-57,-55,-48,-58, 1, 0
-61,-65,-70,-66,-57,-55,-48,-58, 1, 0
-61,-65,-70,-66,-57,-55,-48,-58, 1, 0
-61,-65,-70,-66,-57,-55,-48,-58, 1, 0
-61,-65,-70,-66,-57,-55,-48,-58, 1, 0
-61,-65,-70,-66,-57,-55,-48,-58, 1, 0
-61,-65,-70,-66,-57,-55,-48,-58, 1, 0
-61,-65,-70,-66,-57,-55,-48,-58, 1, 0
-61,-65,-70,-66,-57,-55,-48,-58, 1, 0
-61,-65,-70,-66,-57,-55,-48,-58, 1, 0
-61,-65,-70,-66,-57,-55,-48,-58, 1, 0
-61,-65,-70,-66,-57,-55,-48,-58, 1, 0
-61,-65,-70,-66,-57,-55,-48,-58, 1, 0
-61,-65,-70,-66,-57,-55,-48,-58, 1, 0
-61,-65,-70,-66,-57,-55,-48,-58, 1, 0
-61,-65,-70,-66,-57,-55,-48,-58, 1, 0
-61,-65,-70,-66,-57,-55,-48,-58, 1, 0
-61,-65,-70,-66,-57,-55,-48,-58, 1, 0
-61,-65,-70,-66,-57,-55,-48,-58, 1, 0
-61,-65,-70,-66,-57,-55,-48,-58, 1, 0
-61,-65,-70,-66,-57,-55,-48,-58, 1, 0
-61,-65,-70,-66,-57,-55,-48,-58, 1, 0
-61,-65,-70,-66,-57,-55,-48,-58, 1, 0
-61,-65,-70,-66,-57,-55,-48,-58, 1, 0
-61,-65,-70,-66,-57,-55,-48,-58, 1, 0
-61,-65,-70,-66,-57,-55,-48,-58, 1, 0
-61,-65,-70,-66,-57,-55,-48,-58, 1, 0
-61,-65,-70,-66,-57,-55,-48,-58, 1, 0
-61,-65,-70,-66,-57,-55,-48,-58, 1, 0
-61,-65,-70,-66,-57,-55,-48,-58, 1, 0
-61,-65,-70,-66,-57,-55,-48,-58, 1, 0
-61,-65,-70,-66,-57,-55,-48,-58, 1, 0
-61,-65,-70,-66,-57,-55,-49,-58, 1, 0
-61,-65,-70,-66,-57,-55,-49,-58, 1, 0
-61,-65,-70,-66,-57,-55,-49,-58, 1, 0
-61,-65,-70,-66,-57,-55,-49,-58, 1, 0
-61,-65,-70,-66,-57,-55,-49,-58, 1, 0
-61,-65,-70,-66,-57,-55,-49,-58, 1, 0
-61,-65,-70,-66,-57,-55,-49,-58, 1, 0
-61,-65,-70,-66,-57,-55,-49,-58, 1, 0
-61,-65,-70,-66,-57,-55,-49,-58, 1, 0
-61,-65,-70,-66,-57,-55,-49,-58, 1, 0
-61,-65,-70,-66,-57,-55,-49,-58, 1, 0
-61,-65,-70,-66,-57,-55,-49,-58, 1, 0
-61,-65,-70,-66,-57,-55,-49,-58, 1, 0
-61,-65,-70,-66,-57,-55,-49,-58, 1, 0
-61,-65,-70,-66,-57,-55,-49,-58, 1, 0
-61,-65,-70,-66,-57,-55,-49,-58, 1, 0
-61,-65,-70,-66,-57,-55,-49,-58, 1, 0
-61,-65,-70,-66,-57,-55,-49,-58, 1, 0
-61,-65,-70,-66,-57,-55,-49,-58, 1, 0
-61,-65,-70,-66,-57,-55,-49,-58, 1, 0
-61,-65,-70,-66,-57,-55,-49,-58, 1, 0
-61,-65,-70,-66,-57,-55,-49,-58, 1, 0
-61,-65,-70,-66,-57,-55,-49,-58, 1, 0
-61,-65,-70,-66,-57,-55,-49,-58, 1, 0
-61,-65,-70,-66,-57,-55,-49,-58, 1, 0
-61,-65,-70,-66,-57,-55,-49,-58, 1, 0
-61,-65,-70,-66,-57,-55,-49,-58, 1, 0
-61,-65,-70,-66,-57,-55,-49,-58, 1, 0
-61,-65,-70,-66,-57,-55,-49,-58, 1, 0
-61,-65,-70,-66,-57,-55,-49,-58, 1, 0
-61,-65,-70,-66,-57,-55,-49,-58, 1, 0
-61,-65,-70,-66,-57,-55,-49,-58, 1, 0
-61,-65,-70,-66,-57,-55,-49,-58, 1, 0
-61,-65,-70,-66,-57,-55,-49,-58, 1, 0
-61,-65,-70,-66,-57,-55,-49,-58, 1, 0
-61,-65,-70,-66,-57,-55,-49,-58, 1, 0
-61,-65,-70,-66,-57,-55,-49,-58, 1, 0
-61,-65,-70,-66,-57,-55,-49,-58, 1, 0
-61,-65,-70,-66,-57,-55,-49,-58, 1, 0
-61,-65,-70,-66,-57,-55,-49,-58, 1, 0
-61,-65,-70,-66,-57,-55,-49,-58, 1, 0
-61,-65,-70,-66,-57,-55,-49,-58, 1, 0
-61,-65,-70,-66,-57,-55,-49,-58, 1, 0
-61,-65,-70,-66,-57,-55,-49,-58, 1, 0
-61,-65,-70,-66,-57,-55,-49,-58, 1, 0
-61,-65,-70,-66,-57,-55,-49,-58, 1, 0
-61,-65,-70,-66,-57,-55,-49,-58, 1, 0
-61,-65,-70,-66,-57,-55,-49,-58, 1, 0
-61,-65,-70,-66,-57,-55,-49,-58, 1, 0
-61,-65,-70,-66,-57,-55,-49,-58, 1, 0
-61,-65,-70,-66,-57,-55,-49,-58, 1, 0
-61,-65,-70,-66,-57,-55,-49,-58, 1, 0
-61,-65,-70,-66,-57,-55,-49,-58, 1, 0
-61,-65,-70,-66,-57,-55,-49,-58, 1, 0
-61,-65,-70,-66,-57,-55,-49,-58, 1, 0
-61,-65,-70,-66,-57,-55,-49,-58, 1, 0
-61,-65,-70,-66,-57,-55,-49,-58, 1, 0
-61,-65,-70,-66,-57,-55,-49,-58, 1, 0
-61,-65,-70,-66,-57,-55,-49,-58, 1, 0
-61,-65,-70,-66,-57,-55,-49,-58, 1, 0
-61,-65,-70,-66,-57,-55,-49,-58, 1, 0
-61,-65,-70,-66,-57,-55,-49,-58, 1, 0
-61,-65,-70,-66,-57,-55,-49,-58, 1, 0
-61,-65,-70,-66,-57,-55,-49,-58, 1, 0
-61,-65,-70,-66,-57,-55,-49,-58, 1, 0
-61,-65,-70,-66,-57,-55,-49,-58, 1, 0
-61,-65,-70,-66,-57,-55,-49,-58, 1, 0
-61,-65,-70,-66,-57,-55,-49,-58, 1, 0
-61,-65,-70,-66,-57,-55,-49,-58, 1, 0
-61,-65,-70,-66,-57,-55,-49,-58, 1, 0
-61,-65,-70,-66,-57,-55,-49,-58, 1, 0
-61,-65,-70,-66,-57,-63,-49,-58, 1, 0
-61,-65,-70,-66,-57,-63,-49,-58, 1, 0
-61,-65,-70,-66,-57,-63,-49,-58, 1, 0
-61,-65,-70,-66,-57,-63,-49,-58, 1, 0
-61,-65,-70,-66,-57,-63,-49,-58, 1, 0
-61,-65,-70,-66,-57,-63,-49,-58, 1, 0
-61,-65,-70,-66,-57,-63,-49,-58, 1, 0
-61,-65,-70,-66,-57,-63,-49,-58, 1, 0
-61,-65,-70,-66,-57,-63,-49,-58, 1, 0
-61,-65,-70,-66,-57,-63,-49,-58, 1, 0
-61,-65,-70,-66,-57,-63,-49,-58, 1, 0
-61,-65,-70,-66,-57,-63,-49,-58, 1, 0
-61,-65,-70,-66,-57,-63,-49,-58, 1, 0
-61,-65,-70,-66,-57,-63,-49,-58, 1, 0
-61,-65,-70,-66,-57,-63,-49,-58, 1, 0
-61,-65,-70,-66,-57,-63,-49,-58, 1, 0
-61,-65,-70,-66,-57,-63,-49,-58, 1, 0
-61,-65,-70,-66,-57,-63,-49,-58, 1, 0
-61,-65,-70,-66,-57,-63,-49,-58, 1, 0
-61,-65,-70,-66,-57,-63,-49,-58, 1, 0
-61,-65,-70,-66,-57,-63,-49,-58, 1, 0
-61,-65,-70,-66,-57,-63,-49,-58, 1, 0
-61,-65,-70,-66,-57,-63,-49,-58, 1, 0
-61,-65,-70,-66,-57,-63,-49,-58, 1, 0
-61,-65,-70,-66,-57,-63,-49,-58, 1, 0
-61,-65,-70,-66,-57,-63,-49,-58, 1, 0
-61,-65,-70,-66,-57,-63,-49,-58, 1, 0
-61,-65,-70,-66,-57,-63,-49,-58, 1, 0
-61,-65,-70,-66,-57,-63,-49,-58, 1, 0
-61,-65,-64,-66,-57,-63,-49,-58, 1, 0
-61,-65,-64,-66,-57,-63,-49,-58, 1, 0
-61,-65,-64,-66,-57,-63,-49,-58, 1, 0
-61,-65,-64,-66,-57,-63,-49,-58, 1, 0
-61,-65,-64,-66,-57,-63,-49,-58, 1, 0
-61,-65,-64,-66,-57,-63,-49,-58, 1, 0
-61,-65,-64,-66,-57,-63,-49,-58, 1, 0
-61,-65,-64,-66,-57,-63,-49,-58, 1, 0
-61,-65,-64,-66,-57,-63,-49,-58, 1, 0
-61,-65,-64,-66,-57,-63,-49,-58, 1, 0
-61,-65,-64,-66,-57,-63,-49,-58, 1, 0
-61,-65,-64,-66,-57,-63,-49,-58, 1, 0
-61,-65,-64,-66,-57,-63,-49,-58, 1, 0
-61,-65,-64,-66,-57,-63,-49,-58, 1, 0
-61,-65,-64,-66,-57,-63,-49,-58, 1, 0
-61,-65,-64,-66,-57,-63,-49,-58, 1, 0
-61,-65,-64,-66,-57,-63,-49,-58, 1, 0
-61,-65,-64,-66,-57,-63,-49,-58, 1, 0
-61,-65,-64,-66,-57,-63,-49,-58, 1, 0
-61,-65,-64,-66,-57,-63,-49,-58, 1, 0
-61,-65,-64,-66,-57,-63,-49,-58, 1, 0
-61,-65,-64,-66,-57,-63,-49,-58, 1, 0
-61,-65,-64,-66,-57,-63,-49,-58, 1, 0
-61,-65,-64,-66,-57,-63,-49,-58, 1, 0
-61,-65,-64,-66,-57,-63,-49,-58, 1, 0
-61,-65,-64,-66,-57,-63,-49,-58, 1, 0
-61,-65,-64,-66,-57,-63,-49,-58, 1, 0
-61,-65,-64,-66,-57,-63,-49,-58, 1, 0
-61,-65,-64,-66,-57,-63,-49,-58, 1, 0
-61,-65,-64,-66,-57,-63,-49,-58, 1, 0
-61,-65,-64,-66,-57,-63,-49,-58, 1, 0
-61,-65,-64,-66,-57,-63,-49,-58, 1, 0
-61,-65,-64,-66,-57,-63,-49,-58, 1, 0
-61,-65,-64,-66,-57,-63,-49,-58, 1, 0
-61,-65,-64,-66,-57,-63,-49,-58, 1, 0
-61,-65,-64,-66,-57,-63,-49,-58, 1, 0
-61,-65,-64,-66,-57,-63,-49,-58, 1, 0
-61,-65,-64,-66,-57,-63,-49,-58, 1, 0
-61,-65,-64,-66,-57,-63,-49,-58, 1, 0
-61,-65,-64,-66,-57,-63,-49,-58, 1, 0
-61,-65,-64,-66,-57,-63,-49,-58, 1, 0
-61,-65,-64,-66,-57,-63,-49,-58, 1, 0
-61,-65,-64,-66,-57,-63,-49,-58, 1, 0
-61,-65,-64,-66,-57,-63,-49,-58, 1, 0
-61,-65,-64,-66,-57,-63,-49,-58, 1, 0
-61,-65,-64,-66,-57,-63,-49,-58, 1, 0
-61,-65,-64,-66,-57,-63,-49,-58, 1, 0
-61,-65,-64,-66,-57,-63,-49,-58, 1, 0
-61,-65,-64,-66,-57,-63,-49,-58, 1, 0
-61,-65,-64,-66,-57,-63,-49,-58, 1, 0
-61,-65,-64,-66,-57,-63,-49,-58, 1, 0
-61,-65,-64,-66,-57,-63,-49,-58, 1, 0
-61,-65,-64,-66,-57,-63,-49,-58, 1, 0
-61,-65,-64,-66,-57,-63,-49,-58, 1, 0
-65,-65,-64,-66,-57,-63,-49,-58, 1, 0
-65,-65,-64,-66,-57,-63,-49,-58, 1, 0
-65,-65,-64,-66,-57,-63,-49,-58, 1, 0
-65,-65,-64,-66,-57,-63,-49,-58, 1, 0
-65,-65,-64,-66,-57,-63,-49,-58, 1, 0
-65,-65,-64,-66,-57,-63,-49,-58, 1, 0
-65,-65,-64,-66,-57,-63,-49,-58, 1, 0
-65,-65,-64,-66,-57,-63,-49,-58, 1, 0
-65,-65,-64,-66,-57,-63,-49,-58, 1, 0
-65,-65,-64,-66,-57,-63,-49,-58, 1, 0
-65,-65,-64,-66,-57,-63,-49,-58, 1, 0
-65,-65,-64,-66,-57,-63,-49,-58, 1, 0
-65,-65,-64,-66,-57,-63,-49,-58, 1, 0
-65,-65,-64,-66,-57,-63,-49,-58, 1, 0
-65,-65,-64,-66,-57,-63,-49,-58, 1, 0
-65,-65,-64,-66,-57,-63,-49,-58, 1, 0
-65,-65,-64,-66,-57,-63,-49,-58, 1, 0
-65,-65,-64,-66,-57,-63,-49,-58, 1, 0
-65,-65,-64,-66,-57,-63,-49,-58, 1, 0
-65,-65,-64,-66,-57,-63,-49,-58, 1, 0
-65,-65,-64,-66,-57,-63,-49,-58, 1, 0
-65,-65,-64,-66,-57,-63,-49,-58, 1, 0
-65,-65,-64,-66,-57,-63,-49,-58, 1, 0
-65,-65,-64,-66,-57,-63,-49,-58, 1, 0
-65,-65,-64,-66,-57,-63,-49,-58, 1, 0
-65,-65,-64,-66,-57,-63,-49,-58, 1, 0
-65,-65,-64,-66,-57,-63,-49,-58, 1, 0
-65,-65,-64,-66,-57,-63,-49,-58, 1, 0
-65,-65,-64,-66,-57,-63,-49,-58, 1, 0
-65,-65,-64,-66,-57,-63,-49,-58, 1, 0
-65,-65,-64,-66,-57,-63,-49,-58, 1, 0
-65,-65,-64,-66,-57,-63,-49,-58, 1, 0
-65,-65,-64,-66,-57,-63,-49,-58, 1, 0
-65,-65,-64,-66,-57,-63,-49,-58, 1, 0
-65,-65,-64,-66,-57,-63,-49,-58, 1, 0
-65,-65,-64,-66,-57,-63,-49,-58, 1, 0
-65,-65,-64,-66,-57,-63,-49,-58, 1, 0
-65,-65,-64,-66,-57,-63,-49,-58, 1, 0
-65,-65,-64,-66,-57,-63,-49,-58, 1, 0
-65,-65,-64,-66,-57,-63,-49,-57, 1, 0
-65,-65,-64,-66,-57,-63,-49,-57, 1, 0
-65,-65,-64,-66,-57,-63,-49,-57, 1, 0
-65,-65,-64,-66,-57,-63,-49,-57, 1, 0
-65,-65,-64,-66,-57,-63,-49,-57, 1, 0
-65,-65,-64,-66,-57,-63,-49,-57, 1, 0
-65,-65,-64,-66,-57,-63,-49,-57, 1, 0
-65,-65,-64,-66,-57,-63,-49,-57, 1, 0
-65,-65,-64,-66,-57,-63,-49,-57, 1, 0
-65,-65,-64,-66,-57,-63,-49,-57, 1, 0
-65,-65,-64,-66,-57,-63,-49,-57, 1, 0
-65,-65,-64,-66,-57,-63,-49,-57, 1, 0
-65,-65,-64,-66,-57,-63,-49,-57, 1, 0
-65,-65,-64,-66,-57,-63,-49,-57, 1, 0
-65,-65,-64,-66,-57,-63,-49,-57, 1, 0
-65,-65,-64,-66,-57,-63,-49,-57, 1, 0
-65,-65,-64,-66,-57,-63,-49,-57, 1, 0
-65,-65,-64,-66,-57,-63,-49,-57, 1, 0
-65,-65,-64,-66,-57,-63,-49,-57, 1, 0
-65,-65,-64,-66,-57,-63,-49,-57, 1, 0
-65,-65,-64,-66,-57,-63,-49,-57, 1, 0
-65,-65,-64,-66,-57,-63,-49,-57, 1, 0
-65,-65,-64,-66,-57,-63,-49,-57, 1, 0
-65,-65,-64,-66,-57,-63,-49,-57, 1, 0
-65,-65,-64,-66,-57,-63,-49,-57, 1, 0
-65,-65,-64,-66,-57,-63,-49,-57, 1, 0
-65,-65,-64,-66,-57,-63,-49,-57, 1, 0
-65,-65,-64,-66,-57,-63,-49,-57, 1, 0
-65,-65,-64,-66,-57,-63,-49,-57, 1, 0
-65,-65,-64,-66,-57,-63,-49,-57, 1, 0
-65,-65,-64,-66,-57,-63,-49,-57, 1, 0
-65,-65,-64,-66,-57,-63,-49,-57, 1, 0
-65,-65,-64,-66,-57,-63,-49,-57, 1, 0
-65,-65,-64,-66,-57,-63,-49,-57, 1, 0
-65,-65,-64,-66,-57,-63,-49,-57, 1, 0
-65,-65,-64,-66,-57,-63,-49,-57, 1, 0
-65,-65,-64,-61,-57,-63,-49,-57, 1, 0
-65,-65,-64,-61,-57,-63,-49,-57, 1, 0
-65,-65,-64,-61,-57,-63,-49,-57, 1, 0
-65,-65,-64,-61,-57,-63,-49,-57, 1, 0
-65,-65,-64,-61,-57,-63,-49,-57, 1, 0
-65,-65,-64,-61,-57,-63,-49,-57, 1, 0
-65,-57,-64,-61,-57,-63,-49,-57, 1, 0
-65,-57,-64,-61,-57,-63,-49,-57, 1, 0
-65,-57,-64,-61,-57,-63,-49,-57, 1, 0
-65,-57,-64,-61,-57,-63,-49,-57, 1, 0
-65,-57,-64,-61,-57,-63,-49,-57, 1, 0
-65,-57,-64,-61,-57,-63,-49,-57, 1, 0
-65,-57,-64,-61,-57,-63,-49,-57, 1, 0
-65,-57,-64,-61,-57,-63,-49,-57, 1, 0
-65,-57,-64,-61,-57,-63,-49,-57, 1, 0
-65,-57,-64,-61,-57,-63,-49,-57, 1, 0
-65,-57,-64,-61,-57,-63,-49,-57, 1, 0
-65,-57,-64,-61,-57,-63,-49,-57, 1, 0
-65,-57,-64,-61,-57,-63,-49,-57, 1, 0
-65,-57,-64,-61,-57,-63,-49,-57, 1, 0
-65,-57,-64,-61,-57,-63,-49,-57, 1, 0
-65,-57,-64,-61,-57,-63,-49,-57, 1, 0
-65,-57,-64,-61,-57,-63,-49,-57, 1, 0
-65,-57,-64,-61,-57,-63,-49,-57, 1, 0
-65,-57,-64,-61,-57,-63,-49,-57, 1, 0
-65,-57,-64,-61,-57,-63,-49,-57, 1, 0
-65,-57,-64,-61,-57,-63,-49,-57, 1, 0
-65,-57,-64,-61,-57,-63,-49,-57, 1, 0
-65,-57,-64,-61,-57,-63,-49,-57, 1, 0
-65,-57,-64,-61,-57,-63,-49,-57, 1, 0
-65,-57,-64,-61,-57,-63,-49,-57, 1, 0
-65,-57,-64,-61,-57,-63,-49,-57, 1, 0
-65,-57,-64,-61,-57,-63,-49,-57, 1, 0
-65,-57,-64,-61,-57,-63,-49,-57, 1, 0
-65,-57,-64,-61,-57,-63,-49,-57, 1, 0
-65,-57,-64,-61,-57,-63,-49,-57, 1, 0
-65,-57,-64,-61,-57,-63,-49,-57, 1, 0
-65,-57,-64,-61,-57,-63,-49,-57, 1, 0
-65,-57,-64,-61,-57,-63,-49,-57, 1, 0
-65,-57,-64,-61,-57,-63,-49,-57, 1, 0
-65,-57,-64,-61,-57,-63,-49,-57, 1, 0
-65,-57,-64,-61,-57,-63,-49,-57, 1, 0
-65,-57,-64,-61,-57,-63,-49,-57, 1, 0
-65,-57,-64,-61,-57,-63,-49,-57, 1, 0
-65,-57,-64,-61,-57,-63,-49,-57, 1, 0
-65,-57,-64,-61,-57,-63,-49,-57, 1, 0
-65,-57,-64,-61,-57,-63,-49,-57, 1, 0
-65,-57,-64,-61,-57,-63,-49,-57, 1, 0
-65,-57,-64,-61,-57,-63,-49,-57, 1, 0
-65,-57,-64,-61,-57,-63,-49,-57, 1, 0
-65,-57,-64,-61,-57,-63,-49,-57, 1, 0
-65,-57,-64,-61,-57,-63,-49,-57, 1, 0
-65,-57,-64,-61,-57,-63,-49,-57, 1, 0
-65,-57,-64,-61,-57,-63,-49,-57, 1, 0
-65,-57,-64,-61,-57,-63,-49,-57, 1, 0
-65,-57,-64,-61,-57,-63,-49,-57, 1, 0
-65,-57,-64,-61,-57,-63,-49,-57, 1, 0
-65,-57,-64,-61,-57,-63,-49,-57, 1, 0
-65,-57,-64,-61,-57,-63,-49,-57, 1, 0
-65,-57,-64,-61,-57,-63,-49,-57, 1, 0
-65,-57,-64,-61,-57,-63,-49,-57, 1, 0
-65,-57,-64,-61,-57,-63,-49,-57, 1, 0
-65,-57,-64,-61,-57,-63,-49,-57, 1, 0
-65,-57,-64,-61,-57,-63,-49,-57, 1, 0
-65,-57,-64,-61,-57,-63,-49,-57, 1, 0
-65,-57,-64,-61,-57,-63,-49,-57, 1, 0
-65,-57,-64,-61,-57,-63,-49,-57, 1, 0
-65,-57,-64,-61,-57,-63,-49,-57, 1, 0
-65,-57,-64,-61,-57,-63,-49,-57, 1, 0
-65,-57,-64,-61,-57,-63,-49,-57, 1, 0
-65,-57,-64,-61,-57,-63,-49,-57, 1, 0
-65,-57,-64,-61,-57,-63,-49,-57, 1, 0
-65,-57,-64,-61,-57,-63,-49,-57, 1, 0
-65,-57,-64,-61,-57,-63,-49,-57, 1, 0
-65,-57,-64,-61,-57,-63,-49,-57, 1, 0
-65,-57,-64,-61,-57,-63,-49,-57, 1, 0
-65,-57,-64,-61,-57,-63,-49,-57, 1, 0
-65,-57,-64,-61,-57,-63,-49,-57, 1, 0
-65,-57,-64,-61,-57,-63,-49,-57, 1, 0
-65,-57,-64,-61,-57,-63,-49,-57, 1, 0
-65,-57,-64,-61,-57,-63,-49,-57, 1, 0
-65,-57,-64,-61,-57,-63,-49,-57, 1, 0
-65,-57,-64,-61,-57,-63,-49,-57, 1, 0
-65,-57,-64,-61,-57,-63,-49,-57, 1, 0
-65,-57,-64,-61,-57,-63,-49,-57, 1, 0
-65,-57,-64,-61,-57,-63,-49,-57, 1, 0
-65,-57,-64,-61,-57,-63,-49,-57, 1, 0
-65,-57,-64,-61,-57,-63,-49,-57, 1, 0
-65,-57,-64,-61,-57,-63,-49,-57, 1, 0
-65,-57,-64,-61,-57,-63,-49,-57, 1, 0
-65,-57,-64,-61,-57,-63,-49,-57, 1, 0
-65,-57,-64,-61,-57,-63,-49,-57, 1, 0
-65,-57,-64,-61,-57,-63,-49,-57, 1, 0
-65,-57,-64,-61,-57,-63,-49,-57, 1, 0
-65,-57,-64,-61,-57,-63,-49,-57, 1, 0
-65,-57,-64,-61,-57,-63,-49,-57, 1, 0
-65,-57,-64,-61,-57,-63,-49,-57, 1, 0
-65,-57,-64,-61,-57,-63,-49,-57, 1, 0
-65,-57,-64,-61,-57,-63,-49,-57, 1, 0
-65,-57,-64,-61,-57,-63,-49,-57, 1, 0
-65,-57,-64,-61,-57,-63,-49,-57, 1, 0
-65,-57,-64,-61,-57,-63,-49,-57, 1, 0
-65,-57,-64,-61,-57,-63,-49,-57, 1, 0
-65,-57,-64,-61,-57,-63,-49,-57, 1, 0
-65,-57,-64,-61,-57,-63,-49,-57, 1, 0
-65,-57,-64,-61,-57,-63,-49,-57, 1, 0
-65,-57,-64,-61,-57,-63,-49,-57, 1, 0
-65,-57,-64,-61,-57,-63,-49,-57, 1, 0
-65,-57,-64,-61,-57,-63,-49,-57, 1, 0
-65,-57,-64,-61,-57,-63,-49,-57, 1, 0
-65,-57,-64,-61,-57,-63,-49,-57, 1, 0
-65,-57,-64,-61,-57,-63,-49,-57, 1, 0
-65,-57,-64,-61,-57,-63,-49,-57, 1, 0
-65,-57,-64,-61,-57,-63,-49,-57, 1, 0
-65,-57,-64,-61,-57,-63,-49,-57, 1, 0
-65,-57,-64,-61,-57,-63,-49,-57, 1, 0
-65,-57,-64,-61,-57,-63,-49,-57, 1, 0
-65,-57,-64,-61,-57,-63,-49,-57, 1, 0
-65,-57,-64,-61,-57,-63,-49,-57, 1, 0
-65,-57,-64,-61,-57,-63,-49,-57, 1, 0
-65,-57,-64,-61,-57,-63,-49,-57, 1, 0
-65,-57,-64,-61,-57,-63,-49,-57, 1, 0
-65,-57,-64,-61,-57,-63,-49,-57, 1, 0
-65,-57,-64,-61,-57,-63,-49,-57, 1, 0
-65,-57,-64,-61,-57,-63,-49,-57, 1, 0
-65,-57,-64,-61,-57,-63,-49,-57, 1, 0
-65,-57,-64,-61,-57,-63,-49,-57, 1, 0
-65,-57,-64,-61,-57,-63,-49,-57, 1, 0
-65,-57,-64,-61,-57,-63,-49,-57, 1, 0
-65,-57,-64,-61,-57,-63,-49,-57, 1, 0
-65,-57,-64,-61,-57,-63,-49,-57, 1, 0
-65,-57,-64,-61,-57,-63,-49,-57, 1, 0
-65,-57,-64,-61,-57,-63,-49,-57, 1, 0
-65,-57,-64,-61,-57,-63,-49,-57, 1, 0
-65,-57,-64,-61,-57,-63,-49,-57, 1, 0
-65,-57,-64,-61,-57,-63,-49,-57, 1, 0
-65,-57,-64,-61,-57,-63,-49,-57, 1, 0
-65,-57,-64,-61,-57,-63,-49,-57, 1, 0
-65,-57,-64,-61,-57,-52,-49,-57, 1, 0
-65,-57,-64,-61,-57,-52,-49,-57, 1, 0
-65,-57,-64,-61,-57,-52,-49,-57, 1, 0
-65,-57,-64,-61,-57,-52,-49,-57, 1, 0
-65,-57,-64,-61,-57,-52,-49,-57, 1, 0
-65,-57,-64,-61,-57,-52,-49,-57, 1, 0
-65,-57,-64,-61,-57,-52,-49,-57, 1, 0
-65,-57,-64,-61,-57,-52,-49,-57, 1, 0
-65,-57,-64,-61,-57,-52,-49,-57, 1, 0
-65,-57,-64,-61,-57,-52,-49,-57, 1, 0
-65,-57,-64,-61,-57,-52,-49,-57, 1, 0
-65,-57,-64,-61,-57,-52,-49,-57, 1, 0
-65,-57,-64,-61,-57,-52,-49,-57, 1, 0
-65,-57,-64,-61,-57,-52,-49,-57, 1, 0
-65,-57,-64,-61,-57,-52,-49,-57, 1, 0
-65,-57,-64,-61,-57,-52,-49,-57, 1, 0
-65,-57,-64,-61,-57,-52,-49,-57, 1, 0
-65,-57,-64,-61,-57,-52,-49,-57, 1, 0
-65,-57,-64,-61,-57,-52,-49,-57, 1, 0
-65,-57,-64,-61,-57,-52,-49,-57, 1, 0
-65,-57,-64,-61,-57,-52,-49,-57, 1, 0
-65,-57,-64,-61,-57,-52,-49,-57, 1, 0
-65,-57,-64,-61,-57,-52,-49,-57, 1, 0
-65,-57,-64,-61,-57,-52,-49,-57, 1, 0
-65,-57,-64,-61,-57,-52,-49,-57, 1, 0
-65,-57,-64,-61,-57,-52,-49,-57, 1, 0
-65,-57,-64,-61,-57,-52,-49,-57, 1, 0
-65,-57,-64,-61,-57,-52,-49,-57, 1, 0
-65,-57,-64,-61,-57,-52,-49,-57, 1, 0
-65,-57,-64,-61,-57,-52,-49,-57, 1, 0
-65,-57,-64,-61,-57,-52,-49,-57, 1, 0
-65,-57,-64,-61,-57,-52,-49,-57, 1, 0
-65,-57,-64,-61,-57,-52,-49,-57, 1, 0
-65,-57,-64,-61,-57,-52,-49,-57, 1, 0
-65,-57,-64,-61,-57,-52,-49,-57, 1, 0
-65,-57,-64,-61,-57,-52,-49,-57, 1, 0
-65,-57,-64,-61,-57,-52,-49,-57, 1, 0
-65,-57,-64,-61,-57,-52,-49,-57, 1, 0
-65,-57,-64,-61,-57,-52,-49,-57, 1, 0
-65,-57,-64,-61,-57,-52,-49,-57, 1, 0
-65,-57,-64,-61,-57,-52,-49,-57, 1, 0
-65,-57,-64,-61,-57,-52,-49,-57, 1, 0
-65,-57,-64,-61,-57,-52,-49,-57, 1, 0
-65,-57,-64,-61,-57,-52,-49,-57, 1, 0
-65,-57,-64,-61,-57,-52,-49,-57, 1, 0
-65,-57,-64,-61,-57,-52,-49,-57, 1, 0
-65,-57,-64,-61,-57,-52,-49,-57, 1, 0
-65,-57,-64,-61,-57,-52,-49,-57, 1, 0
-65,-57,-64,-61,-57,-52,-49,-57, 1, 0
-65,-57,-64,-61,-57,-52,-49,-57, 1, 0
-65,-57,-64,-61,-57,-52,-49,-57, 1, 0
-65,-57,-64,-61,-57,-52,-49,-57, 1, 0
-65,-57,-64,-61,-57,-52,-49,-57, 1, 0
-65,-57,-64,-61,-57,-52,-49,-57, 1, 0
-65,-57,-64,-61,-57,-52,-49,-57, 1, 0
-65,-57,-64,-61,-57,-52,-49,-57, 1, 0
-65,-57,-64,-61,-57,-52,-49,-57, 1, 0
-65,-57,-64,-61,-57,-52,-49,-57, 1, 0
-65,-57,-64,-61,-57,-52,-49,-57, 1, 0
-65,-57,-64,-61,-57,-52,-49,-57, 1, 0
-65,-57,-64,-61,-57,-52,-49,-57, 1, 0
-65,-57,-64,-61,-57,-52,-49,-57, 1, 0
-65,-57,-64,-61,-57,-52,-49,-57, 1, 0
-65,-57,-64,-61,-57,-52,-49,-57, 1, 0
-65,-57,-64,-61,-57,-52,-49,-57, 1, 0
-65,-57,-64,-61,-57,-52,-49,-57, 1, 0
-65,-57,-64,-61,-57,-52,-49,-57, 1, 0
-65,-57,-64,-61,-57,-52,-49,-57, 1, 0
-65,-57,-64,-61,-57,-52,-49,-57, 1, 0
-65,-57,-64,-61,-57,-52,-49,-57, 1, 0
-65,-57,-64,-61,-57,-52,-49,-57, 1, 0
-65,-57,-64,-61,-57,-52,-49,-57, 1, 0
-65,-57,-64,-61,-57,-52,-49,-57, 1, 0
-65,-57,-64,-61,-57,-52,-49,-57, 1, 0
-65,-57,-64,-61,-57,-52,-49,-57, 1, 0
-65,-57,-64,-61,-57,-52,-49,-57, 1, 0
-65,-57,-64,-61,-57,-52,-49,-57, 1, 0
-65,-57,-64,-61,-57,-52,-49,-57, 1, 0
-65,-57,-64,-61,-57,-52,-49,-57, 1, 0
-65,-57,-64,-61,-57,-52,-49,-57, 1, 0
-65,-57,-64,-61,-57,-52,-49,-57, 1, 0
-65,-57,-64,-61,-57,-52,-49,-57, 1, 0
-65,-57,-64,-61,-57,-52,-49,-57, 1, 0
-65,-57,-64,-61,-57,-52,-49,-57, 1, 0
-65,-57,-64,-61,-57,-52,-49,-57, 1, 0
-65,-57,-64,-61,-57,-52,-49,-57, 1, 0
-65,-57,-64,-61,-57,-52,-49,-57, 1, 0
-65,-57,-64,-61,-65,-52,-49,-57, 1, 0
-65,-57,-64,-61,-65,-52,-49,-57, 1, 0
-65,-57,-64,-61,-65,-52,-49,-57, 1, 0
-65,-57,-64,-61,-65,-52,-49,-57, 1, 0
-65,-57,-64,-61,-65,-52,-49,-57, 1, 0
-65,-57,-64,-61,-65,-52,-49,-57, 1, 0
-65,-57,-64,-61,-65,-52,-49,-57, 1, 0
-65,-57,-64,-61,-65,-52,-49,-57, 1, 0
-65,-57,-64,-61,-65,-52,-49,-57, 1, 0
-65,-57,-64,-61,-65,-52,-49,-57, 1, 0
-65,-57,-64,-61,-65,-52,-49,-57, 1, 0
-65,-57,-64,-61,-65,-52,-49,-57, 1, 0
-65,-57,-64,-61,-65,-52,-49,-57, 1, 0
-65,-57,-64,-61,-65,-52,-49,-57, 1, 0
-65,-57,-64,-61,-65,-52,-49,-57, 1, 0
-65,-57,-64,-61,-65,-52,-49,-57, 1, 0
-65,-57,-64,-61,-65,-52,-49,-57, 1, 0
-65,-57,-64,-61,-65,-52,-49,-57, 1, 0
-65,-57,-64,-61,-65,-52,-49,-57, 1, 0
-65,-57,-64,-61,-65,-52,-49,-57, 1, 0
-65,-57,-64,-61,-65,-52,-49,-57, 1, 0
-65,-57,-64,-61,-65,-52,-49,-57, 1, 0
-65,-57,-64,-61,-65,-52,-49,-57, 1, 0
-65,-57,-64,-61,-65,-52,-49,-57, 1, 0
-65,-57,-64,-61,-65,-52,-49,-57, 1, 0
-65,-57,-64,-61,-65,-52,-49,-57, 1, 0
-65,-57,-64,-61,-65,-52,-49,-57, 1, 0
-65,-57,-64,-61,-65,-52,-49,-57, 1, 0
-65,-57,-64,-61,-65,-52,-49,-57, 1, 0
-65,-57,-64,-61,-65,-52,-49,-57, 1, 0
-65,-57,-64,-61,-65,-52,-49,-57, 1, 0
-65,-57,-64,-61,-65,-52,-49,-57, 1, 0
-65,-57,-64,-61,-65,-52,-49,-57, 1, 0
-65,-57,-64,-61,-65,-52,-49,-57, 1, 0
-65,-57,-64,-61,-65,-52,-49,-57, 1, 0
-65,-57,-64,-61,-65,-52,-49,-57, 1, 0
-65,-57,-64,-61,-65,-52,-49,-57, 1, 0
-65,-57,-64,-61,-65,-52,-49,-57, 1, 0
-65,-57,-64,-61,-65,-52,-49,-57, 1, 0
-65,-57,-64,-61,-65,-52,-49,-57, 1, 0
-65,-57,-64,-61,-65,-52,-49,-57, 1, 0
-65,-57,-64,-61,-65,-52,-49,-57, 1, 0
-65,-57,-64,-61,-65,-52,-49,-57, 1, 0
-65,-57,-64,-61,-65,-52,-49,-57, 1, 0
-65,-57,-64,-61,-65,-52,-49,-57, 1, 0
-65,-57,-64,-61,-65,-52,-49,-57, 1, 0
-65,-57,-64,-61,-65,-52,-49,-57, 1, 0
-65,-57,-64,-61,-65,-52,-49,-57, 1, 0
-65,-57,-64,-61,-65,-52,-49,-57, 1, 0
-65,-57,-64,-61,-65,-52,-49,-57, 1, 0
-65,-57,-64,-61,-65,-52,-49,-57, 1, 0
-65,-57,-64,-61,-65,-52,-49,-57, 1, 0
-65,-57,-64,-61,-65,-52,-49,-57, 1, 0
-65,-57,-64,-61,-65,-52,-49,-57, 1, 0
-65,-57,-64,-61,-65,-52,-49,-57, 1, 0
-65,-57,-64,-61,-65,-52,-49,-57, 1, 0
-65,-57,-64,-61,-65,-52,-49,-57, 1, 0
-65,-57,-64,-61,-65,-52,-49,-57, 1, 0
-65,-57,-64,-61,-65,-52,-49,-57, 1, 0
-65,-57,-64,-61,-65,-52,-49,-57, 1, 0
-65,-57,-64,-61,-65,-52,-49,-57, 1, 0
-65,-57,-64,-61,-65,-52,-49,-57, 1, 0
-65,-57,-64,-61,-65,-52,-49,-57, 1, 0
-65,-57,-64,-61,-65,-52,-49,-57, 1, 0
-65,-57,-64,-61,-65,-52,-49,-57, 1, 0
-65,-57,-64,-61,-65,-52,-49,-57, 1, 0
-65,-57,-64,-61,-65,-52,-49,-57, 1, 0
-65,-57,-64,-61,-65,-52,-49,-57, 1, 0
-65,-57,-64,-61,-65,-52,-49,-57, 1, 0
-65,-57,-64,-61,-65,-52,-49,-57, 1, 0
-65,-57,-64,-61,-65,-52,-49,-57, 1, 0
-65,-57,-64,-61,-65,-52,-49,-57, 1, 0
-65,-57,-64,-61,-65,-52,-49,-57, 1, 0
-65,-57,-64,-61,-65,-52,-49,-57, 1, 0
-65,-57,-64,-61,-65,-52,-49,-57, 1, 0
-65,-57,-64,-61,-65,-52,-49,-63, 1, 0
-65,-57,-64,-61,-65,-52,-49,-63, 1, 0
-65,-57,-64,-61,-65,-52,-49,-63, 1, 0
-65,-57,-64,-61,-65,-52,-49,-63, 1, 0
-65,-57,-64,-61,-65,-52,-49,-63, 1, 0
-65,-57,-64,-61,-65,-52,-49,-63, 1, 0
-65,-57,-64,-61,-65,-52,-49,-63, 1, 0
-65,-57,-64,-61,-65,-52,-49,-63, 1, 0
-65,-57,-64,-61,-65,-52,-49,-63, 1, 0
-58,-57,-64,-61,-65,-52,-49,-63, 1, 0
-58,-57,-64,-61,-65,-52,-49,-63, 1, 0
-58,-57,-64,-61,-65,-52,-49,-63, 1, 0
-58,-57,-64,-61,-65,-52,-49,-63, 1, 0
-58,-57,-64,-61,-65,-52,-49,-63, 1, 0
-58,-57,-64,-61,-65,-52,-49,-63, 1, 0
-58,-57,-64,-61,-65,-52,-49,-63, 1, 0
-58,-57,-64,-61,-65,-52,-49,-63, 1, 0
-58,-57,-64,-61,-65,-52,-49,-63, 1, 0
-58,-57,-64,-61,-65,-52,-49,-63, 1, 0
-58,-57,-64,-61,-65,-52,-49,-63, 1, 0
-58,-57,-64,-61,-65,-52,-49,-63, 1, 0
-58,-57,-64,-61,-65,-52,-49,-63, 1, 0
-58,-57,-64,-61,-65,-52,-49,-63, 1, 0
-58,-57,-64,-61,-65,-52,-49,-63, 1, 0
-58,-57,-64,-61,-65,-52,-49,-63, 1, 0
-58,-57,-64,-61,-65,-52,-49,-63, 1, 0
-58,-57,-64,-61,-65,-52,-49,-63, 1, 0
-58,-57,-64,-61,-65,-52,-49,-63, 1, 0
-58,-57,-64,-61,-65,-52,-49,-63, 1, 0
-58,-57,-64,-61,-65,-52,-49,-63, 1, 0
-58,-57,-64,-61,-65,-52,-49,-63, 1, 0
-58,-57,-64,-61,-65,-52,-49,-63, 1, 0
-58,-57,-64,-61,-65,-52,-49,-63, 1, 0
-58,-57,-64,-61,-65,-52,-49,-63, 1, 0
-58,-57,-64,-61,-65,-52,-49,-63, 1, 0
-58,-57,-64,-61,-65,-52,-49,-63, 1, 0
-58,-57,-64,-61,-65,-52,-49,-63, 1, 0
-58,-57,-64,-61,-65,-52,-49,-63, 1, 0
-58,-57,-64,-61,-65,-52,-49,-63, 1, 0
-58,-57,-64,-61,-65,-52,-49,-63, 1, 0
-58,-57,-64,-61,-65,-52,-49,-63, 1, 0
-58,-57,-64,-61,-65,-52,-49,-63, 1, 0
-58,-57,-64,-61,-65,-52,-49,-63, 1, 0
-58,-57,-64,-61,-65,-52,-49,-63, 1, 0
-58,-57,-64,-64,-65,-52,-49,-63, 1, 0
-58,-57,-64,-64,-65,-52,-49,-63, 1, 0
-58,-57,-64,-64,-65,-52,-49,-63, 1, 0
-58,-57,-64,-64,-65,-52,-49,-63, 1, 0
-58,-57,-64,-64,-65,-52,-49,-63, 1, 0
-58,-57,-64,-64,-65,-52,-49,-63, 1, 0
-58,-57,-64,-64,-65,-52,-49,-63, 1, 0
-58,-57,-64,-64,-65,-52,-49,-63, 1, 0
-58,-57,-64,-64,-65,-52,-49,-63, 1, 0
-58,-57,-64,-64,-65,-52,-49,-63, 1, 0
-58,-57,-64,-64,-65,-52,-49,-63, 1, 0
-58,-57,-64,-64,-65,-52,-49,-63, 1, 0
-58,-57,-64,-64,-65,-52,-49,-63, 1, 0
-58,-57,-64,-64,-65,-52,-49,-63, 1, 0
-58,-57,-64,-64,-65,-52,-49,-63, 1, 0
-58,-57,-64,-64,-65,-52,-49,-63, 1, 0
-58,-57,-64,-64,-65,-52,-49,-63, 1, 0
-58,-57,-64,-64,-65,-52,-49,-63, 1, 0
-58,-57,-64,-64,-65,-52,-49,-63, 1, 0
-58,-57,-64,-64,-65,-52,-49,-63, 1, 0
-58,-57,-64,-64,-65,-52,-49,-63, 1, 0
-58,-57,-64,-64,-65,-52,-49,-63, 1, 0
-58,-57,-64,-64,-65,-52,-49,-63, 1, 0
-58,-57,-64,-64,-65,-52,-49,-63, 1, 0
-58,-57,-64,-64,-65,-52,-49,-63, 1, 0
-58,-57,-64,-64,-65,-52,-49,-63, 1, 0
-58,-57,-64,-64,-65,-52,-49,-63, 1, 0
-58,-57,-64,-64,-65,-52,-49,-63, 1, 0
-58,-57,-64,-64,-65,-52,-49,-63, 1, 0
-58,-57,-64,-64,-65,-52,-49,-63, 1, 0
-58,-57,-64,-64,-65,-52,-49,-63, 1, 0
-58,-57,-64,-64,-65,-52,-49,-63, 1, 0
-58,-57,-64,-64,-65,-52,-49,-63, 1, 0
-58,-57,-64,-64,-65,-52,-49,-63, 1, 0
-58,-57,-64,-64,-65,-52,-49,-63, 1, 0
-58,-57,-64,-64,-65,-52,-49,-63, 1, 0
-58,-57,-64,-64,-65,-52,-49,-63, 1, 0
-58,-57,-64,-64,-65,-52,-49,-63, 1, 0
-58,-57,-64,-64,-65,-52,-49,-63, 1, 0
-58,-57,-64,-64,-65,-52,-49,-63, 1, 0
-58,-57,-64,-64,-65,-52,-49,-63, 1, 0
-58,-57,-64,-64,-65,-52,-49,-63, 1, 0
-58,-57,-64,-64,-65,-52,-49,-63, 1, 0
-58,-57,-64,-64,-65,-52,-49,-63, 1, 0
-58,-57,-64,-64,-65,-52,-49,-63, 1, 0
-58,-57,-64,-64,-65,-52,-49,-63, 1, 0
-58,-57,-64,-64,-65,-52,-49,-63, 1, 0
-58,-57,-64,-64,-65,-52,-49,-63, 1, 0
-58,-57,-64,-64,-65,-52,-49,-63, 1, 0
-58,-57,-64,-64,-65,-52,-49,-63, 1, 0
-58,-57,-64,-64,-65,-52,-49,-63, 1, 0
-58,-57,-64,-64,-65,-52,-49,-63, 1, 0
-58,-57,-64,-64,-65,-52,-49,-63, 1, 0
-58,-57,-64,-64,-65,-52,-49,-63, 1, 0
-58,-57,-64,-64,-65,-52,-49,-63, 1, 0
-58,-57,-64,-64,-65,-52,-49,-63, 1, 0
-58,-57,-64,-64,-65,-52,-49,-63, 1, 0
-58,-57,-64,-64,-65,-52,-49,-63, 1, 0
-58,-57,-64,-64,-65,-52,-49,-63, 1, 0
-58,-57,-64,-64,-65,-52,-49,-63, 1, 0
-58,-57,-64,-64,-65,-52,-49,-63, 1, 0
-58,-57,-64,-64,-65,-52,-49,-63, 1, 0
-58,-57,-64,-64,-65,-52,-49,-63, 1, 0
-58,-57,-64,-64,-65,-52,-49,-63, 1, 0
-58,-57,-64,-64,-65,-52,-49,-63, 1, 0
-58,-57,-64,-64,-65,-52,-49,-63, 1, 0
-58,-57,-64,-64,-65,-52,-49,-63, 1, 0
-58,-57,-64,-64,-65,-52,-49,-63, 1, 0
-58,-57,-64,-64,-65,-52,-49,-63, 1, 0
-58,-57,-64,-64,-65,-52,-49,-63, 1, 0
-58,-57,-64,-64,-65,-52,-49,-63, 1, 0
-58,-57,-64,-64,-65,-52,-49,-63, 1, 0
-58,-57,-64,-64,-65,-52,-49,-63, 1, 0
-58,-57,-64,-64,-65,-52,-49,-63, 1, 0
-58,-57,-64,-64,-65,-52,-49,-63, 1, 0
-58,-57,-64,-64,-65,-52,-49,-63, 1, 0
-58,-57,-64,-64,-65,-52,-49,-63, 1, 0
-58,-57,-64,-64,-65,-52,-49,-63, 1, 0
-58,-57,-64,-64,-65,-52,-49,-63, 1, 0
-58,-57,-64,-64,-65,-52,-49,-63, 1, 0
-58,-57,-64,-64,-65,-52,-49,-63, 1, 0
-58,-57,-64,-64,-65,-52,-49,-63, 1, 0
-58,-57,-64,-64,-65,-52,-49,-63, 1, 0
-58,-57,-64,-64,-65,-52,-49,-63, 1, 0
-58,-57,-64,-64,-65,-52,-49,-63, 1, 0
-58,-57,-64,-64,-65,-52,-49,-63, 1, 0
-58,-57,-64,-64,-65,-52,-49,-63, 1, 0
-58,-57,-64,-64,-65,-52,-49,-63, 1, 0
-58,-57,-64,-64,-65,-52,-49,-63, 1, 0
-58,-57,-64,-64,-57,-52,-49,-63, 1, 0
-58,-57,-64,-64,-57,-52,-49,-63, 1, 0
-58,-57,-64,-64,-57,-52,-49,-63, 1, 0
-58,-57,-64,-64,-57,-52,-49,-63, 1, 0
-58,-57,-64,-64,-57,-52,-49,-63, 1, 0
-58,-57,-64,-64,-57,-52,-49,-63, 1, 0
-58,-57,-64,-64,-57,-52,-49,-63, 1, 0
-58,-57,-64,-64,-57,-52,-49,-63, 1, 0
-58,-57,-64,-64,-57,-52,-49,-63, 1, 0
-58,-57,-64,-64,-57,-52,-49,-63, 1, 0
-58,-57,-64,-64,-57,-52,-49,-63, 1, 0
-58,-57,-64,-64,-57,-52,-49,-63, 1, 0
-58,-57,-64,-64,-57,-52,-49,-63, 1, 0
-58,-57,-64,-64,-57,-52,-49,-63, 1, 0
-58,-57,-64,-64,-57,-52,-49,-63, 1, 0
-58,-57,-64,-64,-57,-52,-49,-63, 1, 0
-58,-57,-64,-64,-57,-52,-49,-63, 1, 0
-58,-57,-64,-64,-57,-52,-49,-63, 1, 0
-58,-57,-64,-64,-57,-52,-49,-63, 1, 0
-58,-57,-64,-64,-57,-52,-49,-63, 1, 0
-58,-57,-64,-64,-57,-52,-49,-63, 1, 0
-58,-57,-64,-64,-57,-52,-49,-63, 1, 0
-58,-57,-64,-64,-57,-52,-49,-63, 1, 0
-58,-57,-64,-64,-57,-52,-49,-63, 1, 0
-58,-57,-64,-64,-57,-52,-49,-63, 1, 0
-58,-57,-64,-64,-57,-52,-49,-63, 1, 0
-58,-57,-64,-64,-57,-52,-49,-63, 1, 0
-58,-57,-64,-64,-57,-52,-49,-63, 1, 0
-58,-57,-64,-64,-57,-52,-49,-63, 1, 0
-58,-57,-64,-64,-57,-52,-49,-63, 1, 0
-58,-57,-65,-64,-57,-52,-49,-63, 1, 0
-58,-57,-65,-64,-57,-52,-49,-63, 1, 0
-58,-57,-65,-64,-57,-52,-49,-63, 1, 0
-58,-57,-65,-64,-57,-52,-49,-63, 1, 0
-58,-57,-65,-64,-57,-52,-49,-63, 1, 0
-58,-57,-65,-64,-57,-52,-49,-63, 1, 0
-58,-57,-65,-64,-57,-52,-49,-63, 1, 0
-58,-57,-65,-64,-57,-52,-49,-63, 1, 0
-58,-57,-65,-64,-57,-52,-49,-63, 1, 0
-58,-57,-65,-64,-57,-52,-49,-63, 1, 0
-58,-57,-65,-64,-57,-52,-49,-63, 1, 0
-58,-57,-65,-64,-57,-52,-49,-63, 1, 0
-58,-57,-65,-64,-57,-52,-49,-63, 1, 0
-58,-57,-65,-64,-57,-52,-49,-63, 1, 0
-58,-57,-65,-64,-57,-52,-49,-63, 1, 0
-58,-57,-65,-64,-57,-52,-49,-63, 1, 0
-58,-57,-65,-64,-57,-52,-49,-63, 1, 0
-58,-57,-65,-64,-57,-52,-49,-63, 1, 0
-58,-57,-65,-64,-57,-52,-49,-63, 1, 0
-58,-57,-65,-64,-57,-52,-49,-63, 1, 0
-58,-57,-65,-64,-57,-52,-49,-63, 1, 0
-58,-57,-65,-64,-57,-52,-49,-63, 1, 0
-58,-57,-65,-64,-57,-52,-49,-63, 1, 0
-58,-57,-65,-64,-57,-52,-49,-63, 1, 0
-58,-57,-65,-64,-57,-52,-49,-63, 1, 0
-58,-57,-65,-64,-57,-52,-49,-63, 1, 0
-58,-57,-65,-64,-57,-52,-49,-63, 1, 0
-58,-57,-65,-64,-57,-52,-49,-63, 1, 0
-58,-57,-65,-64,-57,-52,-49,-63, 1, 0
-58,-57,-65,-64,-57,-52,-49,-63, 1, 0
-58,-57,-65,-64,-57,-52,-49,-63, 1, 0
-58,-57,-65,-64,-57,-52,-49,-63, 1, 0
-58,-57,-65,-64,-57,-52,-49,-63, 1, 0
-58,-57,-65,-64,-57,-52,-49,-63, 1, 0
-58,-57,-65,-64,-57,-52,-49,-63, 1, 0
-58,-57,-65,-64,-57,-52,-49,-63, 1, 0
-58,-57,-65,-64,-57,-52,-49,-63, 1, 0
-58,-57,-65,-64,-57,-52,-49,-63, 1, 0
-58,-57,-65,-64,-57,-52,-49,-63, 1, 0
-58,-57,-65,-64,-57,-52,-49,-63, 1, 0
-58,-57,-65,-64,-57,-52,-49,-63, 1, 0
-58,-57,-65,-64,-57,-52,-49,-63, 1, 0
-58,-57,-65,-64,-57,-52,-49,-63, 1, 0
-58,-57,-65,-64,-57,-52,-49,-63, 1, 0
-58,-57,-65,-64,-57,-52,-49,-63, 1, 0
-58,-57,-65,-64,-57,-52,-49,-63, 1, 0
-58,-57,-65,-64,-57,-52,-49,-63, 1, 0
-58,-57,-65,-64,-57,-52,-49,-63, 1, 0
-58,-57,-65,-64,-57,-52,-49,-63, 1, 0
-58,-57,-65,-64,-57,-52,-49,-63, 1, 0
-58,-57,-65,-64,-57,-52,-49,-63, 1, 0
-58,-57,-65,-64,-57,-52,-49,-63, 1, 0
-58,-57,-65,-64,-57,-52,-49,-63, 1, 0
-58,-57,-65,-64,-57,-52,-49,-63, 1, 0
-58,-57,-65,-64,-57,-52,-49,-63, 1, 0
-58,-57,-65,-64,-57,-52,-49,-63, 1, 0
-58,-57,-65,-64,-57,-52,-49,-63, 1, 0
-58,-57,-65,-64,-57,-52,-49,-63, 1, 0
-58,-57,-65,-64,-57,-52,-49,-63, 1, 0
-58,-57,-65,-64,-57,-52,-49,-63, 1, 0
-58,-57,-65,-64,-57,-52,-49,-63, 1, 0
-58,-57,-65,-64,-57,-52,-49,-63, 1, 0
-58,-57,-65,-64,-57,-52,-49,-63, 1, 0
-58,-57,-65,-64,-57,-52,-49,-63, 1, 0
-58,-57,-65,-64,-57,-52,-49,-63, 1, 0
-58,-57,-65,-64,-57,-52,-49,-63, 1, 0
-58,-57,-65,-64,-57,-52,-49,-63, 1, 0
-58,-57,-65,-64,-57,-52,-49,-63, 1, 0
-58,-57,-65,-64,-57,-52,-49,-63, 1, 0
-58,-57,-65,-64,-57,-52,-49,-63, 1, 0
-58,-57,-65,-64,-57,-52,-49,-63, 1, 0
-58,-57,-65,-64,-57,-52,-49,-63, 1, 0
-58,-57,-65,-64,-57,-52,-49,-63, 1, 0
-58,-57,-65,-64,-57,-52,-49,-63, 1, 0
-58,-57,-65,-64,-57,-52,-49,-63, 1, 0
-58,-57,-65,-64,-57,-52,-49,-63, 1, 0
-58,-57,-65,-64,-57,-52,-49,-63, 1, 0
-58,-57,-65,-64,-57,-52,-49,-63, 1, 0
-58,-57,-65,-64,-57,-52,-49,-63, 1, 0
-58,-57,-65,-64,-57,-52,-49,-63, 1, 0
-58,-57,-65,-64,-57,-52,-49,-63, 1, 0
-58,-57,-65,-64,-57,-52,-49,-63, 1, 0
-58,-57,-65,-64,-57,-52,-49,-63, 1, 0
-58,-57,-65,-64,-57,-52,-49,-63, 1, 0
-58,-57,-65,-64,-57,-52,-49,-63, 1, 0
-58,-57,-65,-64,-57,-52,-49,-63, 1, 0
-58,-57,-65,-64,-57,-52,-49,-63, 1, 0
-58,-57,-65,-64,-57,-52,-49,-63, 1, 0
-58,-57,-65,-64,-57,-52,-49,-63, 1, 0
-58,-57,-65,-64,-57,-52,-49,-63, 1, 0
-58,-57,-65,-64,-57,-52,-49,-63, 1, 0
-58,-57,-65,-64,-57,-53,-49,-63, 1, 0
-58,-57,-65,-64,-57,-53,-49,-63, 1, 0
-58,-57,-65,-64,-57,-53,-49,-63, 1, 0
-58,-57,-65,-64,-57,-53,-49,-63, 1, 0
-58,-57,-65,-64,-57,-53,-49,-63, 1, 0
-58,-57,-65,-64,-57,-53,-49,-63, 1, 0
-58,-57,-65,-64,-57,-53,-49,-63, 1, 0
-58,-57,-65,-64,-57,-53,-49,-63, 1, 0
-58,-57,-65,-64,-57,-53,-49,-63, 1, 0
-58,-57,-65,-64,-57,-53,-49,-63, 1, 0
-58,-57,-65,-64,-57,-53,-49,-63, 1, 0
-58,-57,-65,-64,-57,-53,-49,-63, 1, 0
-58,-57,-65,-64,-57,-53,-49,-63, 1, 0
-58,-57,-65,-64,-57,-53,-49,-63, 1, 0
-58,-57,-65,-64,-57,-53,-49,-63, 1, 0
-58,-57,-65,-64,-57,-53,-49,-63, 1, 0
-58,-57,-65,-64,-57,-53,-49,-63, 1, 0
-58,-57,-65,-64,-57,-53,-49,-63, 1, 0
-58,-57,-65,-64,-57,-53,-49,-63, 1, 0
-58,-57,-65,-64,-57,-53,-49,-63, 1, 0
-58,-57,-65,-64,-57,-53,-49,-63, 1, 0
-58,-57,-65,-64,-57,-53,-49,-63, 1, 0
-58,-57,-65,-64,-57,-53,-49,-63, 1, 0
-58,-57,-65,-64,-57,-53,-49,-63, 1, 0
-58,-57,-65,-64,-57,-53,-49,-63, 1, 0
-58,-57,-65,-64,-57,-53,-49,-63, 1, 0
-58,-57,-65,-64,-57,-53,-49,-63, 1, 0
-58,-57,-65,-64,-57,-53,-49,-63, 1, 0
-58,-57,-65,-64,-57,-53,-49,-63, 1, 0
-58,-57,-65,-64,-57,-53,-49,-63, 1, 0
-58,-57,-65,-64,-57,-53,-49,-63, 1, 0
-58,-57,-65,-64,-57,-53,-49,-63, 1, 0
-58,-57,-65,-64,-57,-53,-49,-63, 1, 0
-58,-57,-65,-64,-57,-53,-49,-63, 1, 0
-58,-57,-65,-64,-57,-53,-49,-63, 1, 0
-58,-57,-65,-64,-57,-53,-49,-63, 1, 0
-58,-57,-65,-64,-57,-53,-49,-63, 1, 0
-58,-57,-65,-64,-57,-53,-49,-63, 1, 0
-58,-57,-65,-64,-57,-53,-49,-63, 1, 0
-58,-57,-65,-64,-57,-53,-49,-63, 1, 0
-58,-57,-65,-64,-57,-53,-49,-63, 1, 0
-58,-57,-65,-64,-57,-53,-49,-63, 1, 0
-58,-57,-65,-64,-57,-53,-49,-63, 1, 0
-58,-57,-65,-64,-57,-53,-49,-63, 1, 0
-58,-57,-65,-64,-57,-53,-49,-63, 1, 0
-58,-57,-65,-64,-57,-53,-49,-63, 1, 0
-58,-57,-65,-64,-57,-53,-49,-63, 1, 0
-58,-57,-65,-64,-57,-53,-49,-63, 1, 0
-58,-57,-65,-64,-57,-53,-49,-63, 1, 0
-58,-57,-65,-64,-57,-53,-49,-63, 1, 0
-58,-57,-65,-64,-57,-53,-49,-63, 1, 0
-58,-57,-65,-64,-57,-53,-49,-63, 1, 0
-58,-57,-65,-64,-57,-53,-49,-63, 1, 0
-58,-57,-65,-64,-57,-53,-49,-63, 1, 0
-58,-57,-65,-64,-57,-53,-49,-63, 1, 0
-58,-57,-65,-64,-57,-53,-49,-63, 1, 0
-58,-57,-65,-64,-57,-53,-49,-63, 1, 0
-58,-57,-65,-64,-57,-53,-49,-63, 1, 0
-58,-57,-65,-64,-57,-53,-49,-56, 1, 0
-58,-57,-65,-64,-57,-53,-49,-56, 1, 0
-58,-57,-65,-64,-57,-53,-49,-56, 1, 0
-58,-57,-65,-64,-57,-53,-49,-56, 1, 0
-58,-57,-65,-64,-57,-53,-49,-56, 1, 0
-58,-57,-65,-64,-57,-53,-49,-56, 1, 0
-58,-57,-65,-64,-57,-53,-49,-56, 1, 0
-58,-57,-65,-64,-57,-53,-49,-56, 1, 0
-58,-57,-65,-64,-57,-53,-49,-56, 1, 0
-58,-57,-65,-64,-57,-53,-49,-56, 1, 0
-58,-57,-65,-64,-57,-53,-49,-56, 1, 0
-58,-57,-65,-64,-57,-53,-49,-56, 1, 0
-58,-57,-65,-64,-57,-53,-49,-56, 1, 0
-58,-57,-65,-64,-57,-53,-49,-56, 1, 0
-58,-57,-65,-64,-57,-53,-49,-56, 1, 0
-58,-57,-65,-64,-57,-53,-52,-56, 1, 0
-58,-57,-65,-64,-57,-53,-52,-56, 1, 0
-58,-57,-65,-64,-57,-53,-52,-56, 1, 0
-58,-57,-65,-64,-57,-53,-52,-56, 1, 0
-58,-57,-65,-64,-57,-53,-52,-56, 1, 0
-58,-57,-65,-64,-57,-53,-52,-56, 1, 0
-58,-57,-65,-64,-57,-53,-52,-56, 1, 0
-58,-57,-65,-64,-57,-53,-52,-56, 1, 0
-58,-57,-65,-64,-57,-53,-52,-56, 1, 0
-58,-57,-65,-64,-57,-53,-52,-56, 1, 0
-58,-57,-65,-64,-57,-53,-52,-56, 1, 0
-58,-57,-65,-64,-57,-53,-52,-56, 1, 0
-58,-57,-65,-64,-57,-53,-52,-56, 1, 0
-58,-57,-65,-64,-57,-53,-52,-56, 1, 0
-58,-57,-65,-64,-57,-53,-52,-56, 1, 0
-58,-57,-65,-64,-57,-53,-52,-56, 1, 0
-58,-57,-65,-64,-57,-53,-52,-56, 1, 0
-58,-57,-65,-64,-57,-53,-52,-56, 1, 0
-58,-57,-65,-64,-57,-53,-52,-56, 1, 0
-58,-57,-65,-64,-57,-53,-52,-56, 1, 0
-58,-57,-63,-64,-57,-53,-52,-56, 1, 0
-58,-57,-63,-64,-57,-53,-52,-56, 1, 0
-58,-57,-63,-64,-57,-53,-52,-56, 1, 0
-58,-57,-63,-64,-57,-53,-52,-56, 1, 0
-58,-57,-63,-64,-57,-53,-52,-56, 1, 0
-58,-57,-63,-64,-57,-53,-52,-56, 1, 0
-58,-57,-63,-64,-57,-53,-52,-56, 1, 0
-58,-57,-63,-64,-57,-53,-52,-56, 1, 0
-58,-57,-63,-64,-57,-53,-52,-56, 1, 0
-58,-57,-63,-64,-57,-53,-52,-56, 1, 0
-58,-57,-63,-64,-57,-53,-52,-56, 1, 0
-58,-57,-63,-64,-57,-53,-52,-56, 1, 0
-58,-57,-63,-64,-57,-53,-52,-56, 1, 0
-58,-57,-63,-64,-57,-53,-52,-56, 1, 0